GAU88834.1	18330a2b40811822ac1931f273f66efa	112	MobiDBLite	mobidb-lite	consensus disorder prediction	91	112	-	T	22-04-2026	-	-	-	-
GAV05038.1	b3e72daf1cb7d6f2b47b42ee2b1945e3	97	MobiDBLite	mobidb-lite	consensus disorder prediction	44	97	-	T	22-04-2026	-	-	-	-
GAV05038.1	b3e72daf1cb7d6f2b47b42ee2b1945e3	97	MobiDBLite	mobidb-lite	consensus disorder prediction	52	84	-	T	22-04-2026	-	-	-	-
GAV09781.1	5ec0a5a965b64ac07ee1b2fa6816e5c7	348	PANTHER	PTHR11814	SULFATE TRANSPORTER	1	252	6.9E-44	T	22-04-2026	IPR001902	SLC26A/SulP transporter	-	-
GAV09781.1	5ec0a5a965b64ac07ee1b2fa6816e5c7	348	ProSiteProfiles	PS50801	STAS domain profile.	81	250	23.92421	T	22-04-2026	IPR002645	STAS domain	-	-
GAV09781.1	5ec0a5a965b64ac07ee1b2fa6816e5c7	348	SUPERFAMILY	SSF52091	SpoIIaa-like	87	250	7.26E-16	T	22-04-2026	IPR036513	STAS domain superfamily	-	-
GAV09781.1	5ec0a5a965b64ac07ee1b2fa6816e5c7	348	CDD	cd07042	STAS_SulP_like_sulfate_transporter	82	243	9.04967E-18	T	22-04-2026	-	-	-	-
GAV09781.1	5ec0a5a965b64ac07ee1b2fa6816e5c7	348	Gene3D	G3DSA:3.30.750.24	STAS domain	61	254	2.1E-39	T	22-04-2026	IPR036513	STAS domain superfamily	-	-
GAV09781.1	5ec0a5a965b64ac07ee1b2fa6816e5c7	348	Pfam	PF01740	STAS domain	83	246	9.1E-14	T	22-04-2026	IPR002645	STAS domain	-	-
GAV03348.1	ad10e0a59d231a920b776b090544e69e	297	ProSiteProfiles	PS50106	PDZ domain profile.	24	109	15.5412	T	22-04-2026	IPR001478	PDZ domain	-	-
GAV03348.1	ad10e0a59d231a920b776b090544e69e	297	Pfam	PF00595	PDZ domain	134	198	3.1E-9	T	22-04-2026	IPR001478	PDZ domain	-	-
GAV03348.1	ad10e0a59d231a920b776b090544e69e	297	Pfam	PF00595	PDZ domain	34	105	2.7E-5	T	22-04-2026	IPR001478	PDZ domain	-	-
GAV03348.1	ad10e0a59d231a920b776b090544e69e	297	SUPERFAMILY	SSF50156	PDZ domain-like	121	209	1.12E-19	T	22-04-2026	IPR036034	PDZ superfamily	-	-
GAV03348.1	ad10e0a59d231a920b776b090544e69e	297	CDD	cd00992	PDZ_signaling	125	204	1.78614E-15	T	22-04-2026	IPR001478	PDZ domain	-	-
GAV03348.1	ad10e0a59d231a920b776b090544e69e	297	Gene3D	G3DSA:2.30.42.10	-	6	112	3.3E-19	T	22-04-2026	IPR036034	PDZ superfamily	-	-
GAV03348.1	ad10e0a59d231a920b776b090544e69e	297	ProSiteProfiles	PS50106	PDZ domain profile.	126	208	18.7773	T	22-04-2026	IPR001478	PDZ domain	-	-
GAV03348.1	ad10e0a59d231a920b776b090544e69e	297	SUPERFAMILY	SSF50156	PDZ domain-like	19	119	3.02E-20	T	22-04-2026	IPR036034	PDZ superfamily	-	-
GAV03348.1	ad10e0a59d231a920b776b090544e69e	297	Gene3D	G3DSA:2.30.42.10	-	116	211	1.4E-20	T	22-04-2026	IPR036034	PDZ superfamily	-	-
GAV03348.1	ad10e0a59d231a920b776b090544e69e	297	SMART	SM00228	pdz_new	136	208	6.0E-16	T	22-04-2026	IPR001478	PDZ domain	-	-
GAV03348.1	ad10e0a59d231a920b776b090544e69e	297	SMART	SM00228	pdz_new	34	109	1.7E-14	T	22-04-2026	IPR001478	PDZ domain	-	-
GAV03348.1	ad10e0a59d231a920b776b090544e69e	297	CDD	cd00992	PDZ_signaling	32	106	1.85077E-14	T	22-04-2026	IPR001478	PDZ domain	-	-
GAV03348.1	ad10e0a59d231a920b776b090544e69e	297	PANTHER	PTHR19964	MULTIPLE PDZ DOMAIN PROTEIN	133	244	2.2E-27	T	22-04-2026	-	-	-	-
GAV05950.1	5c9ff66cf84bb984104cdf8c3ffa1661	120	MobiDBLite	mobidb-lite	consensus disorder prediction	51	71	-	T	22-04-2026	-	-	-	-
GAV05950.1	5c9ff66cf84bb984104cdf8c3ffa1661	120	MobiDBLite	mobidb-lite	consensus disorder prediction	40	79	-	T	22-04-2026	-	-	-	-
GAV08424.1	ab3395988edd1e425ff7b184a1caaedc	117	MobiDBLite	mobidb-lite	consensus disorder prediction	32	50	-	T	22-04-2026	-	-	-	-
GAV08424.1	ab3395988edd1e425ff7b184a1caaedc	117	MobiDBLite	mobidb-lite	consensus disorder prediction	28	105	-	T	22-04-2026	-	-	-	-
GAV08424.1	ab3395988edd1e425ff7b184a1caaedc	117	MobiDBLite	mobidb-lite	consensus disorder prediction	83	105	-	T	22-04-2026	-	-	-	-
GAV08424.1	ab3395988edd1e425ff7b184a1caaedc	117	MobiDBLite	mobidb-lite	consensus disorder prediction	66	82	-	T	22-04-2026	-	-	-	-
GAU98403.1	d6259dd9ea232dce101a15450b777a85	373	SMART	SM00213	ubq_7	30	100	3.6E-4	T	22-04-2026	IPR000626	Ubiquitin-like domain	-	-
GAU98403.1	d6259dd9ea232dce101a15450b777a85	373	Pfam	PF03031	NLI interacting factor-like phosphatase	163	326	1.0E-18	T	22-04-2026	IPR004274	FCP1 homology domain	-	-
GAU98403.1	d6259dd9ea232dce101a15450b777a85	373	NCBIfam	TIGR02245	HAD-IIID family hydrolase	143	336	3.2E-72	T	22-04-2026	IPR011943	HAD-superfamily hydrolase, subfamily IIID	-	-
GAU98403.1	d6259dd9ea232dce101a15450b777a85	373	PANTHER	PTHR48405	UBIQUITIN-LIKE DOMAIN-CONTAINING CTD PHOSPHATASE 1	19	346	1.9E-96	T	22-04-2026	-	-	-	-
GAU98403.1	d6259dd9ea232dce101a15450b777a85	373	SUPERFAMILY	SSF54236	Ubiquitin-like	28	110	6.68E-15	T	22-04-2026	IPR029071	Ubiquitin-like domain superfamily	-	-
GAU98403.1	d6259dd9ea232dce101a15450b777a85	373	MobiDBLite	mobidb-lite	consensus disorder prediction	340	373	-	T	22-04-2026	-	-	-	-
GAU98403.1	d6259dd9ea232dce101a15450b777a85	373	Gene3D	G3DSA:3.40.50.1000	-	115	343	1.9E-54	T	22-04-2026	IPR023214	HAD superfamily	-	-
GAU98403.1	d6259dd9ea232dce101a15450b777a85	373	SMART	SM00577	forpap2	161	304	6.5E-11	T	22-04-2026	IPR004274	FCP1 homology domain	-	-
GAU98403.1	d6259dd9ea232dce101a15450b777a85	373	ProSiteProfiles	PS50053	Ubiquitin domain profile.	30	87	11.180878	T	22-04-2026	IPR000626	Ubiquitin-like domain	-	-
GAU98403.1	d6259dd9ea232dce101a15450b777a85	373	Pfam	PF00240	Ubiquitin family	32	101	3.3E-5	T	22-04-2026	IPR000626	Ubiquitin-like domain	-	-
GAU98403.1	d6259dd9ea232dce101a15450b777a85	373	SUPERFAMILY	SSF56784	HAD-like	154	331	1.52E-24	T	22-04-2026	IPR036412	HAD-like superfamily	-	-
GAU98403.1	d6259dd9ea232dce101a15450b777a85	373	Gene3D	G3DSA:3.10.20.90	-	23	105	2.0E-18	T	22-04-2026	-	-	-	-
GAU98403.1	d6259dd9ea232dce101a15450b777a85	373	ProSiteProfiles	PS50969	FCP1 homology domain profile.	158	320	23.67152	T	22-04-2026	IPR004274	FCP1 homology domain	-	-
GAU91081.1	a6710ec8f8d25c5a8b4a8ea11c9bd2e7	139	MobiDBLite	mobidb-lite	consensus disorder prediction	1	48	-	T	22-04-2026	-	-	-	-
GAU91081.1	a6710ec8f8d25c5a8b4a8ea11c9bd2e7	139	MobiDBLite	mobidb-lite	consensus disorder prediction	1	19	-	T	22-04-2026	-	-	-	-
GAV08338.1	0cd9d3e4b9bf7fae70cfa917cf61134c	481	PANTHER	PTHR31893	TRANSMEMBRANE PROTEIN 151 HOMOLOG	28	378	5.3E-63	T	22-04-2026	IPR026767	Transmembrane protein 151	-	-
GAV08338.1	0cd9d3e4b9bf7fae70cfa917cf61134c	481	Pfam	PF14857	TMEM151 family	32	324	2.1E-68	T	22-04-2026	IPR026767	Transmembrane protein 151	-	-
GAU87466.1	190cc459b44262099009bd7ab0687cdf	304	Pfam	PF00230	Major intrinsic protein	42	284	3.2E-42	T	22-04-2026	IPR000425	Major intrinsic protein	-	-
GAU87466.1	190cc459b44262099009bd7ab0687cdf	304	SUPERFAMILY	SSF81338	Aquaporin-like	44	289	1.57E-62	T	22-04-2026	IPR023271	Aquaporin-like	-	-
GAU87466.1	190cc459b44262099009bd7ab0687cdf	304	CDD	cd00333	MIP	49	287	2.28603E-53	T	22-04-2026	IPR000425	Major intrinsic protein	-	-
GAU87466.1	190cc459b44262099009bd7ab0687cdf	304	NCBIfam	TIGR00861	MIP family channel protein	50	284	2.3E-47	T	22-04-2026	IPR000425	Major intrinsic protein	-	-
GAU87466.1	190cc459b44262099009bd7ab0687cdf	304	Gene3D	G3DSA:1.20.1080.10	Glycerol uptake facilitator protein.	39	292	1.4E-70	T	22-04-2026	IPR023271	Aquaporin-like	-	-
GAU87466.1	190cc459b44262099009bd7ab0687cdf	304	PANTHER	PTHR43829	AQUAPORIN OR AQUAGLYCEROPORIN RELATED	32	297	4.0E-76	T	22-04-2026	-	-	-	-
GAU87466.1	190cc459b44262099009bd7ab0687cdf	304	PRINTS	PR00783	Major intrinsic protein family signature	46	65	8.6E-36	T	22-04-2026	IPR000425	Major intrinsic protein	-	-
GAU87466.1	190cc459b44262099009bd7ab0687cdf	304	PRINTS	PR00783	Major intrinsic protein family signature	267	287	8.6E-36	T	22-04-2026	IPR000425	Major intrinsic protein	-	-
GAU87466.1	190cc459b44262099009bd7ab0687cdf	304	PRINTS	PR00783	Major intrinsic protein family signature	122	141	8.6E-36	T	22-04-2026	IPR000425	Major intrinsic protein	-	-
GAU87466.1	190cc459b44262099009bd7ab0687cdf	304	PRINTS	PR00783	Major intrinsic protein family signature	85	109	8.6E-36	T	22-04-2026	IPR000425	Major intrinsic protein	-	-
GAU87466.1	190cc459b44262099009bd7ab0687cdf	304	PRINTS	PR00783	Major intrinsic protein family signature	185	203	8.6E-36	T	22-04-2026	IPR000425	Major intrinsic protein	-	-
GAU87466.1	190cc459b44262099009bd7ab0687cdf	304	PRINTS	PR00783	Major intrinsic protein family signature	218	240	8.6E-36	T	22-04-2026	IPR000425	Major intrinsic protein	-	-
GAU99102.1	4ddfdbfaabea5627a0158cafb3510ef8	310	Gene3D	G3DSA:2.60.40.10	Immunoglobulins	99	192	2.6E-6	T	22-04-2026	IPR013783	Immunoglobulin-like fold	-	-
GAU99102.1	4ddfdbfaabea5627a0158cafb3510ef8	310	SMART	SM00409	IG_3c	18	97	3.2E-6	T	22-04-2026	IPR003599	Immunoglobulin subtype	-	-
GAU99102.1	4ddfdbfaabea5627a0158cafb3510ef8	310	SUPERFAMILY	SSF48726	Immunoglobulin	16	119	1.48E-11	T	22-04-2026	IPR036179	Immunoglobulin-like domain superfamily	-	-
GAU99102.1	4ddfdbfaabea5627a0158cafb3510ef8	310	CDD	cd00063	FN3	99	188	6.12858E-6	T	22-04-2026	IPR003961	Fibronectin type III	-	-
GAU99102.1	4ddfdbfaabea5627a0158cafb3510ef8	310	Pfam	PF07679	Immunoglobulin I-set domain	17	96	0.011	T	22-04-2026	IPR013098	Immunoglobulin I-set	-	-
GAU99102.1	4ddfdbfaabea5627a0158cafb3510ef8	310	Gene3D	G3DSA:2.60.40.10	Immunoglobulins	18	98	4.6E-9	T	22-04-2026	IPR013783	Immunoglobulin-like fold	-	-
GAU99102.1	4ddfdbfaabea5627a0158cafb3510ef8	310	ProSiteProfiles	PS50835	Ig-like domain profile.	11	95	10.661989	T	22-04-2026	IPR007110	Immunoglobulin-like domain	-	-
GAU99102.1	4ddfdbfaabea5627a0158cafb3510ef8	310	SUPERFAMILY	SSF49265	Fibronectin type III	95	173	1.16E-7	T	22-04-2026	IPR036116	Fibronectin type III superfamily	-	-
GAV02521.1	424ce155fe255da86d2bec2ad801580a	920	SUPERFAMILY	SSF52518	Thiamin diphosphate-binding fold (THDP-binding)	555	781	7.26E-42	T	22-04-2026	IPR029061	Thiamin diphosphate-binding fold	-	-
GAV02521.1	424ce155fe255da86d2bec2ad801580a	920	NCBIfam	TIGR00239	2-oxoglutarate dehydrogenase E1 component	32	917	3.3E-242	T	22-04-2026	IPR011603	2-oxoglutarate dehydrogenase E1 component	-	-
GAV02521.1	424ce155fe255da86d2bec2ad801580a	920	SUPERFAMILY	SSF52518	Thiamin diphosphate-binding fold (THDP-binding)	135	502	2.18E-65	T	22-04-2026	IPR029061	Thiamin diphosphate-binding fold	-	-
GAV02521.1	424ce155fe255da86d2bec2ad801580a	920	Gene3D	G3DSA:3.40.50.970	-	136	508	1.1E-127	T	22-04-2026	-	-	-	-
GAV02521.1	424ce155fe255da86d2bec2ad801580a	920	PANTHER	PTHR23152	2-OXOGLUTARATE DEHYDROGENASE	22	920	0.0	T	22-04-2026	IPR011603	2-oxoglutarate dehydrogenase E1 component	-	-
GAV02521.1	424ce155fe255da86d2bec2ad801580a	920	Gene3D	G3DSA:3.40.50.11610	-	703	917	7.7E-154	T	22-04-2026	IPR042179	Multifunctional 2-oxoglutarate metabolism enzyme, C-terminal domain superfamily	-	-
GAV02521.1	424ce155fe255da86d2bec2ad801580a	920	Gene3D	G3DSA:1.10.287.1150	TPP helical domain	57	134	8.0E-12	T	22-04-2026	-	-	-	-
GAV02521.1	424ce155fe255da86d2bec2ad801580a	920	MobiDBLite	mobidb-lite	consensus disorder prediction	35	54	-	T	22-04-2026	-	-	-	-
GAV02521.1	424ce155fe255da86d2bec2ad801580a	920	Gene3D	G3DSA:3.40.50.12470	-	534	792	7.7E-154	T	22-04-2026	-	-	-	-
GAV02521.1	424ce155fe255da86d2bec2ad801580a	920	Pfam	PF00676	Dehydrogenase E1 component	216	500	5.6E-38	T	22-04-2026	IPR001017	Dehydrogenase, E1 component	-	-
GAV02521.1	424ce155fe255da86d2bec2ad801580a	920	SMART	SM00861	Transket_pyr_3	572	775	5.6E-42	T	22-04-2026	IPR005475	Transketolase-like, pyrimidine-binding domain	-	-
GAV02521.1	424ce155fe255da86d2bec2ad801580a	920	PIRSF	PIRSF000157	Oxoglu_dh_E1	8	920	0.0	T	22-04-2026	IPR011603	2-oxoglutarate dehydrogenase E1 component	-	-
GAV02521.1	424ce155fe255da86d2bec2ad801580a	920	CDD	cd02016	TPP_E1_OGDC_like	183	452	1.80283E-140	T	22-04-2026	-	-	-	-
GAV02521.1	424ce155fe255da86d2bec2ad801580a	920	Pfam	PF16870	2-oxoglutarate dehydrogenase C-terminal	780	919	2.1E-39	T	22-04-2026	IPR031717	Multifunctional 2-oxoglutarate metabolism enzyme, C-terminal	-	-
GAV02521.1	424ce155fe255da86d2bec2ad801580a	920	MobiDBLite	mobidb-lite	consensus disorder prediction	35	60	-	T	22-04-2026	-	-	-	-
GAV02521.1	424ce155fe255da86d2bec2ad801580a	920	Pfam	PF02779	Transketolase, pyrimidine binding domain	571	774	1.7E-39	T	22-04-2026	IPR005475	Transketolase-like, pyrimidine-binding domain	-	-
GAU88765.1	80b09dd1d9a8c24d4f684956f44102ce	552	SUPERFAMILY	SSF50494	Trypsin-like serine proteases	294	548	8.16E-76	T	22-04-2026	IPR009003	Peptidase S1, PA clan	-	-
GAU88765.1	80b09dd1d9a8c24d4f684956f44102ce	552	CDD	cd00190	Tryp_SPc	320	546	1.06068E-79	T	22-04-2026	IPR001254	Serine proteases, trypsin domain	-	-
GAU88765.1	80b09dd1d9a8c24d4f684956f44102ce	552	FunFam	G3DSA:2.40.10.10:FF:000038	Serine protease	313	548	3.3E-73	T	22-04-2026	-	-	-	-
GAU88765.1	80b09dd1d9a8c24d4f684956f44102ce	552	Gene3D	G3DSA:2.40.10.10	-	318	547	2.4E-68	T	22-04-2026	IPR043504	Peptidase S1, PA clan, chymotrypsin-like fold	-	-
GAU88765.1	80b09dd1d9a8c24d4f684956f44102ce	552	SMART	SM00020	trypsin_2	318	543	1.8E-68	T	22-04-2026	IPR001254	Serine proteases, trypsin domain	-	-
GAU88765.1	80b09dd1d9a8c24d4f684956f44102ce	552	ProSiteProfiles	PS50240	Serine proteases, trypsin domain profile.	286	548	32.246204	T	22-04-2026	IPR001254	Serine proteases, trypsin domain	-	-
GAU88765.1	80b09dd1d9a8c24d4f684956f44102ce	552	Pfam	PF00089	Trypsin	319	543	1.8E-47	T	22-04-2026	IPR001254	Serine proteases, trypsin domain	-	-
GAU88765.1	80b09dd1d9a8c24d4f684956f44102ce	552	PRINTS	PR00722	Chymotrypsin serine protease family (S1) signature	400	414	1.0E-9	T	22-04-2026	IPR001314	Peptidase S1A, chymotrypsin family	-	-
GAU88765.1	80b09dd1d9a8c24d4f684956f44102ce	552	PRINTS	PR00722	Chymotrypsin serine protease family (S1) signature	341	356	1.0E-9	T	22-04-2026	IPR001314	Peptidase S1A, chymotrypsin family	-	-
GAU88765.1	80b09dd1d9a8c24d4f684956f44102ce	552	PRINTS	PR00722	Chymotrypsin serine protease family (S1) signature	495	507	1.0E-9	T	22-04-2026	IPR001314	Peptidase S1A, chymotrypsin family	-	-
GAU88765.1	80b09dd1d9a8c24d4f684956f44102ce	552	ProSitePatterns	PS00134	Serine proteases, trypsin family, histidine active site.	351	356	-	T	22-04-2026	IPR018114	Serine proteases, trypsin family, histidine active site	-	-
GAU88765.1	80b09dd1d9a8c24d4f684956f44102ce	552	PANTHER	PTHR24256	TRYPTASE-RELATED	273	548	3.1E-63	T	22-04-2026	-	-	-	-
GAU91871.1	8a06864cc563be0ffb1df9b80d65503e	208	MobiDBLite	mobidb-lite	consensus disorder prediction	178	195	-	T	22-04-2026	-	-	-	-
GAU91871.1	8a06864cc563be0ffb1df9b80d65503e	208	MobiDBLite	mobidb-lite	consensus disorder prediction	140	208	-	T	22-04-2026	-	-	-	-
GAU92292.1	caa02ebb8019a5f6d6a3cffd22db0566	376	Gene3D	G3DSA:3.40.50.300	-	113	353	3.5E-79	T	22-04-2026	IPR027417	P-loop containing nucleoside triphosphate hydrolase	-	-
GAU92292.1	caa02ebb8019a5f6d6a3cffd22db0566	376	PANTHER	PTHR47958	ATP-DEPENDENT RNA HELICASE DBP3	132	374	6.9E-70	T	22-04-2026	-	-	-	-
GAU92292.1	caa02ebb8019a5f6d6a3cffd22db0566	376	ProSitePatterns	PS00039	DEAD-box subfamily ATP-dependent helicases signature.	292	300	-	T	22-04-2026	IPR000629	ATP-dependent RNA helicase DEAD-box, conserved site	-	-
GAU92292.1	caa02ebb8019a5f6d6a3cffd22db0566	376	ProSiteProfiles	PS51195	DEAD-box RNA helicase Q motif profile.	140	168	9.225721	T	22-04-2026	IPR014014	RNA helicase, DEAD-box type, Q motif	-	-
GAU92292.1	caa02ebb8019a5f6d6a3cffd22db0566	376	MobiDBLite	mobidb-lite	consensus disorder prediction	1	55	-	T	22-04-2026	-	-	-	-
GAU92292.1	caa02ebb8019a5f6d6a3cffd22db0566	376	FunFam	G3DSA:3.40.50.300:FF:000079	probable ATP-dependent RNA helicase DDX17	102	349	1.1E-104	T	22-04-2026	-	-	-	-
GAU92292.1	caa02ebb8019a5f6d6a3cffd22db0566	376	MobiDBLite	mobidb-lite	consensus disorder prediction	1	61	-	T	22-04-2026	-	-	-	-
GAU92292.1	caa02ebb8019a5f6d6a3cffd22db0566	376	SMART	SM00487	ultradead3	159	362	3.8E-55	T	22-04-2026	IPR014001	Helicase superfamily 1/2, ATP-binding domain	-	-
GAU92292.1	caa02ebb8019a5f6d6a3cffd22db0566	376	ProSiteProfiles	PS51192	Superfamilies 1 and 2 helicase ATP-binding type-1 domain profile.	171	346	29.075775	T	22-04-2026	IPR014001	Helicase superfamily 1/2, ATP-binding domain	-	-
GAU92292.1	caa02ebb8019a5f6d6a3cffd22db0566	376	Pfam	PF00270	DEAD/DEAH box helicase	164	331	3.6E-41	T	22-04-2026	IPR011545	DEAD/DEAH box helicase domain	-	-
GAU92292.1	caa02ebb8019a5f6d6a3cffd22db0566	376	SUPERFAMILY	SSF52540	P-loop containing nucleoside triphosphate hydrolases	122	348	8.34E-66	T	22-04-2026	IPR027417	P-loop containing nucleoside triphosphate hydrolase	-	-
GAV08434.1	d83b4ab545333b765a7180413646e094	388	ProSiteProfiles	PS50181	F-box domain profile.	89	137	10.848683	T	22-04-2026	IPR001810	F-box domain	-	-
GAV08434.1	d83b4ab545333b765a7180413646e094	388	Pfam	PF12937	F-box-like	96	126	0.011	T	22-04-2026	IPR001810	F-box domain	-	-
GAV08434.1	d83b4ab545333b765a7180413646e094	388	Coils	Coil	Coil	44	64	-	T	22-04-2026	-	-	-	-
GAV08434.1	d83b4ab545333b765a7180413646e094	388	SUPERFAMILY	SSF81383	F-box domain	96	127	4.19E-6	T	22-04-2026	IPR036047	F-box-like domain superfamily	-	-
GAV08434.1	d83b4ab545333b765a7180413646e094	388	Gene3D	G3DSA:1.20.1280.50	-	93	129	1.7E-6	T	22-04-2026	-	-	-	-
GAV10088.1	03e16415d05b2be4320874a6c9fc13d9	184	MobiDBLite	mobidb-lite	consensus disorder prediction	165	184	-	T	22-04-2026	-	-	-	-
GAV10088.1	03e16415d05b2be4320874a6c9fc13d9	184	MobiDBLite	mobidb-lite	consensus disorder prediction	150	184	-	T	22-04-2026	-	-	-	-
GAV10088.1	03e16415d05b2be4320874a6c9fc13d9	184	MobiDBLite	mobidb-lite	consensus disorder prediction	1	71	-	T	22-04-2026	-	-	-	-
GAV09877.1	bc9301244f8ab266699d4e54a65a8398	347	Pfam	PF05225	helix-turn-helix, Psq domain	15	51	0.7	T	22-04-2026	IPR007889	DNA binding HTH domain, Psq-type	-	-
GAV09877.1	bc9301244f8ab266699d4e54a65a8398	347	Pfam	PF03184	DDE superfamily endonuclease	203	341	1.5E-7	T	22-04-2026	IPR004875	DDE superfamily endonuclease domain	-	-
GAV09877.1	bc9301244f8ab266699d4e54a65a8398	347	PANTHER	PTHR19303	TRANSPOSON	18	335	3.5E-22	T	22-04-2026	-	-	-	-
GAV09877.1	bc9301244f8ab266699d4e54a65a8398	347	SUPERFAMILY	SSF46689	Homeodomain-like	13	56	2.02E-5	T	22-04-2026	IPR009057	Homeobox-like domain superfamily	-	-
GAU97772.1	aaee8fd485190eb052c2710a869a8792	310	Gene3D	G3DSA:3.90.190.10	Protein tyrosine phosphatase superfamily	199	309	1.7E-10	T	22-04-2026	IPR029021	Protein-tyrosine phosphatase-like	-	-
GAU97772.1	aaee8fd485190eb052c2710a869a8792	310	SUPERFAMILY	SSF52799	(Phosphotyrosine protein) phosphatases II	210	306	4.86E-8	T	22-04-2026	IPR029021	Protein-tyrosine phosphatase-like	-	-
GAU97772.1	aaee8fd485190eb052c2710a869a8792	310	MobiDBLite	mobidb-lite	consensus disorder prediction	25	44	-	T	22-04-2026	-	-	-	-
GAV03246.1	da567969c49eca74bdf678c6d8c3cc79	429	PRINTS	PR00237	Rhodopsin-like GPCR superfamily signature	59	82	2.1E-9	T	22-04-2026	IPR000276	G protein-coupled receptor, rhodopsin-like	-	-
GAV03246.1	da567969c49eca74bdf678c6d8c3cc79	429	PRINTS	PR00237	Rhodopsin-like GPCR superfamily signature	126	150	2.1E-9	T	22-04-2026	IPR000276	G protein-coupled receptor, rhodopsin-like	-	-
GAV03246.1	da567969c49eca74bdf678c6d8c3cc79	429	PRINTS	PR00237	Rhodopsin-like GPCR superfamily signature	167	193	2.1E-9	T	22-04-2026	IPR000276	G protein-coupled receptor, rhodopsin-like	-	-
GAV03246.1	da567969c49eca74bdf678c6d8c3cc79	429	PANTHER	PTHR24241	NEUROPEPTIDE RECEPTOR-RELATED G-PROTEIN COUPLED RECEPTOR	2	214	6.5E-29	T	22-04-2026	-	-	-	-
GAV03246.1	da567969c49eca74bdf678c6d8c3cc79	429	ProSiteProfiles	PS50262	G-protein coupled receptors family 1 profile.	1	185	21.715612	T	22-04-2026	IPR017452	GPCR, rhodopsin-like, 7TM	-	-
GAV03246.1	da567969c49eca74bdf678c6d8c3cc79	429	Pfam	PF00001	7 transmembrane receptor (rhodopsin family)	3	185	1.2E-18	T	22-04-2026	IPR000276	G protein-coupled receptor, rhodopsin-like	-	-
GAV03246.1	da567969c49eca74bdf678c6d8c3cc79	429	Gene3D	G3DSA:1.20.1070.10	-	1	240	3.6E-35	T	22-04-2026	-	-	-	-
GAV03246.1	da567969c49eca74bdf678c6d8c3cc79	429	SUPERFAMILY	SSF81321	Family A G protein-coupled receptor-like	3	226	9.06E-28	T	22-04-2026	-	-	-	-
GAV03246.1	da567969c49eca74bdf678c6d8c3cc79	429	MobiDBLite	mobidb-lite	consensus disorder prediction	405	419	-	T	22-04-2026	-	-	-	-
GAV03246.1	da567969c49eca74bdf678c6d8c3cc79	429	MobiDBLite	mobidb-lite	consensus disorder prediction	402	429	-	T	22-04-2026	-	-	-	-
GAV07764.1	42fe37a05c2d8bc3eb1019dd6e8facf0	445	Gene3D	G3DSA:1.20.1070.10	-	233	405	5.6E-8	T	22-04-2026	-	-	-	-
GAV07764.1	42fe37a05c2d8bc3eb1019dd6e8facf0	445	ProSiteProfiles	PS50262	G-protein coupled receptors family 1 profile.	28	387	9.699337	T	22-04-2026	IPR017452	GPCR, rhodopsin-like, 7TM	-	-
GAV07764.1	42fe37a05c2d8bc3eb1019dd6e8facf0	445	PANTHER	PTHR46641	FMRFAMIDE RECEPTOR-RELATED	10	436	3.3E-29	T	22-04-2026	-	-	-	-
GAV07764.1	42fe37a05c2d8bc3eb1019dd6e8facf0	445	Gene3D	G3DSA:1.20.1070.10	-	2	202	6.0E-19	T	22-04-2026	-	-	-	-
GAV07764.1	42fe37a05c2d8bc3eb1019dd6e8facf0	445	PRINTS	PR00237	Rhodopsin-like GPCR superfamily signature	98	120	2.2E-5	T	22-04-2026	IPR000276	G protein-coupled receptor, rhodopsin-like	-	-
GAV07764.1	42fe37a05c2d8bc3eb1019dd6e8facf0	445	PRINTS	PR00237	Rhodopsin-like GPCR superfamily signature	13	37	2.2E-5	T	22-04-2026	IPR000276	G protein-coupled receptor, rhodopsin-like	-	-
GAV07764.1	42fe37a05c2d8bc3eb1019dd6e8facf0	445	PRINTS	PR00237	Rhodopsin-like GPCR superfamily signature	46	67	2.2E-5	T	22-04-2026	IPR000276	G protein-coupled receptor, rhodopsin-like	-	-
GAV07764.1	42fe37a05c2d8bc3eb1019dd6e8facf0	445	SUPERFAMILY	SSF81321	Family A G protein-coupled receptor-like	12	422	8.33E-14	T	22-04-2026	-	-	-	-
GAV04899.1	e6671acf29193acff6405725eb9ed5fc	128	MobiDBLite	mobidb-lite	consensus disorder prediction	73	87	-	T	22-04-2026	-	-	-	-
GAV04899.1	e6671acf29193acff6405725eb9ed5fc	128	MobiDBLite	mobidb-lite	consensus disorder prediction	73	102	-	T	22-04-2026	-	-	-	-
GAV08470.1	f38ef9209920113db7d39143e96e8612	183	SUPERFAMILY	SSF55753	Actin depolymerizing proteins	83	164	1.85E-16	T	22-04-2026	-	-	-	-
GAV08470.1	f38ef9209920113db7d39143e96e8612	183	SUPERFAMILY	SSF55753	Actin depolymerizing proteins	28	86	9.58E-11	T	22-04-2026	-	-	-	-
GAV08470.1	f38ef9209920113db7d39143e96e8612	183	SMART	SM00262	VILL_6	82	160	5.5E-9	T	22-04-2026	IPR007122	Villin/Gelsolin	-	-
GAV08470.1	f38ef9209920113db7d39143e96e8612	183	SMART	SM00262	VILL_6	4	81	0.072	T	22-04-2026	IPR007122	Villin/Gelsolin	-	-
GAV08470.1	f38ef9209920113db7d39143e96e8612	183	Pfam	PF00626	Gelsolin repeat	83	136	4.4E-8	T	22-04-2026	IPR007123	Gelsolin-like domain	-	-
GAV08470.1	f38ef9209920113db7d39143e96e8612	183	Pfam	PF00626	Gelsolin repeat	30	73	0.059	T	22-04-2026	IPR007123	Gelsolin-like domain	-	-
GAV08470.1	f38ef9209920113db7d39143e96e8612	183	PANTHER	PTHR11977	VILLIN	83	166	5.4E-34	T	22-04-2026	IPR007122	Villin/Gelsolin	-	-
GAV08470.1	f38ef9209920113db7d39143e96e8612	183	Gene3D	G3DSA:3.40.20.10	Severin	12	83	8.2E-12	T	22-04-2026	IPR029006	ADF-H/Gelsolin-like domain superfamily	-	-
GAV08470.1	f38ef9209920113db7d39143e96e8612	183	Gene3D	G3DSA:3.40.20.10	Severin	84	174	2.8E-18	T	22-04-2026	IPR029006	ADF-H/Gelsolin-like domain superfamily	-	-
GAV02158.1	ca04f357b75bb4b3bec2b55e2bb46e5c	492	FunFam	G3DSA:1.10.630.10:FF:000027	lanosterol 14-alpha demethylase isoform X1	40	492	3.1E-244	T	22-04-2026	-	-	-	-
GAV02158.1	ca04f357b75bb4b3bec2b55e2bb46e5c	492	ProSitePatterns	PS00086	Cytochrome P450 cysteine heme-iron ligand signature.	431	440	-	T	22-04-2026	IPR017972	Cytochrome P450, conserved site	-	-
GAV02158.1	ca04f357b75bb4b3bec2b55e2bb46e5c	492	Pfam	PF00067	Cytochrome P450	51	483	8.1E-66	T	22-04-2026	IPR001128	Cytochrome P450	-	-
GAV02158.1	ca04f357b75bb4b3bec2b55e2bb46e5c	492	PRINTS	PR00385	P450 superfamily signature	438	449	1.3E-9	T	22-04-2026	IPR001128	Cytochrome P450	-	-
GAV02158.1	ca04f357b75bb4b3bec2b55e2bb46e5c	492	PRINTS	PR00385	P450 superfamily signature	354	365	1.3E-9	T	22-04-2026	IPR001128	Cytochrome P450	-	-
GAV02158.1	ca04f357b75bb4b3bec2b55e2bb46e5c	492	PRINTS	PR00385	P450 superfamily signature	300	317	1.3E-9	T	22-04-2026	IPR001128	Cytochrome P450	-	-
GAV02158.1	ca04f357b75bb4b3bec2b55e2bb46e5c	492	PRINTS	PR00385	P450 superfamily signature	429	438	1.3E-9	T	22-04-2026	IPR001128	Cytochrome P450	-	-
GAV02158.1	ca04f357b75bb4b3bec2b55e2bb46e5c	492	PANTHER	PTHR24304	CYTOCHROME P450 FAMILY 7	21	489	3.1E-86	T	22-04-2026	-	-	-	-
GAV02158.1	ca04f357b75bb4b3bec2b55e2bb46e5c	492	SUPERFAMILY	SSF48264	Cytochrome P450	47	490	1.83E-99	T	22-04-2026	IPR036396	Cytochrome P450 superfamily	-	-
GAV02158.1	ca04f357b75bb4b3bec2b55e2bb46e5c	492	PRINTS	PR00465	E-class P450 group IV signature	291	317	2.1E-54	T	22-04-2026	IPR002403	Cytochrome P450, E-class, group IV	-	-
GAV02158.1	ca04f357b75bb4b3bec2b55e2bb46e5c	492	PRINTS	PR00465	E-class P450 group IV signature	72	95	2.1E-54	T	22-04-2026	IPR002403	Cytochrome P450, E-class, group IV	-	-
GAV02158.1	ca04f357b75bb4b3bec2b55e2bb46e5c	492	PRINTS	PR00465	E-class P450 group IV signature	422	438	2.1E-54	T	22-04-2026	IPR002403	Cytochrome P450, E-class, group IV	-	-
GAV02158.1	ca04f357b75bb4b3bec2b55e2bb46e5c	492	PRINTS	PR00465	E-class P450 group IV signature	349	365	2.1E-54	T	22-04-2026	IPR002403	Cytochrome P450, E-class, group IV	-	-
GAV02158.1	ca04f357b75bb4b3bec2b55e2bb46e5c	492	PRINTS	PR00465	E-class P450 group IV signature	382	396	2.1E-54	T	22-04-2026	IPR002403	Cytochrome P450, E-class, group IV	-	-
GAV02158.1	ca04f357b75bb4b3bec2b55e2bb46e5c	492	PRINTS	PR00465	E-class P450 group IV signature	398	416	2.1E-54	T	22-04-2026	IPR002403	Cytochrome P450, E-class, group IV	-	-
GAV02158.1	ca04f357b75bb4b3bec2b55e2bb46e5c	492	PRINTS	PR00465	E-class P450 group IV signature	438	456	2.1E-54	T	22-04-2026	IPR002403	Cytochrome P450, E-class, group IV	-	-
GAV02158.1	ca04f357b75bb4b3bec2b55e2bb46e5c	492	PRINTS	PR00465	E-class P450 group IV signature	50	67	2.1E-54	T	22-04-2026	IPR002403	Cytochrome P450, E-class, group IV	-	-
GAV02158.1	ca04f357b75bb4b3bec2b55e2bb46e5c	492	CDD	cd11042	CYP51-like	77	487	0.0	T	22-04-2026	-	-	-	-
GAV02158.1	ca04f357b75bb4b3bec2b55e2bb46e5c	492	Gene3D	G3DSA:1.10.630.10	Cytochrome P450	40	492	8.4E-167	T	22-04-2026	IPR036396	Cytochrome P450 superfamily	-	-
GAU94617.1	ddeda4dda22608a4179f5f87acb939ec	551	ProSitePatterns	PS00236	Neurotransmitter-gated ion-channels signature.	160	174	-	T	22-04-2026	IPR018000	Neurotransmitter-gated ion-channel, conserved site	-	-
GAU94617.1	ddeda4dda22608a4179f5f87acb939ec	551	Pfam	PF02931	Neurotransmitter-gated ion-channel ligand binding domain	36	245	1.3E-65	T	22-04-2026	IPR006202	Neurotransmitter-gated ion-channel ligand-binding domain	-	-
GAU94617.1	ddeda4dda22608a4179f5f87acb939ec	551	PRINTS	PR00252	Neurotransmitter-gated ion channel family signature	83	99	1.8E-13	T	22-04-2026	IPR006201	Neurotransmitter-gated ion-channel	-	-
GAU94617.1	ddeda4dda22608a4179f5f87acb939ec	551	PRINTS	PR00252	Neurotransmitter-gated ion channel family signature	116	127	1.8E-13	T	22-04-2026	IPR006201	Neurotransmitter-gated ion-channel	-	-
GAU94617.1	ddeda4dda22608a4179f5f87acb939ec	551	PRINTS	PR00252	Neurotransmitter-gated ion channel family signature	160	174	1.8E-13	T	22-04-2026	IPR006201	Neurotransmitter-gated ion-channel	-	-
GAU94617.1	ddeda4dda22608a4179f5f87acb939ec	551	PRINTS	PR00252	Neurotransmitter-gated ion channel family signature	239	251	1.8E-13	T	22-04-2026	IPR006201	Neurotransmitter-gated ion-channel	-	-
GAU94617.1	ddeda4dda22608a4179f5f87acb939ec	551	CDD	cd19064	LGIC_TM_nAChR	246	334	1.27495E-33	T	22-04-2026	-	-	-	-
GAU94617.1	ddeda4dda22608a4179f5f87acb939ec	551	Gene3D	G3DSA:1.20.58.390	-	251	361	1.3E-34	T	22-04-2026	IPR038050	Neuronal acetylcholine receptor	-	-
GAU94617.1	ddeda4dda22608a4179f5f87acb939ec	551	MobiDBLite	mobidb-lite	consensus disorder prediction	366	393	-	T	22-04-2026	-	-	-	-
GAU94617.1	ddeda4dda22608a4179f5f87acb939ec	551	FunFam	G3DSA:2.70.170.10:FF:000016	Nicotinic acetylcholine receptor subunit	28	250	7.6E-75	T	22-04-2026	-	-	-	-
GAU94617.1	ddeda4dda22608a4179f5f87acb939ec	551	Gene3D	G3DSA:1.20.58.390	-	470	544	1.5E-11	T	22-04-2026	IPR038050	Neuronal acetylcholine receptor	-	-
GAU94617.1	ddeda4dda22608a4179f5f87acb939ec	551	MobiDBLite	mobidb-lite	consensus disorder prediction	436	457	-	T	22-04-2026	-	-	-	-
GAU94617.1	ddeda4dda22608a4179f5f87acb939ec	551	SUPERFAMILY	SSF90112	Neurotransmitter-gated ion-channel transmembrane pore	245	539	7.19E-65	T	22-04-2026	IPR036719	Neurotransmitter-gated ion-channel transmembrane domain superfamily	-	-
GAU94617.1	ddeda4dda22608a4179f5f87acb939ec	551	PANTHER	PTHR18945	NEUROTRANSMITTER GATED ION CHANNEL	41	399	4.6E-76	T	22-04-2026	IPR006201	Neurotransmitter-gated ion-channel	-	-
GAU94617.1	ddeda4dda22608a4179f5f87acb939ec	551	PRINTS	PR00254	Nicotinic acetylcholine receptor signature	70	86	2.1E-19	T	22-04-2026	IPR002394	Nicotinic acetylcholine receptor	-	-
GAU94617.1	ddeda4dda22608a4179f5f87acb939ec	551	PRINTS	PR00254	Nicotinic acetylcholine receptor signature	104	118	2.1E-19	T	22-04-2026	IPR002394	Nicotinic acetylcholine receptor	-	-
GAU94617.1	ddeda4dda22608a4179f5f87acb939ec	551	PRINTS	PR00254	Nicotinic acetylcholine receptor signature	122	134	2.1E-19	T	22-04-2026	IPR002394	Nicotinic acetylcholine receptor	-	-
GAU94617.1	ddeda4dda22608a4179f5f87acb939ec	551	PRINTS	PR00254	Nicotinic acetylcholine receptor signature	140	158	2.1E-19	T	22-04-2026	IPR002394	Nicotinic acetylcholine receptor	-	-
GAU94617.1	ddeda4dda22608a4179f5f87acb939ec	551	Gene3D	G3DSA:2.70.170.10	-	27	250	1.8E-72	T	22-04-2026	IPR036734	Neurotransmitter-gated ion-channel ligand-binding domain superfamily	-	-
GAU94617.1	ddeda4dda22608a4179f5f87acb939ec	551	Pfam	PF02932	Neurotransmitter-gated ion-channel transmembrane region	252	530	6.0E-49	T	22-04-2026	IPR006029	Neurotransmitter-gated ion-channel transmembrane domain	-	-
GAU94617.1	ddeda4dda22608a4179f5f87acb939ec	551	MobiDBLite	mobidb-lite	consensus disorder prediction	374	393	-	T	22-04-2026	-	-	-	-
GAU94617.1	ddeda4dda22608a4179f5f87acb939ec	551	NCBIfam	TIGR00860	cation transporter family protein	29	533	9.9E-89	T	22-04-2026	IPR006201	Neurotransmitter-gated ion-channel	-	-
GAU94617.1	ddeda4dda22608a4179f5f87acb939ec	551	FunFam	G3DSA:1.20.58.390:FF:000038	Acetylcholine receptor subunit beta-like 1	251	362	1.2E-44	T	22-04-2026	-	-	-	-
GAU94617.1	ddeda4dda22608a4179f5f87acb939ec	551	SUPERFAMILY	SSF63712	Nicotinic receptor ligand binding domain-like	34	244	1.03E-59	T	22-04-2026	IPR036734	Neurotransmitter-gated ion-channel ligand-binding domain superfamily	-	-
GAV06040.1	6635cc499fc59192dfe6b439d1b9832e	912	MobiDBLite	mobidb-lite	consensus disorder prediction	881	898	-	T	22-04-2026	-	-	-	-
GAV06040.1	6635cc499fc59192dfe6b439d1b9832e	912	MobiDBLite	mobidb-lite	consensus disorder prediction	839	912	-	T	22-04-2026	-	-	-	-
GAV06040.1	6635cc499fc59192dfe6b439d1b9832e	912	Pfam	PF20641	TAF1C, beta-propeller	355	440	1.6E-5	T	22-04-2026	IPR049087	TAF1C, beta-propeller domain	-	-
GAV06040.1	6635cc499fc59192dfe6b439d1b9832e	912	MobiDBLite	mobidb-lite	consensus disorder prediction	796	818	-	T	22-04-2026	-	-	-	-
GAV06040.1	6635cc499fc59192dfe6b439d1b9832e	912	MobiDBLite	mobidb-lite	consensus disorder prediction	106	191	-	T	22-04-2026	-	-	-	-
GAV06040.1	6635cc499fc59192dfe6b439d1b9832e	912	PANTHER	PTHR15319	TATA BOX-BINDING PROTEIN ASSOCIATED FACTOR RNA POLYMERASE I SUBUNIT C	245	638	2.1E-31	T	22-04-2026	IPR038801	TATA box-binding protein-associated factor RNA polymerase I subunit C	-	-
GAU95055.1	7d463937130c1234811748ca5e0f4fa9	612	SUPERFAMILY	SSF57850	RING/U-box	527	600	4.12E-15	T	22-04-2026	-	-	-	-
GAU95055.1	7d463937130c1234811748ca5e0f4fa9	612	ProSiteProfiles	PS50089	Zinc finger RING-type profile.	543	583	11.751628	T	22-04-2026	IPR001841	Zinc finger, RING-type	-	-
GAU95055.1	7d463937130c1234811748ca5e0f4fa9	612	Gene3D	G3DSA:3.30.40.10	Zinc/RING finger domain, C3HC4 (zinc finger)	529	596	3.7E-13	T	22-04-2026	IPR013083	Zinc finger, RING/FYVE/PHD-type	-	-
GAU95055.1	7d463937130c1234811748ca5e0f4fa9	612	CDD	cd16454	RING-H2_PA-TM-RING	542	584	3.35879E-14	T	22-04-2026	-	-	-	-
GAU95055.1	7d463937130c1234811748ca5e0f4fa9	612	PANTHER	PTHR22765	RING FINGER AND PROTEASE ASSOCIATED DOMAIN-CONTAINING	310	583	2.2E-10	T	22-04-2026	-	-	-	-
GAU95055.1	7d463937130c1234811748ca5e0f4fa9	612	SMART	SM00184	ring_2	543	583	6.0E-7	T	22-04-2026	IPR001841	Zinc finger, RING-type	-	-
GAU95055.1	7d463937130c1234811748ca5e0f4fa9	612	Pfam	PF13639	Ring finger domain	542	583	4.5E-5	T	22-04-2026	IPR001841	Zinc finger, RING-type	-	-
GAV02367.1	ec2ee71f5deeffae5c83d1f8535ea003	180	MobiDBLite	mobidb-lite	consensus disorder prediction	141	157	-	T	22-04-2026	-	-	-	-
GAV02367.1	ec2ee71f5deeffae5c83d1f8535ea003	180	MobiDBLite	mobidb-lite	consensus disorder prediction	133	180	-	T	22-04-2026	-	-	-	-
GAU94922.1	60ace98cc2c6e6ef087e11478eb3afd4	379	Gene3D	G3DSA:3.20.20.140	-	53	367	2.1E-69	T	22-04-2026	-	-	-	-
GAU94922.1	60ace98cc2c6e6ef087e11478eb3afd4	379	PANTHER	PTHR21240	2-AMINO-3-CARBOXYLMUCONATE-6-SEMIALDEHYDE DECARBOXYLASE	45	370	9.2E-56	T	22-04-2026	IPR032465	2-amino-3-carboxymuconate-6-semialdehyde decarboxylase	-	-
GAU94922.1	60ace98cc2c6e6ef087e11478eb3afd4	379	SUPERFAMILY	SSF51556	Metallo-dependent hydrolases	55	368	7.26E-59	T	22-04-2026	IPR032466	Metal-dependent hydrolase	-	-
GAU94922.1	60ace98cc2c6e6ef087e11478eb3afd4	379	Pfam	PF04909	Amidohydrolase	56	368	4.8E-20	T	22-04-2026	IPR006680	Amidohydrolase-related	-	-
GAV04029.1	bf3836acc4fb7f334adb7cf92696cf08	583	MobiDBLite	mobidb-lite	consensus disorder prediction	12	36	-	T	22-04-2026	-	-	-	-
GAV04029.1	bf3836acc4fb7f334adb7cf92696cf08	583	PANTHER	PTHR19444	UNC-93 RELATED	122	569	1.9E-31	T	22-04-2026	-	-	-	-
GAV04029.1	bf3836acc4fb7f334adb7cf92696cf08	583	SUPERFAMILY	SSF103473	MFS general substrate transporter	311	570	6.41E-9	T	22-04-2026	IPR036259	MFS transporter superfamily	-	-
GAU88199.1	11b23470a4e6bcadd93627f4247c0f05	267	MobiDBLite	mobidb-lite	consensus disorder prediction	79	95	-	T	22-04-2026	-	-	-	-
GAU88199.1	11b23470a4e6bcadd93627f4247c0f05	267	MobiDBLite	mobidb-lite	consensus disorder prediction	136	160	-	T	22-04-2026	-	-	-	-
GAU88199.1	11b23470a4e6bcadd93627f4247c0f05	267	MobiDBLite	mobidb-lite	consensus disorder prediction	210	225	-	T	22-04-2026	-	-	-	-
GAU88199.1	11b23470a4e6bcadd93627f4247c0f05	267	MobiDBLite	mobidb-lite	consensus disorder prediction	99	119	-	T	22-04-2026	-	-	-	-
GAU88199.1	11b23470a4e6bcadd93627f4247c0f05	267	MobiDBLite	mobidb-lite	consensus disorder prediction	62	76	-	T	22-04-2026	-	-	-	-
GAU88199.1	11b23470a4e6bcadd93627f4247c0f05	267	MobiDBLite	mobidb-lite	consensus disorder prediction	228	244	-	T	22-04-2026	-	-	-	-
GAU88199.1	11b23470a4e6bcadd93627f4247c0f05	267	MobiDBLite	mobidb-lite	consensus disorder prediction	42	267	-	T	22-04-2026	-	-	-	-
GAU88199.1	11b23470a4e6bcadd93627f4247c0f05	267	MobiDBLite	mobidb-lite	consensus disorder prediction	245	267	-	T	22-04-2026	-	-	-	-
GAU88199.1	11b23470a4e6bcadd93627f4247c0f05	267	MobiDBLite	mobidb-lite	consensus disorder prediction	168	198	-	T	22-04-2026	-	-	-	-
GAU95902.1	e802be5ea16d830cf9824529bdd04974	246	Gene3D	G3DSA:2.30.42.10	-	120	216	1.2E-22	T	22-04-2026	IPR036034	PDZ superfamily	-	-
GAU95902.1	e802be5ea16d830cf9824529bdd04974	246	FunFam	G3DSA:2.30.42.10:FF:000107	26S proteasome non-ATPase regulatory subunit 9	119	217	9.8E-27	T	22-04-2026	-	-	-	-
GAU95902.1	e802be5ea16d830cf9824529bdd04974	246	Pfam	PF18265	Nas2 N_terminal domain	32	110	1.6E-28	T	22-04-2026	IPR040815	Nas2, N-terminal	-	-
GAU95902.1	e802be5ea16d830cf9824529bdd04974	246	Gene3D	G3DSA:6.10.140.1710	-	5	119	8.0E-38	T	22-04-2026	-	-	-	-
GAU95902.1	e802be5ea16d830cf9824529bdd04974	246	Coils	Coil	Coil	31	51	-	T	22-04-2026	-	-	-	-
GAU95902.1	e802be5ea16d830cf9824529bdd04974	246	PANTHER	PTHR12651	26S PROTEASOME NON-ATPASE REGULATORY SUBUNIT 9	24	217	2.1E-58	T	22-04-2026	IPR035269	26S Proteasome non-ATPase regulatory subunit 9	-	-
GAU95902.1	e802be5ea16d830cf9824529bdd04974	246	MobiDBLite	mobidb-lite	consensus disorder prediction	1	26	-	T	22-04-2026	-	-	-	-
GAU95902.1	e802be5ea16d830cf9824529bdd04974	246	SUPERFAMILY	SSF50156	PDZ domain-like	130	207	1.92E-8	T	22-04-2026	IPR036034	PDZ superfamily	-	-
GAU93221.1	f37448cbd0f444755e4c99d97584f689	296	Pfam	PF00085	Thioredoxin	151	235	1.2E-4	T	22-04-2026	IPR013766	Thioredoxin domain	-	-
GAU93221.1	f37448cbd0f444755e4c99d97584f689	296	SUPERFAMILY	SSF52833	Thioredoxin-like	134	243	2.69E-19	T	22-04-2026	IPR036249	Thioredoxin-like superfamily	-	-
GAU93221.1	f37448cbd0f444755e4c99d97584f689	296	Gene3D	G3DSA:3.40.30.10	Glutaredoxin	148	267	1.3E-23	T	22-04-2026	-	-	-	-
GAV07462.1	fc5f6c897b39cee2e9312b53e3cfe349	159	PANTHER	PTHR14154	UPF0041 BRAIN PROTEIN 44-RELATED	20	108	2.5E-11	T	22-04-2026	-	-	-	-
GAV07462.1	fc5f6c897b39cee2e9312b53e3cfe349	159	MobiDBLite	mobidb-lite	consensus disorder prediction	135	152	-	T	22-04-2026	-	-	-	-
GAV07462.1	fc5f6c897b39cee2e9312b53e3cfe349	159	MobiDBLite	mobidb-lite	consensus disorder prediction	135	159	-	T	22-04-2026	-	-	-	-
GAV07462.1	fc5f6c897b39cee2e9312b53e3cfe349	159	Pfam	PF03650	Mitochondrial pyruvate carriers	20	116	3.5E-35	T	22-04-2026	IPR005336	Mitochondrial pyruvate carrier	-	-
GAU90847.1	bc2a65afa437adbc6e261ae1e87890c6	387	PANTHER	PTHR11006	PROTEIN ARGININE N-METHYLTRANSFERASE	47	371	7.1E-71	T	22-04-2026	IPR025799	Protein arginine N-methyltransferase	-	-
GAU90847.1	bc2a65afa437adbc6e261ae1e87890c6	387	Gene3D	G3DSA:3.40.50.150	Vaccinia Virus protein VP39	50	199	9.7E-47	T	22-04-2026	IPR029063	S-adenosyl-L-methionine-dependent methyltransferase superfamily	-	-
GAU90847.1	bc2a65afa437adbc6e261ae1e87890c6	387	FunFam	G3DSA:3.40.50.150:FF:000003	Blast:Protein arginine N-methyltransferase 1	46	199	4.5E-50	T	22-04-2026	-	-	-	-
GAU90847.1	bc2a65afa437adbc6e261ae1e87890c6	387	Pfam	PF13649	Methyltransferase domain	94	195	0.002	T	22-04-2026	IPR041698	Methyltransferase domain 25	-	-
GAU90847.1	bc2a65afa437adbc6e261ae1e87890c6	387	Gene3D	G3DSA:2.70.160.11	-	214	386	1.5E-29	T	22-04-2026	-	-	-	-
GAU90847.1	bc2a65afa437adbc6e261ae1e87890c6	387	SUPERFAMILY	SSF53335	S-adenosyl-L-methionine-dependent methyltransferases	59	369	1.66E-51	T	22-04-2026	IPR029063	S-adenosyl-L-methionine-dependent methyltransferase superfamily	-	-
GAU90847.1	bc2a65afa437adbc6e261ae1e87890c6	387	ProSiteProfiles	PS51678	SAM-dependent methyltransferase PRMT-type domain profile.	52	364	52.733406	T	22-04-2026	IPR025799	Protein arginine N-methyltransferase	-	-
GAU90847.1	bc2a65afa437adbc6e261ae1e87890c6	387	CDD	cd02440	AdoMet_MTases	93	198	3.48067E-8	T	22-04-2026	-	-	-	-
GAU95080.1	ea64f9decc1492ed45948176b0d721b2	765	ProSiteProfiles	PS50919	MIR domain profile.	331	396	9.654746	T	22-04-2026	IPR016093	MIR motif	-	-
GAU95080.1	ea64f9decc1492ed45948176b0d721b2	765	MobiDBLite	mobidb-lite	consensus disorder prediction	1	21	-	T	22-04-2026	-	-	-	-
GAU95080.1	ea64f9decc1492ed45948176b0d721b2	765	SMART	SM00472	mir_2	471	533	0.33	T	22-04-2026	IPR016093	MIR motif	-	-
GAU95080.1	ea64f9decc1492ed45948176b0d721b2	765	SMART	SM00472	mir_2	331	396	1.2E-9	T	22-04-2026	IPR016093	MIR motif	-	-
GAU95080.1	ea64f9decc1492ed45948176b0d721b2	765	SMART	SM00472	mir_2	407	464	1.9E-9	T	22-04-2026	IPR016093	MIR motif	-	-
GAU95080.1	ea64f9decc1492ed45948176b0d721b2	765	SUPERFAMILY	SSF82109	MIR domain	329	519	6.02E-42	T	22-04-2026	IPR036300	Mir domain superfamily	-	-
GAU95080.1	ea64f9decc1492ed45948176b0d721b2	765	Gene3D	G3DSA:2.80.10.50	-	320	543	8.3E-49	T	22-04-2026	-	-	-	-
GAU95080.1	ea64f9decc1492ed45948176b0d721b2	765	PANTHER	PTHR10050	DOLICHYL-PHOSPHATE-MANNOSE--PROTEIN MANNOSYLTRANSFERASE	26	761	9.9E-198	T	22-04-2026	IPR027005	Glycosyltransferase 39-like	-	-
GAU95080.1	ea64f9decc1492ed45948176b0d721b2	765	FunFam	G3DSA:2.80.10.50:FF:000012	Protein O-mannosyl-transferase 1	321	538	5.6E-70	T	22-04-2026	-	-	-	-
GAU95080.1	ea64f9decc1492ed45948176b0d721b2	765	ProSiteProfiles	PS50919	MIR domain profile.	407	464	10.217623	T	22-04-2026	IPR016093	MIR motif	-	-
GAU95080.1	ea64f9decc1492ed45948176b0d721b2	765	Pfam	PF02815	MIR domain	355	519	2.9E-5	T	22-04-2026	IPR016093	MIR motif	-	-
GAU95080.1	ea64f9decc1492ed45948176b0d721b2	765	Pfam	PF02366	Dolichyl-phosphate-mannose-protein mannosyltransferase	59	302	1.9E-48	T	22-04-2026	IPR003342	Glycosyl transferase family 39/83	-	-
GAU95080.1	ea64f9decc1492ed45948176b0d721b2	765	Pfam	PF16192	C-terminal four TMM region of protein-O-mannosyltransferase	558	759	7.4E-39	T	22-04-2026	IPR032421	Protein O-mannosyl-transferase, C-terminal four TM domain	-	-
GAU95080.1	ea64f9decc1492ed45948176b0d721b2	765	MobiDBLite	mobidb-lite	consensus disorder prediction	1	31	-	T	22-04-2026	-	-	-	-
GAU87689.1	4c75aa8202367a0676c6508e5af1ef4e	294	MobiDBLite	mobidb-lite	consensus disorder prediction	132	151	-	T	22-04-2026	-	-	-	-
GAU87689.1	4c75aa8202367a0676c6508e5af1ef4e	294	MobiDBLite	mobidb-lite	consensus disorder prediction	225	281	-	T	22-04-2026	-	-	-	-
GAU87689.1	4c75aa8202367a0676c6508e5af1ef4e	294	MobiDBLite	mobidb-lite	consensus disorder prediction	67	81	-	T	22-04-2026	-	-	-	-
GAU87689.1	4c75aa8202367a0676c6508e5af1ef4e	294	MobiDBLite	mobidb-lite	consensus disorder prediction	174	203	-	T	22-04-2026	-	-	-	-
GAU87689.1	4c75aa8202367a0676c6508e5af1ef4e	294	MobiDBLite	mobidb-lite	consensus disorder prediction	204	218	-	T	22-04-2026	-	-	-	-
GAU87689.1	4c75aa8202367a0676c6508e5af1ef4e	294	MobiDBLite	mobidb-lite	consensus disorder prediction	1	281	-	T	22-04-2026	-	-	-	-
GAU87689.1	4c75aa8202367a0676c6508e5af1ef4e	294	MobiDBLite	mobidb-lite	consensus disorder prediction	25	44	-	T	22-04-2026	-	-	-	-
GAV01852.1	d2ba16fff87aef5a8c514fbb1a831158	1113	ProSitePatterns	PS00109	Tyrosine protein kinases specific active-site signature.	805	817	-	T	22-04-2026	IPR008266	Tyrosine-protein kinase, active site	-	-
GAV01852.1	d2ba16fff87aef5a8c514fbb1a831158	1113	SMART	SM00219	tyrkin_6	632	945	4.8E-89	T	22-04-2026	IPR020635	Tyrosine-protein kinase, catalytic domain	-	-
GAV01852.1	d2ba16fff87aef5a8c514fbb1a831158	1113	SUPERFAMILY	SSF49899	Concanavalin A-like lectins/glucanases	26	189	7.63E-9	T	22-04-2026	IPR013320	Concanavalin A-like lectin/glucanase domain superfamily	-	-
GAV01852.1	d2ba16fff87aef5a8c514fbb1a831158	1113	PANTHER	PTHR24416	TYROSINE-PROTEIN KINASE RECEPTOR	135	948	5.9E-93	T	22-04-2026	-	-	-	-
GAV01852.1	d2ba16fff87aef5a8c514fbb1a831158	1113	Gene3D	G3DSA:1.10.510.10	Transferase(Phosphotransferase) domain 1	732	953	2.2E-49	T	22-04-2026	-	-	-	-
GAV01852.1	d2ba16fff87aef5a8c514fbb1a831158	1113	FunFam	G3DSA:1.10.510.10:FF:001512	Receptor tyrosine-protein kinase erbB-2	769	964	6.6E-38	T	22-04-2026	-	-	-	-
GAV01852.1	d2ba16fff87aef5a8c514fbb1a831158	1113	CDD	cd00192	PTKc	637	946	1.81911E-90	T	22-04-2026	-	-	-	-
GAV01852.1	d2ba16fff87aef5a8c514fbb1a831158	1113	Gene3D	G3DSA:3.30.200.20	Phosphorylase Kinase; domain 1	586	716	1.8E-14	T	22-04-2026	-	-	-	-
GAV01852.1	d2ba16fff87aef5a8c514fbb1a831158	1113	SUPERFAMILY	SSF56112	Protein kinase-like (PK-like)	635	945	2.43E-61	T	22-04-2026	IPR011009	Protein kinase-like domain superfamily	-	-
GAV01852.1	d2ba16fff87aef5a8c514fbb1a831158	1113	ProSiteProfiles	PS50011	Protein kinase domain profile.	632	949	35.45303	T	22-04-2026	IPR000719	Protein kinase domain	-	-
GAV01852.1	d2ba16fff87aef5a8c514fbb1a831158	1113	Pfam	PF07714	Protein tyrosine and serine/threonine kinase	637	945	4.9E-66	T	22-04-2026	IPR001245	Serine-threonine/tyrosine-protein kinase, catalytic domain	-	-
GAV01852.1	d2ba16fff87aef5a8c514fbb1a831158	1113	Gene3D	G3DSA:2.60.120.200	-	11	220	6.7E-10	T	22-04-2026	-	-	-	-
GAV01852.1	d2ba16fff87aef5a8c514fbb1a831158	1113	ProSitePatterns	PS00107	Protein kinases ATP-binding region signature.	638	666	-	T	22-04-2026	IPR017441	Protein kinase, ATP binding site	-	-
GAV01191.1	bd426d976bf423f9b2adce8151928f07	150	Gene3D	G3DSA:2.60.120.740	-	45	150	1.0E-5	T	22-04-2026	IPR043159	D-galactoside/L-rhamnose binding SUEL lectin domain superfamily	-	-
GAV06555.1	069f17ab207faa483e6bd8f1119ee10c	381	MobiDBLite	mobidb-lite	consensus disorder prediction	232	269	-	T	22-04-2026	-	-	-	-
GAV06555.1	069f17ab207faa483e6bd8f1119ee10c	381	MobiDBLite	mobidb-lite	consensus disorder prediction	343	366	-	T	22-04-2026	-	-	-	-
GAV06555.1	069f17ab207faa483e6bd8f1119ee10c	381	MobiDBLite	mobidb-lite	consensus disorder prediction	188	216	-	T	22-04-2026	-	-	-	-
GAV06555.1	069f17ab207faa483e6bd8f1119ee10c	381	MobiDBLite	mobidb-lite	consensus disorder prediction	179	381	-	T	22-04-2026	-	-	-	-
GAV06555.1	069f17ab207faa483e6bd8f1119ee10c	381	MobiDBLite	mobidb-lite	consensus disorder prediction	217	231	-	T	22-04-2026	-	-	-	-
GAV06555.1	069f17ab207faa483e6bd8f1119ee10c	381	MobiDBLite	mobidb-lite	consensus disorder prediction	367	381	-	T	22-04-2026	-	-	-	-
GAV00468.1	eb7ff9bef5017e24914108ffe4333b77	207	MobiDBLite	mobidb-lite	consensus disorder prediction	62	82	-	T	22-04-2026	-	-	-	-
GAU89328.1	d60c520e00e871466d7e878889aed382	355	Gene3D	G3DSA:3.10.20.90	-	164	263	6.2E-18	T	22-04-2026	-	-	-	-
GAU89328.1	d60c520e00e871466d7e878889aed382	355	ProSiteProfiles	PS50200	Ras-associating (RA) domain profile.	164	262	19.055593	T	22-04-2026	IPR000159	Ras-associating domain	-	-
GAU89328.1	d60c520e00e871466d7e878889aed382	355	SMART	SM00314	RA_5	65	165	3.2E-6	T	22-04-2026	IPR000159	Ras-associating domain	-	-
GAU89328.1	d60c520e00e871466d7e878889aed382	355	SMART	SM00314	RA_5	166	262	2.5E-5	T	22-04-2026	IPR000159	Ras-associating domain	-	-
GAU89328.1	d60c520e00e871466d7e878889aed382	355	ProSiteProfiles	PS50200	Ras-associating (RA) domain profile.	65	161	11.09087	T	22-04-2026	IPR000159	Ras-associating domain	-	-
GAU89328.1	d60c520e00e871466d7e878889aed382	355	Pfam	PF00788	Ras association (RalGDS/AF-6) domain	166	259	2.3E-7	T	22-04-2026	IPR000159	Ras-associating domain	-	-
GAU89328.1	d60c520e00e871466d7e878889aed382	355	Pfam	PF00788	Ras association (RalGDS/AF-6) domain	66	163	6.7E-8	T	22-04-2026	IPR000159	Ras-associating domain	-	-
GAU89328.1	d60c520e00e871466d7e878889aed382	355	SUPERFAMILY	SSF54236	Ubiquitin-like	66	164	5.38E-14	T	22-04-2026	IPR029071	Ubiquitin-like domain superfamily	-	-
GAU89328.1	d60c520e00e871466d7e878889aed382	355	Gene3D	G3DSA:3.10.20.90	-	38	163	8.0E-18	T	22-04-2026	-	-	-	-
GAU89328.1	d60c520e00e871466d7e878889aed382	355	MobiDBLite	mobidb-lite	consensus disorder prediction	34	58	-	T	22-04-2026	-	-	-	-
GAU89328.1	d60c520e00e871466d7e878889aed382	355	SUPERFAMILY	SSF54236	Ubiquitin-like	165	259	1.34E-14	T	22-04-2026	IPR029071	Ubiquitin-like domain superfamily	-	-
GAU89328.1	d60c520e00e871466d7e878889aed382	355	PANTHER	PTHR21298	UNCHARACTERIZED	43	262	3.8E-54	T	22-04-2026	-	-	-	-
GAU89328.1	d60c520e00e871466d7e878889aed382	355	CDD	cd17043	RA	167	259	1.13713E-16	T	22-04-2026	-	-	-	-
GAU89328.1	d60c520e00e871466d7e878889aed382	355	MobiDBLite	mobidb-lite	consensus disorder prediction	1	58	-	T	22-04-2026	-	-	-	-
GAV08038.1	ecd4425baa022ecba043bfb35ea52a3a	291	MobiDBLite	mobidb-lite	consensus disorder prediction	1	27	-	T	22-04-2026	-	-	-	-
GAV08038.1	ecd4425baa022ecba043bfb35ea52a3a	291	SMART	SM00353	finulus	22	78	8.8E-13	T	22-04-2026	IPR011598	Myc-type, basic helix-loop-helix (bHLH) domain	-	-
GAV08038.1	ecd4425baa022ecba043bfb35ea52a3a	291	SUPERFAMILY	SSF47459	HLH, helix-loop-helix DNA-binding domain	15	95	4.32E-17	T	22-04-2026	IPR036638	Helix-loop-helix DNA-binding domain superfamily	-	-
GAV08038.1	ecd4425baa022ecba043bfb35ea52a3a	291	CDD	cd11406	bHLHzip_Max	17	89	4.66172E-35	T	22-04-2026	-	-	-	-
GAV08038.1	ecd4425baa022ecba043bfb35ea52a3a	291	PANTHER	PTHR10328	PROTEIN MAX  MYC-ASSOCIATED FACTOR X	8	102	6.8E-27	T	22-04-2026	-	-	-	-
GAV08038.1	ecd4425baa022ecba043bfb35ea52a3a	291	Coils	Coil	Coil	83	103	-	T	22-04-2026	-	-	-	-
GAV08038.1	ecd4425baa022ecba043bfb35ea52a3a	291	Pfam	PF00010	Helix-loop-helix DNA-binding domain	17	72	1.4E-12	T	22-04-2026	IPR011598	Myc-type, basic helix-loop-helix (bHLH) domain	-	-
GAV08038.1	ecd4425baa022ecba043bfb35ea52a3a	291	ProSiteProfiles	PS50888	Myc-type, basic helix-loop-helix (bHLH) domain profile.	16	72	15.687918	T	22-04-2026	IPR011598	Myc-type, basic helix-loop-helix (bHLH) domain	-	-
GAV08038.1	ecd4425baa022ecba043bfb35ea52a3a	291	Gene3D	G3DSA:4.10.280.10	-	17	100	4.4E-23	T	22-04-2026	IPR036638	Helix-loop-helix DNA-binding domain superfamily	-	-
GAV08038.1	ecd4425baa022ecba043bfb35ea52a3a	291	MobiDBLite	mobidb-lite	consensus disorder prediction	262	291	-	T	22-04-2026	-	-	-	-
GAV08038.1	ecd4425baa022ecba043bfb35ea52a3a	291	FunFam	G3DSA:4.10.280.10:FF:000019	Myc proto-oncogene protein	15	102	6.5E-19	T	22-04-2026	-	-	-	-
GAU97561.1	e28c12d27cea12a4d7a6bf2fd4dd0aa5	154	PIRSF	PIRSF018147	ORM1	2	154	1.3E-53	T	22-04-2026	IPR007203	ORMDL family	-	-
GAU97561.1	e28c12d27cea12a4d7a6bf2fd4dd0aa5	154	PANTHER	PTHR12665	ORMDL PROTEINS	7	154	4.7E-54	T	22-04-2026	IPR007203	ORMDL family	-	-
GAU97561.1	e28c12d27cea12a4d7a6bf2fd4dd0aa5	154	Pfam	PF04061	ORMDL family	10	147	1.0E-45	T	22-04-2026	IPR007203	ORMDL family	-	-
GAV03925.1	bb52c13e8209982e72bb27c4e0a07e02	354	Gene3D	G3DSA:1.50.40.10	Mitochondrial carrier domain	67	353	1.4E-77	T	22-04-2026	IPR023395	Mitochondrial carrier domain superfamily	-	-
GAV03925.1	bb52c13e8209982e72bb27c4e0a07e02	354	SUPERFAMILY	SSF103506	Mitochondrial carrier	66	342	1.29E-73	T	22-04-2026	IPR023395	Mitochondrial carrier domain superfamily	-	-
GAV03925.1	bb52c13e8209982e72bb27c4e0a07e02	354	ProSiteProfiles	PS50920	Solute carrier (Solcar) repeat profile.	166	252	26.031319	T	22-04-2026	IPR018108	Mitochondrial substrate/solute carrier	-	-
GAV03925.1	bb52c13e8209982e72bb27c4e0a07e02	354	Pfam	PF00153	Mitochondrial carrier protein	269	350	2.6E-17	T	22-04-2026	IPR018108	Mitochondrial substrate/solute carrier	-	-
GAV03925.1	bb52c13e8209982e72bb27c4e0a07e02	354	Pfam	PF00153	Mitochondrial carrier protein	65	155	5.7E-19	T	22-04-2026	IPR018108	Mitochondrial substrate/solute carrier	-	-
GAV03925.1	bb52c13e8209982e72bb27c4e0a07e02	354	Pfam	PF00153	Mitochondrial carrier protein	166	255	9.8E-16	T	22-04-2026	IPR018108	Mitochondrial substrate/solute carrier	-	-
GAV03925.1	bb52c13e8209982e72bb27c4e0a07e02	354	ProSiteProfiles	PS50920	Solute carrier (Solcar) repeat profile.	262	347	27.232693	T	22-04-2026	IPR018108	Mitochondrial substrate/solute carrier	-	-
GAV03925.1	bb52c13e8209982e72bb27c4e0a07e02	354	PANTHER	PTHR45788	SUCCINATE/FUMARATE MITOCHONDRIAL TRANSPORTER-RELATED	65	353	2.8E-120	T	22-04-2026	IPR049563	Tricarboxylate transport protein-like	-	-
GAV03925.1	bb52c13e8209982e72bb27c4e0a07e02	354	MobiDBLite	mobidb-lite	consensus disorder prediction	1	20	-	T	22-04-2026	-	-	-	-
GAV03925.1	bb52c13e8209982e72bb27c4e0a07e02	354	ProSiteProfiles	PS50920	Solute carrier (Solcar) repeat profile.	64	155	26.846537	T	22-04-2026	IPR018108	Mitochondrial substrate/solute carrier	-	-
GAV03925.1	bb52c13e8209982e72bb27c4e0a07e02	354	MobiDBLite	mobidb-lite	consensus disorder prediction	1	15	-	T	22-04-2026	-	-	-	-
GAV03925.1	bb52c13e8209982e72bb27c4e0a07e02	354	FunFam	G3DSA:1.50.40.10:FF:000007	Mitochondrial tricarboxylate transport protein-like	67	351	4.0E-139	T	22-04-2026	-	-	-	-
GAU92790.1	286aa8162f202f3fba8251c6f6cbe219	441	PANTHER	PTHR11475	OXIDASE/PEROXIDASE	1	438	1.9E-160	T	22-04-2026	-	-	-	-
GAU92790.1	286aa8162f202f3fba8251c6f6cbe219	441	Pfam	PF03098	Animal haem peroxidase	1	414	3.8E-145	T	22-04-2026	IPR019791	Haem peroxidase, animal-type	-	-
GAU92790.1	286aa8162f202f3fba8251c6f6cbe219	441	ProSiteProfiles	PS50292	Animal heme peroxidase superfamily profile.	1	441	120.003845	T	22-04-2026	IPR019791	Haem peroxidase, animal-type	-	-
GAU92790.1	286aa8162f202f3fba8251c6f6cbe219	441	PRINTS	PR00457	Animal haem peroxidase signature	130	156	2.9E-30	T	22-04-2026	IPR019791	Haem peroxidase, animal-type	-	-
GAU92790.1	286aa8162f202f3fba8251c6f6cbe219	441	PRINTS	PR00457	Animal haem peroxidase signature	315	335	2.9E-30	T	22-04-2026	IPR019791	Haem peroxidase, animal-type	-	-
GAU92790.1	286aa8162f202f3fba8251c6f6cbe219	441	PRINTS	PR00457	Animal haem peroxidase signature	390	404	2.9E-30	T	22-04-2026	IPR019791	Haem peroxidase, animal-type	-	-
GAU92790.1	286aa8162f202f3fba8251c6f6cbe219	441	PRINTS	PR00457	Animal haem peroxidase signature	87	105	2.9E-30	T	22-04-2026	IPR019791	Haem peroxidase, animal-type	-	-
GAU92790.1	286aa8162f202f3fba8251c6f6cbe219	441	PRINTS	PR00457	Animal haem peroxidase signature	105	125	2.9E-30	T	22-04-2026	IPR019791	Haem peroxidase, animal-type	-	-
GAU92790.1	286aa8162f202f3fba8251c6f6cbe219	441	PRINTS	PR00457	Animal haem peroxidase signature	190	200	2.9E-30	T	22-04-2026	IPR019791	Haem peroxidase, animal-type	-	-
GAU92790.1	286aa8162f202f3fba8251c6f6cbe219	441	SUPERFAMILY	SSF48113	Heme-dependent peroxidases	1	438	2.35E-138	T	22-04-2026	IPR010255	Haem peroxidase superfamily	-	-
GAU92790.1	286aa8162f202f3fba8251c6f6cbe219	441	CDD	cd09823	peroxinectin_like	19	401	0.0	T	22-04-2026	-	-	-	-
GAU92790.1	286aa8162f202f3fba8251c6f6cbe219	441	FunFam	G3DSA:1.10.640.10:FF:000003	chorion peroxidase	1	440	4.4E-164	T	22-04-2026	-	-	-	-
GAU92790.1	286aa8162f202f3fba8251c6f6cbe219	441	Gene3D	G3DSA:1.10.640.10	Haem peroxidase domain superfamily, animal type	1	440	1.5E-154	T	22-04-2026	IPR037120	Haem peroxidase domain superfamily, animal type	-	-
GAV03750.1	df7c0bc9128aede50481a6c98f71a306	491	PANTHER	PTHR11003	POTASSIUM CHANNEL, SUBFAMILY K	31	457	2.3E-67	T	22-04-2026	IPR003280	Two pore domain potassium channel	-	-
GAV03750.1	df7c0bc9128aede50481a6c98f71a306	491	SUPERFAMILY	SSF81324	Voltage-gated potassium channels	341	435	3.01E-23	T	22-04-2026	-	-	-	-
GAV03750.1	df7c0bc9128aede50481a6c98f71a306	491	PRINTS	PR01333	Two pore domain K+ channel signature	229	257	9.7E-17	T	22-04-2026	IPR003280	Two pore domain potassium channel	-	-
GAV03750.1	df7c0bc9128aede50481a6c98f71a306	491	PRINTS	PR01333	Two pore domain K+ channel signature	389	398	9.7E-17	T	22-04-2026	IPR003280	Two pore domain potassium channel	-	-
GAV03750.1	df7c0bc9128aede50481a6c98f71a306	491	Gene3D	G3DSA:1.10.287.70	-	11	459	5.6E-74	T	22-04-2026	-	-	-	-
GAV03750.1	df7c0bc9128aede50481a6c98f71a306	491	Pfam	PF07885	Ion channel	214	272	1.4E-13	T	22-04-2026	IPR013099	Potassium channel domain	-	-
GAV03750.1	df7c0bc9128aede50481a6c98f71a306	491	Pfam	PF07885	Ion channel	357	435	3.2E-14	T	22-04-2026	IPR013099	Potassium channel domain	-	-
GAV03750.1	df7c0bc9128aede50481a6c98f71a306	491	SUPERFAMILY	SSF81324	Voltage-gated potassium channels	24	306	5.49E-24	T	22-04-2026	-	-	-	-
GAV07203.1	d57f19bfd2f21577baa81db3aec0bf9a	139	MobiDBLite	mobidb-lite	consensus disorder prediction	95	115	-	T	22-04-2026	-	-	-	-
GAV07203.1	d57f19bfd2f21577baa81db3aec0bf9a	139	MobiDBLite	mobidb-lite	consensus disorder prediction	81	139	-	T	22-04-2026	-	-	-	-
GAU95662.1	b2dfbc885bbda17398a2b9d8ab2f526f	417	MobiDBLite	mobidb-lite	consensus disorder prediction	1	192	-	T	22-04-2026	-	-	-	-
GAU95662.1	b2dfbc885bbda17398a2b9d8ab2f526f	417	MobiDBLite	mobidb-lite	consensus disorder prediction	335	359	-	T	22-04-2026	-	-	-	-
GAU95662.1	b2dfbc885bbda17398a2b9d8ab2f526f	417	MobiDBLite	mobidb-lite	consensus disorder prediction	343	359	-	T	22-04-2026	-	-	-	-
GAU95662.1	b2dfbc885bbda17398a2b9d8ab2f526f	417	MobiDBLite	mobidb-lite	consensus disorder prediction	119	192	-	T	22-04-2026	-	-	-	-
GAU95662.1	b2dfbc885bbda17398a2b9d8ab2f526f	417	MobiDBLite	mobidb-lite	consensus disorder prediction	62	82	-	T	22-04-2026	-	-	-	-
GAU95662.1	b2dfbc885bbda17398a2b9d8ab2f526f	417	PANTHER	PTHR13663	UNCHARACTERIZED	301	416	5.9E-46	T	22-04-2026	IPR039872	Uncharacterized protein KIAA0513	-	-
GAU95662.1	b2dfbc885bbda17398a2b9d8ab2f526f	417	MobiDBLite	mobidb-lite	consensus disorder prediction	15	39	-	T	22-04-2026	-	-	-	-
GAU93794.1	edef42488ebe78bcdd62114668732955	196	Gene3D	G3DSA:2.40.128.180	-	18	104	4.4E-29	T	22-04-2026	IPR038513	FAIM1 domain superfamily	-	-
GAU93794.1	edef42488ebe78bcdd62114668732955	196	Pfam	PF06905	Fas apoptotic inhibitory molecule (FAIM1)	20	191	1.8E-49	T	22-04-2026	IPR010695	Fas apoptotic inhibitory molecule 1	-	-
GAU93794.1	edef42488ebe78bcdd62114668732955	196	PANTHER	PTHR13088	FAS APOPTOTIC INHIBITORY MOLECULE FAIM	17	191	1.5E-43	T	22-04-2026	IPR010695	Fas apoptotic inhibitory molecule 1	-	-
GAU93794.1	edef42488ebe78bcdd62114668732955	196	Gene3D	G3DSA:2.40.128.180	-	111	194	3.6E-17	T	22-04-2026	IPR038513	FAIM1 domain superfamily	-	-
GAU96391.1	321e1ff9228b9baeef3d76a78188b9ec	197	Gene3D	G3DSA:2.40.160.110	-	8	163	2.3E-8	T	22-04-2026	-	-	-	-
GAV02618.1	1d5358a122027bf0d0482f5db4326074	137	PANTHER	PTHR47642	ATP-DEPENDENT DNA HELICASE	19	135	5.1E-9	T	22-04-2026	-	-	-	-
GAV02618.1	1d5358a122027bf0d0482f5db4326074	137	SUPERFAMILY	SSF52540	P-loop containing nucleoside triphosphate hydrolases	29	136	1.43E-6	T	22-04-2026	IPR027417	P-loop containing nucleoside triphosphate hydrolase	-	-
GAV05157.1	f833ac0dabcc102c6eea3d5e4e80f786	290	MobiDBLite	mobidb-lite	consensus disorder prediction	33	55	-	T	22-04-2026	-	-	-	-
GAV02950.1	0d49b092ed38167440a32e2e558a28d4	304	Gene3D	G3DSA:2.40.50.40	-	31	99	3.4E-8	T	22-04-2026	-	-	-	-
GAV02950.1	0d49b092ed38167440a32e2e558a28d4	304	ProSiteProfiles	PS50013	Chromo and chromo shadow domain profile.	35	96	10.964701	T	22-04-2026	IPR000953	Chromo/chromo shadow domain	-	-
GAV02950.1	0d49b092ed38167440a32e2e558a28d4	304	SMART	SM00298	chromo_7	34	90	0.002	T	22-04-2026	IPR000953	Chromo/chromo shadow domain	-	-
GAV02950.1	0d49b092ed38167440a32e2e558a28d4	304	MobiDBLite	mobidb-lite	consensus disorder prediction	1	19	-	T	22-04-2026	-	-	-	-
GAV02950.1	0d49b092ed38167440a32e2e558a28d4	304	SUPERFAMILY	SSF54160	Chromo domain-like	31	87	1.2E-7	T	22-04-2026	IPR016197	Chromo-like domain superfamily	-	-
GAV02950.1	0d49b092ed38167440a32e2e558a28d4	304	MobiDBLite	mobidb-lite	consensus disorder prediction	1	23	-	T	22-04-2026	-	-	-	-
GAU87876.1	6a87da8371701d180580bce1f2f0ac8c	283	Coils	Coil	Coil	216	250	-	T	22-04-2026	-	-	-	-
GAU87876.1	6a87da8371701d180580bce1f2f0ac8c	283	Coils	Coil	Coil	126	160	-	T	22-04-2026	-	-	-	-
GAV09919.1	ba0eb58cd7bd2415c901e47ba025d4e6	185	PANTHER	PTHR46579	F5/8 TYPE C DOMAIN-CONTAINING PROTEIN-RELATED	20	105	7.0E-12	T	22-04-2026	-	-	-	-
GAV03711.1	aa58479963ee3e899d12de99619021d3	116	MobiDBLite	mobidb-lite	consensus disorder prediction	16	39	-	T	22-04-2026	-	-	-	-
GAV03711.1	aa58479963ee3e899d12de99619021d3	116	MobiDBLite	mobidb-lite	consensus disorder prediction	1	39	-	T	22-04-2026	-	-	-	-
GAV03711.1	aa58479963ee3e899d12de99619021d3	116	MobiDBLite	mobidb-lite	consensus disorder prediction	1	15	-	T	22-04-2026	-	-	-	-
GAV08846.1	df57704155f7938a9c2a9feea86e14d4	218	Pfam	PF08660	Oligosaccharide biosynthesis protein Alg14 like	48	217	1.3E-55	T	22-04-2026	IPR013969	Oligosaccharide biosynthesis protein Alg14-like	-	-
GAV08846.1	df57704155f7938a9c2a9feea86e14d4	218	PANTHER	PTHR12154	GLYCOSYL TRANSFERASE-RELATED	9	218	5.7E-68	T	22-04-2026	IPR013969	Oligosaccharide biosynthesis protein Alg14-like	-	-
GAV08846.1	df57704155f7938a9c2a9feea86e14d4	218	SUPERFAMILY	SSF53756	UDP-Glycosyltransferase/glycogen phosphorylase	49	162	4.92E-6	T	22-04-2026	-	-	-	-
GAV08846.1	df57704155f7938a9c2a9feea86e14d4	218	Gene3D	G3DSA:3.40.50.2000	Glycogen Phosphorylase B;	47	218	2.2E-22	T	22-04-2026	-	-	-	-
GAU97212.1	cf598498dc2b9e8c2b70160607d4439d	293	PANTHER	PTHR21016	BETA-AMYLOID BINDING PROTEIN-RELATED	109	291	4.2E-52	T	22-04-2026	-	-	-	-
GAU97212.1	cf598498dc2b9e8c2b70160607d4439d	293	Pfam	PF05154	TM2 domain	228	275	2.6E-11	T	22-04-2026	IPR007829	TM2 domain	-	-
GAU90166.1	3eac57421dffcdbf646219971bac2c38	293	MobiDBLite	mobidb-lite	consensus disorder prediction	235	293	-	T	22-04-2026	-	-	-	-
GAU90166.1	3eac57421dffcdbf646219971bac2c38	293	MobiDBLite	mobidb-lite	consensus disorder prediction	81	103	-	T	22-04-2026	-	-	-	-
GAU90166.1	3eac57421dffcdbf646219971bac2c38	293	MobiDBLite	mobidb-lite	consensus disorder prediction	235	255	-	T	22-04-2026	-	-	-	-
GAV09279.1	f2e602302e0da59efdce1f0cfd679fa1	281	SUPERFAMILY	SSF49562	C2 domain (Calcium/lipid-binding domain, CaLB)	121	246	1.1E-7	T	22-04-2026	IPR035892	C2 domain superfamily	-	-
GAV09279.1	f2e602302e0da59efdce1f0cfd679fa1	281	MobiDBLite	mobidb-lite	consensus disorder prediction	66	94	-	T	22-04-2026	-	-	-	-
GAV09279.1	f2e602302e0da59efdce1f0cfd679fa1	281	Gene3D	G3DSA:2.60.40.150	C2 domain	115	250	3.6E-7	T	22-04-2026	IPR035892	C2 domain superfamily	-	-
GAV09279.1	f2e602302e0da59efdce1f0cfd679fa1	281	MobiDBLite	mobidb-lite	consensus disorder prediction	30	54	-	T	22-04-2026	-	-	-	-
GAV00888.1	ea2d1aaf7e3748a95e166885a8a1e6ca	221	SUPERFAMILY	SSF47113	Histone-fold	20	119	2.87E-29	T	22-04-2026	IPR009072	Histone-fold	-	-
GAV00888.1	ea2d1aaf7e3748a95e166885a8a1e6ca	221	Gene3D	G3DSA:1.10.20.10	Histone, subunit A	12	129	3.0E-45	T	22-04-2026	IPR009072	Histone-fold	-	-
GAV00888.1	ea2d1aaf7e3748a95e166885a8a1e6ca	221	PRINTS	PR00620	Histone H2A signature	99	117	1.3E-31	T	22-04-2026	IPR002119	Histone H2A	-	-
GAV00888.1	ea2d1aaf7e3748a95e166885a8a1e6ca	221	PRINTS	PR00620	Histone H2A signature	42	57	1.3E-31	T	22-04-2026	IPR002119	Histone H2A	-	-
GAV00888.1	ea2d1aaf7e3748a95e166885a8a1e6ca	221	PRINTS	PR00620	Histone H2A signature	57	70	1.3E-31	T	22-04-2026	IPR002119	Histone H2A	-	-
GAV00888.1	ea2d1aaf7e3748a95e166885a8a1e6ca	221	PRINTS	PR00620	Histone H2A signature	71	85	1.3E-31	T	22-04-2026	IPR002119	Histone H2A	-	-
GAV00888.1	ea2d1aaf7e3748a95e166885a8a1e6ca	221	CDD	cd00074	H2A	16	119	4.22388E-50	T	22-04-2026	IPR002119	Histone H2A	-	-
GAV00888.1	ea2d1aaf7e3748a95e166885a8a1e6ca	221	Pfam	PF00125	Core histone H2A/H2B/H3/H4	48	88	3.5E-4	T	22-04-2026	IPR007125	Histone H2A/H2B/H3	-	-
GAV00888.1	ea2d1aaf7e3748a95e166885a8a1e6ca	221	PANTHER	PTHR23430	HISTONE H2A	20	120	9.0E-41	T	22-04-2026	IPR002119	Histone H2A	-	-
GAV00888.1	ea2d1aaf7e3748a95e166885a8a1e6ca	221	Pfam	PF16211	C-terminus of histone H2A	91	123	6.6E-12	T	22-04-2026	IPR032454	Histone H2A, C-terminal domain	-	-
GAV00888.1	ea2d1aaf7e3748a95e166885a8a1e6ca	221	SMART	SM00414	h2a4	11	122	5.5E-51	T	22-04-2026	IPR002119	Histone H2A	-	-
GAV00888.1	ea2d1aaf7e3748a95e166885a8a1e6ca	221	FunFam	G3DSA:1.10.20.10:FF:000173	Histone H2A	13	124	9.6E-47	T	22-04-2026	-	-	-	-
GAU91847.1	0c958650b780e34b6292120c29e34da0	299	Gene3D	G3DSA:3.40.50.1820	alpha/beta hydrolase	8	295	2.9E-47	T	22-04-2026	IPR029058	Alpha/Beta hydrolase fold	-	-
GAU91847.1	0c958650b780e34b6292120c29e34da0	299	SUPERFAMILY	SSF53474	alpha/beta-Hydrolases	12	299	7.91E-41	T	22-04-2026	IPR029058	Alpha/Beta hydrolase fold	-	-
GAU91847.1	0c958650b780e34b6292120c29e34da0	299	PANTHER	PTHR43798	MONOACYLGLYCEROL LIPASE	30	299	1.9E-27	T	22-04-2026	-	-	-	-
GAU91847.1	0c958650b780e34b6292120c29e34da0	299	Pfam	PF00561	alpha/beta hydrolase fold	33	143	1.7E-19	T	22-04-2026	IPR000073	Alpha/beta hydrolase fold-1	-	-
GAU93796.1	d8f3abe87bd486445654e6c8d572f00b	190	MobiDBLite	mobidb-lite	consensus disorder prediction	1	46	-	T	22-04-2026	-	-	-	-
GAU92523.1	0a38d92e2ceade1a5945931426b1001b	512	Pfam	PF12849	PBP superfamily domain	194	429	2.3E-4	T	22-04-2026	IPR024370	PBP domain	-	-
GAU92523.1	0a38d92e2ceade1a5945931426b1001b	512	Gene3D	G3DSA:3.40.190.10	-	200	395	5.4E-20	T	22-04-2026	-	-	-	-
GAU92523.1	0a38d92e2ceade1a5945931426b1001b	512	MobiDBLite	mobidb-lite	consensus disorder prediction	44	86	-	T	22-04-2026	-	-	-	-
GAU92523.1	0a38d92e2ceade1a5945931426b1001b	512	PANTHER	PTHR42996	PHOSPHATE-BINDING PROTEIN PSTS	190	239	6.1E-11	T	22-04-2026	-	-	-	-
GAU92523.1	0a38d92e2ceade1a5945931426b1001b	512	SUPERFAMILY	SSF53850	Periplasmic binding protein-like II	187	471	4.96E-21	T	22-04-2026	-	-	-	-
GAV04111.1	ef4295a92d4a293d4934067ac4b3aa38	425	FunFam	G3DSA:1.10.1000.11:FF:000002	Cytohesin 1	158	282	4.7E-49	T	22-04-2026	-	-	-	-
GAV04111.1	ef4295a92d4a293d4934067ac4b3aa38	425	Pfam	PF01369	Sec7 domain	87	268	1.9E-66	T	22-04-2026	IPR000904	Sec7 domain	-	-
GAV04111.1	ef4295a92d4a293d4934067ac4b3aa38	425	Gene3D	G3DSA:1.10.1000.11	-	158	283	1.7E-43	T	22-04-2026	IPR023394	Sec7, C-terminal domain superfamily	-	-
GAV04111.1	ef4295a92d4a293d4934067ac4b3aa38	425	SUPERFAMILY	SSF48425	Sec7 domain	89	276	1.96E-67	T	22-04-2026	IPR035999	Sec7 domain superfamily	-	-
GAV04111.1	ef4295a92d4a293d4934067ac4b3aa38	425	Gene3D	G3DSA:1.10.220.20	-	83	157	1.0E-23	T	22-04-2026	-	-	-	-
GAV04111.1	ef4295a92d4a293d4934067ac4b3aa38	425	PANTHER	PTHR10663	GUANYL-NUCLEOTIDE EXCHANGE FACTOR	27	302	1.2E-86	T	22-04-2026	-	-	-	-
GAV04111.1	ef4295a92d4a293d4934067ac4b3aa38	425	MobiDBLite	mobidb-lite	consensus disorder prediction	7	36	-	T	22-04-2026	-	-	-	-
GAV04111.1	ef4295a92d4a293d4934067ac4b3aa38	425	SMART	SM00222	sec7_5	82	268	8.0E-80	T	22-04-2026	IPR000904	Sec7 domain	-	-
GAV04111.1	ef4295a92d4a293d4934067ac4b3aa38	425	MobiDBLite	mobidb-lite	consensus disorder prediction	1	36	-	T	22-04-2026	-	-	-	-
GAV04111.1	ef4295a92d4a293d4934067ac4b3aa38	425	Gene3D	G3DSA:2.30.29.30	-	284	412	2.0E-34	T	22-04-2026	IPR011993	PH-like domain superfamily	-	-
GAV04111.1	ef4295a92d4a293d4934067ac4b3aa38	425	SUPERFAMILY	SSF50729	PH domain-like	242	400	4.2E-30	T	22-04-2026	-	-	-	-
GAV04111.1	ef4295a92d4a293d4934067ac4b3aa38	425	Pfam	PF00169	PH domain	287	399	3.8E-19	T	22-04-2026	IPR001849	Pleckstrin homology domain	-	-
GAV04111.1	ef4295a92d4a293d4934067ac4b3aa38	425	CDD	cd00171	Sec7	87	268	3.55849E-79	T	22-04-2026	IPR000904	Sec7 domain	-	-
GAV04111.1	ef4295a92d4a293d4934067ac4b3aa38	425	Coils	Coil	Coil	43	63	-	T	22-04-2026	-	-	-	-
GAV04111.1	ef4295a92d4a293d4934067ac4b3aa38	425	ProSiteProfiles	PS50003	PH domain profile.	284	401	18.658701	T	22-04-2026	IPR001849	Pleckstrin homology domain	-	-
GAV04111.1	ef4295a92d4a293d4934067ac4b3aa38	425	SMART	SM00233	PH_update	285	403	8.4E-22	T	22-04-2026	IPR001849	Pleckstrin homology domain	-	-
GAV04111.1	ef4295a92d4a293d4934067ac4b3aa38	425	ProSiteProfiles	PS50190	SEC7 domain profile.	78	266	39.125317	T	22-04-2026	IPR000904	Sec7 domain	-	-
GAU93509.1	16818e566b5da06b29adbd5287404279	623	SMART	SM00533	DNAend	53	386	6.3E-64	T	22-04-2026	IPR007696	DNA mismatch repair protein MutS, core	-	-
GAU93509.1	16818e566b5da06b29adbd5287404279	623	SUPERFAMILY	SSF48334	DNA repair protein MutS, domain III	53	355	1.11E-55	T	22-04-2026	IPR036187	DNA mismatch repair protein MutS, core domain superfamily	-	-
GAU93509.1	16818e566b5da06b29adbd5287404279	623	SMART	SM00534	mutATP5	403	590	9.9E-105	T	22-04-2026	IPR000432	DNA mismatch repair protein MutS, C-terminal	-	-
GAU93509.1	16818e566b5da06b29adbd5287404279	623	ProSitePatterns	PS00486	DNA mismatch repair proteins mutS family signature.	484	500	-	T	22-04-2026	IPR000432	DNA mismatch repair protein MutS, C-terminal	-	-
GAU93509.1	16818e566b5da06b29adbd5287404279	623	Pfam	PF05192	MutS domain III	45	350	7.2E-31	T	22-04-2026	IPR007696	DNA mismatch repair protein MutS, core	-	-
GAU93509.1	16818e566b5da06b29adbd5287404279	623	Gene3D	G3DSA:3.40.50.300	-	361	604	2.5E-98	T	22-04-2026	IPR027417	P-loop containing nucleoside triphosphate hydrolase	-	-
GAU93509.1	16818e566b5da06b29adbd5287404279	623	Gene3D	G3DSA:1.10.1420.10	-	38	253	3.7E-45	T	22-04-2026	-	-	-	-
GAU93509.1	16818e566b5da06b29adbd5287404279	623	Gene3D	G3DSA:1.10.1420.10	-	263	360	8.1E-8	T	22-04-2026	-	-	-	-
GAU93509.1	16818e566b5da06b29adbd5287404279	623	PANTHER	PTHR11361	DNA MISMATCH REPAIR PROTEIN MUTS FAMILY MEMBER	28	597	1.1E-147	T	22-04-2026	IPR045076	DNA mismatch repair MutS family	-	-
GAU93509.1	16818e566b5da06b29adbd5287404279	623	Coils	Coil	Coil	216	240	-	T	22-04-2026	-	-	-	-
GAU93509.1	16818e566b5da06b29adbd5287404279	623	Coils	Coil	Coil	297	317	-	T	22-04-2026	-	-	-	-
GAU93509.1	16818e566b5da06b29adbd5287404279	623	Pfam	PF05190	MutS family domain IV	212	308	1.9E-6	T	22-04-2026	IPR007861	DNA mismatch repair protein MutS, clamp	-	-
GAU93509.1	16818e566b5da06b29adbd5287404279	623	Pfam	PF00488	MutS domain V	407	593	1.2E-72	T	22-04-2026	IPR000432	DNA mismatch repair protein MutS, C-terminal	-	-
GAU93509.1	16818e566b5da06b29adbd5287404279	623	SUPERFAMILY	SSF52540	P-loop containing nucleoside triphosphate hydrolases	360	594	9.1E-54	T	22-04-2026	IPR027417	P-loop containing nucleoside triphosphate hydrolase	-	-
GAU93509.1	16818e566b5da06b29adbd5287404279	623	PIRSF	PIRSF005813	MSH2	10	605	8.6E-203	T	22-04-2026	IPR011184	DNA mismatch repair Msh2-type	-	-
GAV01560.1	b91dc1998f7e29926da0ae235a4692ca	448	Coils	Coil	Coil	246	266	-	T	22-04-2026	-	-	-	-
GAU95348.1	339331f698e02d4071ad3aeb41affda0	350	CDD	cd00112	LDLa	180	211	8.21879E-10	T	22-04-2026	IPR002172	Low-density lipoprotein (LDL) receptor class A repeat	-	-
GAU95348.1	339331f698e02d4071ad3aeb41affda0	350	PANTHER	PTHR24652	LOW-DENSITY LIPOPROTEIN RECEPTOR CLASS A DOMAIN-CONTAINING PROTEIN 2	76	220	3.0E-16	T	22-04-2026	IPR042333	Low-density lipoprotein receptor class A domain-containing protein 2	-	-
GAU95348.1	339331f698e02d4071ad3aeb41affda0	350	SUPERFAMILY	SSF57424	LDL receptor-like module	175	211	2.36E-7	T	22-04-2026	IPR036055	LDL receptor-like superfamily	-	-
GAU95348.1	339331f698e02d4071ad3aeb41affda0	350	Gene3D	G3DSA:4.10.400.10	-	176	218	2.3E-9	T	22-04-2026	IPR036055	LDL receptor-like superfamily	-	-
GAU95348.1	339331f698e02d4071ad3aeb41affda0	350	ProSiteProfiles	PS50068	LDL-receptor class A (LDLRA) domain profile.	180	212	10.5	T	22-04-2026	IPR002172	Low-density lipoprotein (LDL) receptor class A repeat	-	-
GAU95348.1	339331f698e02d4071ad3aeb41affda0	350	SMART	SM00192	LDLa_2	177	213	5.2E-8	T	22-04-2026	IPR002172	Low-density lipoprotein (LDL) receptor class A repeat	-	-
GAU95348.1	339331f698e02d4071ad3aeb41affda0	350	Pfam	PF00057	Low-density lipoprotein receptor domain class A	178	211	0.0096	T	22-04-2026	IPR002172	Low-density lipoprotein (LDL) receptor class A repeat	-	-
GAU88361.1	fffdb5d791cac3684ec2050168421cae	77	ProSiteProfiles	PS50096	IQ motif profile.	15	44	9.340301	T	22-04-2026	IPR000048	IQ motif, EF-hand binding site	-	-
GAU88361.1	fffdb5d791cac3684ec2050168421cae	77	MobiDBLite	mobidb-lite	consensus disorder prediction	1	77	-	T	22-04-2026	-	-	-	-
GAU88361.1	fffdb5d791cac3684ec2050168421cae	77	MobiDBLite	mobidb-lite	consensus disorder prediction	7	44	-	T	22-04-2026	-	-	-	-
GAU88361.1	fffdb5d791cac3684ec2050168421cae	77	MobiDBLite	mobidb-lite	consensus disorder prediction	49	77	-	T	22-04-2026	-	-	-	-
GAU88361.1	fffdb5d791cac3684ec2050168421cae	77	Gene3D	G3DSA:1.20.5.190	-	6	34	1.4E-5	T	22-04-2026	-	-	-	-
GAV03412.1	b608e1d97d9d6e229ed7ba6eb9f54c13	60	MobiDBLite	mobidb-lite	consensus disorder prediction	21	40	-	T	22-04-2026	-	-	-	-
GAV09683.1	fe62e2cdd9abfd3adb192e5c3f483a94	82	CDD	cd18186	BTB_POZ_ZBTB_KLHL-like	1	52	8.61486E-9	T	22-04-2026	-	-	-	-
GAV09683.1	fe62e2cdd9abfd3adb192e5c3f483a94	82	Gene3D	G3DSA:3.30.710.10	Potassium Channel Kv1.1; Chain A	1	75	7.0E-6	T	22-04-2026	IPR011333	SKP1/BTB/POZ domain superfamily	-	-
GAV09683.1	fe62e2cdd9abfd3adb192e5c3f483a94	82	SUPERFAMILY	SSF54695	POZ domain	1	52	1.46E-5	T	22-04-2026	IPR011333	SKP1/BTB/POZ domain superfamily	-	-
GAV10042.1	c8a7aed042972c6ec571cb2c16de2e11	264	PANTHER	PTHR23120	MAESTRO-RELATED HEAT DOMAIN-CONTAINING	1	255	2.9E-38	T	22-04-2026	IPR045206	Maestro heat-like repeat-containing protein	-	-
GAV10042.1	c8a7aed042972c6ec571cb2c16de2e11	264	SUPERFAMILY	SSF48371	ARM repeat	3	259	4.16E-13	T	22-04-2026	IPR016024	Armadillo-type fold	-	-
GAV10042.1	c8a7aed042972c6ec571cb2c16de2e11	264	Gene3D	G3DSA:1.25.10.10	-	1	263	1.0E-8	T	22-04-2026	IPR011989	Armadillo-like helical	-	-
GAU97683.1	e86aa9cc1f3b726a1dbe1a07f84a4fd9	881	FunFam	G3DSA:1.25.10.10:FF:000027	Importin subunit beta-1	1	870	2.8E-253	T	22-04-2026	-	-	-	-
GAU97683.1	e86aa9cc1f3b726a1dbe1a07f84a4fd9	881	ProSiteProfiles	PS50166	Importin-beta N-terminal domain profile.	21	101	13.285525	T	22-04-2026	IPR001494	Importin-beta, N-terminal domain	-	-
GAU97683.1	e86aa9cc1f3b726a1dbe1a07f84a4fd9	881	SUPERFAMILY	SSF48371	ARM repeat	1	868	6.08E-119	T	22-04-2026	IPR016024	Armadillo-type fold	-	-
GAU97683.1	e86aa9cc1f3b726a1dbe1a07f84a4fd9	881	PANTHER	PTHR10527	IMPORTIN BETA	8	825	1.1E-72	T	22-04-2026	IPR040122	Importin beta family	-	-
GAU97683.1	e86aa9cc1f3b726a1dbe1a07f84a4fd9	881	SMART	SM00913	IBN_N_2	21	101	1.1E-5	T	22-04-2026	IPR001494	Importin-beta, N-terminal domain	-	-
GAU97683.1	e86aa9cc1f3b726a1dbe1a07f84a4fd9	881	Gene3D	G3DSA:1.25.10.10	-	1	876	9.7E-246	T	22-04-2026	IPR011989	Armadillo-like helical	-	-
GAU97683.1	e86aa9cc1f3b726a1dbe1a07f84a4fd9	881	Pfam	PF03810	Importin-beta N-terminal domain	21	100	0.29	T	22-04-2026	IPR001494	Importin-beta, N-terminal domain	-	-
GAU97683.1	e86aa9cc1f3b726a1dbe1a07f84a4fd9	881	Pfam	PF13513	HEAT-like repeat	381	436	1.3E-5	T	22-04-2026	-	-	-	-
GAU97284.1	80cac1b63bbeb161f88d68707331af71	447	MobiDBLite	mobidb-lite	consensus disorder prediction	225	267	-	T	22-04-2026	-	-	-	-
GAU88627.1	e72aa17f9e59a0b342dca32afcf8d614	242	Coils	Coil	Coil	13	64	-	T	22-04-2026	-	-	-	-
GAU88627.1	e72aa17f9e59a0b342dca32afcf8d614	242	ProSiteProfiles	PS51896	Zinc finger C4H2-type profile.	199	241	14.327262	T	22-04-2026	IPR044069	Zinc finger C4H2-type	-	-
GAU88627.1	e72aa17f9e59a0b342dca32afcf8d614	242	PANTHER	PTHR31058	ZINC FINGER C4H2 DOMAIN-CONTAINING PROTEIN	3	240	4.6E-51	T	22-04-2026	IPR018482	Zinc finger C4H2 domain-containing protein	-	-
GAU88627.1	e72aa17f9e59a0b342dca32afcf8d614	242	Pfam	PF10146	Zinc finger-containing protein	13	239	4.6E-45	T	22-04-2026	IPR018482	Zinc finger C4H2 domain-containing protein	-	-
GAU93138.1	3d82d1b5b06033db680703e00c92bd08	347	MobiDBLite	mobidb-lite	consensus disorder prediction	1	43	-	T	22-04-2026	-	-	-	-
GAU93138.1	3d82d1b5b06033db680703e00c92bd08	347	PANTHER	PTHR11783	SULFOTRANSFERASE  SULT	72	335	1.2E-58	T	22-04-2026	-	-	-	-
GAU93138.1	3d82d1b5b06033db680703e00c92bd08	347	Gene3D	G3DSA:3.40.50.300	-	51	347	1.1E-77	T	22-04-2026	IPR027417	P-loop containing nucleoside triphosphate hydrolase	-	-
GAU93138.1	3d82d1b5b06033db680703e00c92bd08	347	Pfam	PF00685	Sulfotransferase domain	84	336	3.5E-59	T	22-04-2026	IPR000863	Sulfotransferase domain	-	-
GAU93138.1	3d82d1b5b06033db680703e00c92bd08	347	MobiDBLite	mobidb-lite	consensus disorder prediction	26	43	-	T	22-04-2026	-	-	-	-
GAU93138.1	3d82d1b5b06033db680703e00c92bd08	347	SUPERFAMILY	SSF52540	P-loop containing nucleoside triphosphate hydrolases	58	340	1.78E-70	T	22-04-2026	IPR027417	P-loop containing nucleoside triphosphate hydrolase	-	-
GAU99586.1	9380539d217e50bddc7dbe62c253a8de	282	Gene3D	G3DSA:3.30.900.10	HORMA domain	19	189	1.2E-13	T	22-04-2026	IPR036570	HORMA domain superfamily	-	-
GAU99586.1	9380539d217e50bddc7dbe62c253a8de	282	Pfam	PF02301	HORMA domain	32	166	4.0E-7	T	22-04-2026	IPR003511	HORMA domain	-	-
GAV01254.1	514bf836cc93a6ed39455b42b0279419	218	Pfam	PF17900	Peptidase M1 N-terminal domain	84	218	0.002	T	22-04-2026	IPR045357	Aminopeptidase N-like , N-terminal domain	-	-
GAV01254.1	514bf836cc93a6ed39455b42b0279419	218	Gene3D	G3DSA:2.60.40.1730	tricorn interacting facor f3 domain	72	218	2.1E-16	T	22-04-2026	IPR042097	Aminopeptidase N-like , N-terminal domain superfamliy	-	-
GAV01254.1	514bf836cc93a6ed39455b42b0279419	218	SUPERFAMILY	SSF63737	Leukotriene A4 hydrolase N-terminal domain	70	214	5.49E-10	T	22-04-2026	IPR042097	Aminopeptidase N-like , N-terminal domain superfamliy	-	-
GAV01254.1	514bf836cc93a6ed39455b42b0279419	218	PANTHER	PTHR11533	PROTEASE M1 ZINC METALLOPROTEASE	19	214	1.3E-11	T	22-04-2026	-	-	-	-
GAV06861.1	f8f6e5add29e617074917d9569fb23f9	423	Pfam	PF13964	Kelch motif	276	319	0.01	T	22-04-2026	-	-	-	-
GAV06861.1	f8f6e5add29e617074917d9569fb23f9	423	Pfam	PF13415	Galactose oxidase, central domain	116	163	0.072	T	22-04-2026	-	-	-	-
GAV06861.1	f8f6e5add29e617074917d9569fb23f9	423	Pfam	PF01344	Kelch motif	49	98	0.21	T	22-04-2026	IPR006652	Kelch repeat type 1	-	-
GAV06861.1	f8f6e5add29e617074917d9569fb23f9	423	SUPERFAMILY	SSF117281	Kelch motif	210	357	6.15E-26	T	22-04-2026	IPR015915	Kelch-type beta propeller	-	-
GAV06861.1	f8f6e5add29e617074917d9569fb23f9	423	SUPERFAMILY	SSF117281	Kelch motif	44	269	1.2E-37	T	22-04-2026	IPR015915	Kelch-type beta propeller	-	-
GAV06861.1	f8f6e5add29e617074917d9569fb23f9	423	PANTHER	PTHR46428	KELCH DOMAIN-CONTAINING PROTEIN 10	39	388	3.1E-105	T	22-04-2026	-	-	-	-
GAV06861.1	f8f6e5add29e617074917d9569fb23f9	423	Gene3D	G3DSA:2.120.10.80	-	22	269	1.3E-41	T	22-04-2026	IPR015915	Kelch-type beta propeller	-	-
GAV06861.1	f8f6e5add29e617074917d9569fb23f9	423	Pfam	PF13854	Kelch motif	216	254	0.18	T	22-04-2026	-	-	-	-
GAV06861.1	f8f6e5add29e617074917d9569fb23f9	423	Gene3D	G3DSA:2.120.10.80	-	270	399	2.1E-19	T	22-04-2026	IPR015915	Kelch-type beta propeller	-	-
GAV04165.1	6cbae9e1a389fcc26f5eafdf4dba6991	670	PANTHER	PTHR12216	UROCANATE HYDRATASE	5	666	0.0	T	22-04-2026	IPR023637	Urocanase	-	-
GAV04165.1	6cbae9e1a389fcc26f5eafdf4dba6991	670	FunFam	G3DSA:3.40.1770.10:FF:000003	Urocanate hydratase 1	436	656	5.2E-118	T	22-04-2026	-	-	-	-
GAV04165.1	6cbae9e1a389fcc26f5eafdf4dba6991	670	FunFam	G3DSA:3.40.50.10730:FF:000002	Urocanate hydratase 1	220	437	1.4E-107	T	22-04-2026	-	-	-	-
GAV04165.1	6cbae9e1a389fcc26f5eafdf4dba6991	670	Gene3D	G3DSA:3.40.1770.10	Urocanase superfamily	436	657	1.7E-75	T	22-04-2026	-	-	-	-
GAV04165.1	6cbae9e1a389fcc26f5eafdf4dba6991	670	Gene3D	G3DSA:3.40.1770.10	Urocanase superfamily	82	220	1.3E-55	T	22-04-2026	-	-	-	-
GAV04165.1	6cbae9e1a389fcc26f5eafdf4dba6991	670	ProSitePatterns	PS01233	Urocanase signature.	543	558	-	T	22-04-2026	IPR023636	Urocanase conserved site	-	-
GAV04165.1	6cbae9e1a389fcc26f5eafdf4dba6991	670	Gene3D	G3DSA:3.40.50.10730	Urocanase like domains	221	435	1.4E-64	T	22-04-2026	IPR038364	Urocanase, central domain superfamily	-	-
GAV04165.1	6cbae9e1a389fcc26f5eafdf4dba6991	670	Hamap	MF_00577	Urocanate hydratase [hutU].	57	662	46.039555	T	22-04-2026	IPR023637	Urocanase	-	-
GAV04165.1	6cbae9e1a389fcc26f5eafdf4dba6991	670	SUPERFAMILY	SSF111326	Urocanase	86	655	4.32E-220	T	22-04-2026	IPR036190	Urocanase superfamily	-	-
GAV04165.1	6cbae9e1a389fcc26f5eafdf4dba6991	670	Pfam	PF17392	Urocanase C-terminal domain	440	647	1.7E-80	T	22-04-2026	IPR035401	Urocanase, C-terminal domain	-	-
GAV04165.1	6cbae9e1a389fcc26f5eafdf4dba6991	670	Pfam	PF01175	Urocanase Rossmann-like domain	215	437	1.7E-74	T	22-04-2026	IPR035085	Urocanase, Rossmann-like domain	-	-
GAV04165.1	6cbae9e1a389fcc26f5eafdf4dba6991	670	PIRSF	PIRSF001423	Urocanate_hydrat	65	664	1.8E-212	T	22-04-2026	IPR023637	Urocanase	-	-
GAV04165.1	6cbae9e1a389fcc26f5eafdf4dba6991	670	Pfam	PF17391	Urocanase N-terminal domain	86	212	5.3E-53	T	22-04-2026	IPR035400	Urocanase, N-terminal domain	-	-
GAV04165.1	6cbae9e1a389fcc26f5eafdf4dba6991	670	FunFam	G3DSA:3.40.1770.10:FF:000002	Urocanate hydratase 1	82	219	6.4E-76	T	22-04-2026	-	-	-	-
GAV03702.1	16d18eac9b65cbcf7a539819608e546d	621	MobiDBLite	mobidb-lite	consensus disorder prediction	356	400	-	T	22-04-2026	-	-	-	-
GAV03702.1	16d18eac9b65cbcf7a539819608e546d	621	ProSiteProfiles	PS51460	GAR domain profile.	232	304	31.941271	T	22-04-2026	IPR003108	GAR domain	-	-
GAV03702.1	16d18eac9b65cbcf7a539819608e546d	621	PANTHER	PTHR46756	TRANSGELIN	5	552	2.0E-74	T	22-04-2026	-	-	-	-
GAV03702.1	16d18eac9b65cbcf7a539819608e546d	621	SMART	SM00033	ch_5	19	141	8.1E-7	T	22-04-2026	IPR001715	Calponin homology domain	-	-
GAV03702.1	16d18eac9b65cbcf7a539819608e546d	621	MobiDBLite	mobidb-lite	consensus disorder prediction	460	494	-	T	22-04-2026	-	-	-	-
GAV03702.1	16d18eac9b65cbcf7a539819608e546d	621	Gene3D	G3DSA:3.30.920.20	-	229	319	2.3E-26	T	22-04-2026	IPR036534	GAR domain superfamily	-	-
GAV03702.1	16d18eac9b65cbcf7a539819608e546d	621	SMART	SM00243	Growth-Arrest-Specific Protein 2 Domain	235	307	2.6E-35	T	22-04-2026	IPR003108	GAR domain	-	-
GAV03702.1	16d18eac9b65cbcf7a539819608e546d	621	MobiDBLite	mobidb-lite	consensus disorder prediction	209	230	-	T	22-04-2026	-	-	-	-
GAV03702.1	16d18eac9b65cbcf7a539819608e546d	621	SUPERFAMILY	SSF143575	GAS2 domain-like	236	312	7.19E-22	T	22-04-2026	IPR036534	GAR domain superfamily	-	-
GAV03702.1	16d18eac9b65cbcf7a539819608e546d	621	ProSiteProfiles	PS50021	Calponin homology (CH) domain profile.	17	146	13.917156	T	22-04-2026	IPR001715	Calponin homology domain	-	-
GAV03702.1	16d18eac9b65cbcf7a539819608e546d	621	MobiDBLite	mobidb-lite	consensus disorder prediction	356	431	-	T	22-04-2026	-	-	-	-
GAV03702.1	16d18eac9b65cbcf7a539819608e546d	621	Pfam	PF02187	Growth-Arrest-Specific Protein 2 Domain	237	304	3.0E-26	T	22-04-2026	IPR003108	GAR domain	-	-
GAV03702.1	16d18eac9b65cbcf7a539819608e546d	621	Pfam	PF00307	Calponin homology (CH) domain	20	146	5.9E-7	T	22-04-2026	IPR001715	Calponin homology domain	-	-
GAV03702.1	16d18eac9b65cbcf7a539819608e546d	621	MobiDBLite	mobidb-lite	consensus disorder prediction	460	495	-	T	22-04-2026	-	-	-	-
GAV03702.1	16d18eac9b65cbcf7a539819608e546d	621	Gene3D	G3DSA:1.10.418.10	-	8	175	5.0E-33	T	22-04-2026	IPR036872	CH domain superfamily	-	-
GAV03702.1	16d18eac9b65cbcf7a539819608e546d	621	SUPERFAMILY	SSF47576	Calponin-homology domain, CH-domain	11	168	4.13E-25	T	22-04-2026	IPR036872	CH domain superfamily	-	-
GAV03702.1	16d18eac9b65cbcf7a539819608e546d	621	MobiDBLite	mobidb-lite	consensus disorder prediction	591	606	-	T	22-04-2026	-	-	-	-
GAV03702.1	16d18eac9b65cbcf7a539819608e546d	621	MobiDBLite	mobidb-lite	consensus disorder prediction	573	606	-	T	22-04-2026	-	-	-	-
GAV03702.1	16d18eac9b65cbcf7a539819608e546d	621	MobiDBLite	mobidb-lite	consensus disorder prediction	407	431	-	T	22-04-2026	-	-	-	-
GAU93431.1	70942c32197f096c664872a81940aaaf	561	PANTHER	PTHR21562	NOTUM-RELATED	77	405	1.1E-66	T	22-04-2026	IPR004963	Pectinacetylesterase/NOTUM	-	-
GAU93431.1	70942c32197f096c664872a81940aaaf	561	Pfam	PF03283	Pectinacetylesterase	86	401	5.1E-69	T	22-04-2026	IPR004963	Pectinacetylesterase/NOTUM	-	-
GAU95561.1	12554b8a5f2b7fbfa87efeca6f486b8d	139	Pfam	PF08257	Sulfakinin family	88	96	140.0	T	22-04-2026	IPR013259	Sulfakinin	-	-
GAU96006.1	b08547158d30bd2c3f9e2623e7967680	144	SUPERFAMILY	SSF47473	EF-hand	48	107	9.32E-6	T	22-04-2026	IPR011992	EF-hand domain pair	-	-
GAU96006.1	b08547158d30bd2c3f9e2623e7967680	144	ProSiteProfiles	PS50222	EF-hand calcium-binding domain profile.	57	92	8.460104	T	22-04-2026	IPR002048	EF-hand domain	-	-
GAU96829.1	a626b7749a369e25ac951756fb4a311c	243	PANTHER	PTHR48330	TRNA WYBUTOSINE-SYNTHESIZING PROTEIN 3	17	226	3.1E-44	T	22-04-2026	-	-	-	-
GAU96829.1	a626b7749a369e25ac951756fb4a311c	243	Pfam	PF02676	Methyltransferase TYW3	23	221	8.7E-41	T	22-04-2026	IPR003827	tRNA wybutosine-synthesizing protein	-	-
GAU96829.1	a626b7749a369e25ac951756fb4a311c	243	SUPERFAMILY	SSF111278	SSo0622-like	20	220	1.44E-39	T	22-04-2026	IPR036602	tRNA wybutosine-synthesizing-like superfamily	-	-
GAU96829.1	a626b7749a369e25ac951756fb4a311c	243	Gene3D	G3DSA:3.30.1960.10	-	11	225	2.7E-48	T	22-04-2026	IPR036602	tRNA wybutosine-synthesizing-like superfamily	-	-
GAU88971.1	35f5b6714810b039a31ffd1e688aa31f	369	SUPERFAMILY	SSF54373	FAD-linked reductases, C-terminal domain	171	295	7.98E-7	T	22-04-2026	-	-	-	-
GAU88971.1	35f5b6714810b039a31ffd1e688aa31f	369	PANTHER	PTHR10742	FLAVIN MONOAMINE OXIDASE	54	367	5.5E-37	T	22-04-2026	-	-	-	-
GAU88971.1	35f5b6714810b039a31ffd1e688aa31f	369	SUPERFAMILY	SSF51905	FAD/NAD(P)-binding domain	82	365	1.58E-24	T	22-04-2026	IPR036188	FAD/NAD(P)-binding domain superfamily	-	-
GAU88971.1	35f5b6714810b039a31ffd1e688aa31f	369	Gene3D	G3DSA:3.50.50.60	-	44	195	4.9E-13	T	22-04-2026	IPR036188	FAD/NAD(P)-binding domain superfamily	-	-
GAU88971.1	35f5b6714810b039a31ffd1e688aa31f	369	Pfam	PF01593	Flavin containing amine oxidoreductase	88	364	9.3E-25	T	22-04-2026	IPR002937	Amine oxidase	-	-
GAU88971.1	35f5b6714810b039a31ffd1e688aa31f	369	Gene3D	G3DSA:3.50.50.60	-	220	369	8.5E-7	T	22-04-2026	IPR036188	FAD/NAD(P)-binding domain superfamily	-	-
GAV03263.1	f04a1c2e5ac406ecc8a8aef3ff55d62a	95	Pfam	PF04736	Eclosion hormone	31	84	1.3E-13	T	22-04-2026	IPR006825	Eclosion hormone	-	-
GAV09763.1	5be6735fb113f10bb43ffc8c9d967d9b	314	Pfam	PF00646	F-box domain	25	63	0.013	T	22-04-2026	IPR001810	F-box domain	-	-
GAV09763.1	5be6735fb113f10bb43ffc8c9d967d9b	314	SUPERFAMILY	SSF81383	F-box domain	21	76	2.35E-8	T	22-04-2026	IPR036047	F-box-like domain superfamily	-	-
GAV09763.1	5be6735fb113f10bb43ffc8c9d967d9b	314	ProSiteProfiles	PS50181	F-box domain profile.	22	68	11.034144	T	22-04-2026	IPR001810	F-box domain	-	-
GAV09763.1	5be6735fb113f10bb43ffc8c9d967d9b	314	SMART	SM00256	fbox_2	28	67	0.0022	T	22-04-2026	IPR001810	F-box domain	-	-
GAU93214.1	80cfb4fe882d21257a4c3ed0a5e14182	417	Coils	Coil	Coil	86	106	-	T	22-04-2026	-	-	-	-
GAU93214.1	80cfb4fe882d21257a4c3ed0a5e14182	417	Coils	Coil	Coil	199	233	-	T	22-04-2026	-	-	-	-
GAU93214.1	80cfb4fe882d21257a4c3ed0a5e14182	417	Coils	Coil	Coil	152	193	-	T	22-04-2026	-	-	-	-
GAU93214.1	80cfb4fe882d21257a4c3ed0a5e14182	417	Pfam	PF10205	Predicted coiled-coil domain-containing protein	25	101	3.4E-13	T	22-04-2026	IPR019343	Protein phosphatase 1 regulatory subunit 21, N-terminal	-	-
GAU93214.1	80cfb4fe882d21257a4c3ed0a5e14182	417	PANTHER	PTHR21448	SMOOTH MUSCLE MYOSIN HEAVY CHAIN-RELATED	19	232	1.1E-43	T	22-04-2026	IPR040024	Protein phosphatase 1 regulatory subunit 21	-	-
GAU93214.1	80cfb4fe882d21257a4c3ed0a5e14182	417	Coils	Coil	Coil	40	74	-	T	22-04-2026	-	-	-	-
GAU93214.1	80cfb4fe882d21257a4c3ed0a5e14182	417	Pfam	PF21636	Protein phosphatase 1 regulatory subunit 21, C-terminal	304	403	1.3E-17	T	22-04-2026	IPR049372	Protein phosphatase 1 regulatory subunit 21, C-terminal	-	-
GAU93214.1	80cfb4fe882d21257a4c3ed0a5e14182	417	SMART	SM01254	KLRAQ_2	24	127	1.5E-21	T	22-04-2026	IPR019343	Protein phosphatase 1 regulatory subunit 21, N-terminal	-	-
GAU93214.1	80cfb4fe882d21257a4c3ed0a5e14182	417	Coils	Coil	Coil	244	271	-	T	22-04-2026	-	-	-	-
GAV00933.1	c4664c9b4371fac154869c49bb8727cb	561	MobiDBLite	mobidb-lite	consensus disorder prediction	440	561	-	T	22-04-2026	-	-	-	-
GAV00933.1	c4664c9b4371fac154869c49bb8727cb	561	MobiDBLite	mobidb-lite	consensus disorder prediction	310	363	-	T	22-04-2026	-	-	-	-
GAV00933.1	c4664c9b4371fac154869c49bb8727cb	561	MobiDBLite	mobidb-lite	consensus disorder prediction	335	361	-	T	22-04-2026	-	-	-	-
GAV00933.1	c4664c9b4371fac154869c49bb8727cb	561	MobiDBLite	mobidb-lite	consensus disorder prediction	380	405	-	T	22-04-2026	-	-	-	-
GAV00933.1	c4664c9b4371fac154869c49bb8727cb	561	MobiDBLite	mobidb-lite	consensus disorder prediction	475	496	-	T	22-04-2026	-	-	-	-
GAV08798.1	f07a8736bccff53d7a8a34fa28de91c1	364	PRINTS	PR00454	ETS domain signature	277	290	4.3E-14	T	22-04-2026	IPR000418	Ets domain	-	-
GAV08798.1	f07a8736bccff53d7a8a34fa28de91c1	364	PRINTS	PR00454	ETS domain signature	302	320	4.3E-14	T	22-04-2026	IPR000418	Ets domain	-	-
GAV08798.1	f07a8736bccff53d7a8a34fa28de91c1	364	PRINTS	PR00454	ETS domain signature	321	339	4.3E-14	T	22-04-2026	IPR000418	Ets domain	-	-
GAV08798.1	f07a8736bccff53d7a8a34fa28de91c1	364	Pfam	PF00178	Ets-domain	278	359	6.1E-26	T	22-04-2026	IPR000418	Ets domain	-	-
GAV08798.1	f07a8736bccff53d7a8a34fa28de91c1	364	Gene3D	G3DSA:1.10.10.10	-	244	364	3.4E-37	T	22-04-2026	IPR036388	Winged helix-like DNA-binding domain superfamily	-	-
GAV08798.1	f07a8736bccff53d7a8a34fa28de91c1	364	SUPERFAMILY	SSF46785	"Winged helix" DNA-binding domain	273	362	1.47E-31	T	22-04-2026	IPR036390	Winged helix DNA-binding domain superfamily	-	-
GAV08798.1	f07a8736bccff53d7a8a34fa28de91c1	364	SMART	SM00413	etsneu2	276	363	2.6E-44	T	22-04-2026	IPR000418	Ets domain	-	-
GAV08798.1	f07a8736bccff53d7a8a34fa28de91c1	364	ProSitePatterns	PS00346	Ets-domain signature 2.	324	339	-	T	22-04-2026	IPR000418	Ets domain	-	-
GAV08798.1	f07a8736bccff53d7a8a34fa28de91c1	364	ProSitePatterns	PS00345	Ets-domain signature 1.	279	287	-	T	22-04-2026	IPR000418	Ets domain	-	-
GAV08798.1	f07a8736bccff53d7a8a34fa28de91c1	364	ProSiteProfiles	PS50061	Ets-domain profile.	277	359	23.779055	T	22-04-2026	IPR000418	Ets domain	-	-
GAV08798.1	f07a8736bccff53d7a8a34fa28de91c1	364	PANTHER	PTHR11849	ETS	168	361	2.5E-36	T	22-04-2026	IPR046328	ETS family	-	-
GAV00100.1	563e1b98b4c6c6f4a4f9594cb3c206a4	294	Pfam	PF00095	WAP-type (Whey Acidic Protein) 'four-disulfide core'	189	218	0.092	T	22-04-2026	IPR008197	WAP-type 'four-disulfide core' domain	-	-
GAV00100.1	563e1b98b4c6c6f4a4f9594cb3c206a4	294	Gene3D	G3DSA:4.10.75.10	-	150	218	9.7E-7	T	22-04-2026	IPR036645	Elafin-like superfamily	-	-
GAV00100.1	563e1b98b4c6c6f4a4f9594cb3c206a4	294	MobiDBLite	mobidb-lite	consensus disorder prediction	271	294	-	T	22-04-2026	-	-	-	-
GAV00100.1	563e1b98b4c6c6f4a4f9594cb3c206a4	294	SUPERFAMILY	SSF57256	Elafin-like	186	218	3.92E-5	T	22-04-2026	IPR036645	Elafin-like superfamily	-	-
GAV00100.1	563e1b98b4c6c6f4a4f9594cb3c206a4	294	MobiDBLite	mobidb-lite	consensus disorder prediction	265	294	-	T	22-04-2026	-	-	-	-
GAU98457.1	ffd4c5781c1cc1177f6a06684a5dbf0a	602	Pfam	PF02733	Dak1 domain	21	348	1.4E-85	T	22-04-2026	IPR004006	DhaK domain	-	-
GAU98457.1	ffd4c5781c1cc1177f6a06684a5dbf0a	602	Gene3D	G3DSA:1.25.40.340	-	390	601	8.9E-48	T	22-04-2026	IPR036117	DhaL domain superfamily	-	-
GAU98457.1	ffd4c5781c1cc1177f6a06684a5dbf0a	602	PANTHER	PTHR28629	TRIOKINASE/FMN CYCLASE	10	597	4.8E-141	T	22-04-2026	-	-	-	-
GAU98457.1	ffd4c5781c1cc1177f6a06684a5dbf0a	602	SUPERFAMILY	SSF82549	DAK1/DegV-like	10	351	1.46E-84	T	22-04-2026	-	-	-	-
GAU98457.1	ffd4c5781c1cc1177f6a06684a5dbf0a	602	ProSiteProfiles	PS51480	DhaL domain profile.	394	598	19.860525	T	22-04-2026	IPR004007	DhaL domain	-	-
GAU98457.1	ffd4c5781c1cc1177f6a06684a5dbf0a	602	SUPERFAMILY	SSF101473	DhaL-like	383	597	8.89E-38	T	22-04-2026	IPR036117	DhaL domain superfamily	-	-
GAU98457.1	ffd4c5781c1cc1177f6a06684a5dbf0a	602	MobiDBLite	mobidb-lite	consensus disorder prediction	365	391	-	T	22-04-2026	-	-	-	-
GAU98457.1	ffd4c5781c1cc1177f6a06684a5dbf0a	602	FunFam	G3DSA:3.40.50.10440:FF:000001	Dihydroxyacetone kinase, DhaK subunit	16	192	2.5E-59	T	22-04-2026	-	-	-	-
GAU98457.1	ffd4c5781c1cc1177f6a06684a5dbf0a	602	Gene3D	G3DSA:3.40.50.10440	Dihydroxyacetone kinase; domain 1	15	192	2.2E-62	T	22-04-2026	-	-	-	-
GAU98457.1	ffd4c5781c1cc1177f6a06684a5dbf0a	602	Gene3D	G3DSA:3.30.1180.20	Dihydroxyacetone kinase; domain 2	194	356	8.1E-36	T	22-04-2026	-	-	-	-
GAU98457.1	ffd4c5781c1cc1177f6a06684a5dbf0a	602	MobiDBLite	mobidb-lite	consensus disorder prediction	370	391	-	T	22-04-2026	-	-	-	-
GAU98457.1	ffd4c5781c1cc1177f6a06684a5dbf0a	602	ProSiteProfiles	PS51481	DhaK domain profile.	11	351	97.158653	T	22-04-2026	IPR004006	DhaK domain	-	-
GAU98457.1	ffd4c5781c1cc1177f6a06684a5dbf0a	602	Pfam	PF02734	DAK2 domain	422	597	2.7E-27	T	22-04-2026	IPR004007	DhaL domain	-	-
GAU98457.1	ffd4c5781c1cc1177f6a06684a5dbf0a	602	SMART	SM01120	Dak2_2	420	598	4.8E-22	T	22-04-2026	IPR004007	DhaL domain	-	-
GAU94193.1	bb994aa2d12992b6bb9e6d10195af0da	233	PRINTS	PR00450	Recoverin family signature	179	194	1.5E-33	T	22-04-2026	-	-	-	-
GAU94193.1	bb994aa2d12992b6bb9e6d10195af0da	233	PRINTS	PR00450	Recoverin family signature	63	82	1.5E-33	T	22-04-2026	-	-	-	-
GAU94193.1	bb994aa2d12992b6bb9e6d10195af0da	233	PRINTS	PR00450	Recoverin family signature	133	152	1.5E-33	T	22-04-2026	-	-	-	-
GAU94193.1	bb994aa2d12992b6bb9e6d10195af0da	233	PRINTS	PR00450	Recoverin family signature	109	130	1.5E-33	T	22-04-2026	-	-	-	-
GAU94193.1	bb994aa2d12992b6bb9e6d10195af0da	233	PRINTS	PR00450	Recoverin family signature	205	225	1.5E-33	T	22-04-2026	-	-	-	-
GAU94193.1	bb994aa2d12992b6bb9e6d10195af0da	233	PRINTS	PR00450	Recoverin family signature	49	63	1.5E-33	T	22-04-2026	-	-	-	-
GAU94193.1	bb994aa2d12992b6bb9e6d10195af0da	233	PRINTS	PR00450	Recoverin family signature	155	173	1.5E-33	T	22-04-2026	-	-	-	-
GAU94193.1	bb994aa2d12992b6bb9e6d10195af0da	233	CDD	cd00051	EFh	108	167	1.56487E-13	T	22-04-2026	IPR002048	EF-hand domain	-	-
GAU94193.1	bb994aa2d12992b6bb9e6d10195af0da	233	ProSitePatterns	PS00018	EF-hand calcium-binding domain.	198	210	-	T	22-04-2026	IPR018247	EF-Hand 1, calcium-binding site	-	-
GAU94193.1	bb994aa2d12992b6bb9e6d10195af0da	233	SUPERFAMILY	SSF47473	EF-hand	47	227	1.92E-45	T	22-04-2026	IPR011992	EF-hand domain pair	-	-
GAU94193.1	bb994aa2d12992b6bb9e6d10195af0da	233	Pfam	PF13499	EF-hand domain pair	139	214	1.3E-11	T	22-04-2026	IPR002048	EF-hand domain	-	-
GAU94193.1	bb994aa2d12992b6bb9e6d10195af0da	233	Gene3D	G3DSA:1.10.238.10	-	36	230	1.0E-64	T	22-04-2026	-	-	-	-
GAU94193.1	bb994aa2d12992b6bb9e6d10195af0da	233	SMART	SM00054	efh_1	141	169	2.4E-6	T	22-04-2026	IPR002048	EF-hand domain	-	-
GAU94193.1	bb994aa2d12992b6bb9e6d10195af0da	233	SMART	SM00054	efh_1	105	133	17.0	T	22-04-2026	IPR002048	EF-hand domain	-	-
GAU94193.1	bb994aa2d12992b6bb9e6d10195af0da	233	SMART	SM00054	efh_1	189	217	0.003	T	22-04-2026	IPR002048	EF-hand domain	-	-
GAU94193.1	bb994aa2d12992b6bb9e6d10195af0da	233	ProSiteProfiles	PS50222	EF-hand calcium-binding domain profile.	185	220	12.700205	T	22-04-2026	IPR002048	EF-hand domain	-	-
GAU94193.1	bb994aa2d12992b6bb9e6d10195af0da	233	ProSitePatterns	PS00018	EF-hand calcium-binding domain.	150	162	-	T	22-04-2026	IPR018247	EF-Hand 1, calcium-binding site	-	-
GAU94193.1	bb994aa2d12992b6bb9e6d10195af0da	233	ProSiteProfiles	PS50222	EF-hand calcium-binding domain profile.	137	172	13.564962	T	22-04-2026	IPR002048	EF-hand domain	-	-
GAU94193.1	bb994aa2d12992b6bb9e6d10195af0da	233	ProSiteProfiles	PS50222	EF-hand calcium-binding domain profile.	101	136	9.296966	T	22-04-2026	IPR002048	EF-hand domain	-	-
GAU94193.1	bb994aa2d12992b6bb9e6d10195af0da	233	CDD	cd00051	EFh	141	212	6.74356E-14	T	22-04-2026	IPR002048	EF-hand domain	-	-
GAU94193.1	bb994aa2d12992b6bb9e6d10195af0da	233	FunFam	G3DSA:1.10.238.10:FF:000009	Visinin-like protein 1	43	229	6.0E-58	T	22-04-2026	-	-	-	-
GAU94193.1	bb994aa2d12992b6bb9e6d10195af0da	233	PANTHER	PTHR23055	CALCIUM BINDING PROTEINS	47	221	7.0E-53	T	22-04-2026	IPR028846	Recoverin family	-	-
GAU97213.1	ec13717c85cf2b1fa9d5101b2ae6db7e	399	PIRSF	PIRSF000497	MAT	14	399	2.1E-160	T	22-04-2026	IPR002133	S-adenosylmethionine synthetase	-	-
GAU97213.1	ec13717c85cf2b1fa9d5101b2ae6db7e	399	NCBIfam	TIGR01034	methionine adenosyltransferase	21	396	3.3E-169	T	22-04-2026	IPR002133	S-adenosylmethionine synthetase	-	-
GAU97213.1	ec13717c85cf2b1fa9d5101b2ae6db7e	399	FunFam	G3DSA:3.30.300.10:FF:000004	S-adenosylmethionine synthase	276	390	2.7E-46	T	22-04-2026	-	-	-	-
GAU97213.1	ec13717c85cf2b1fa9d5101b2ae6db7e	399	Hamap	MF_00086	S-adenosylmethionine synthase [metK].	18	399	49.656715	T	22-04-2026	IPR002133	S-adenosylmethionine synthetase	-	-
GAU97213.1	ec13717c85cf2b1fa9d5101b2ae6db7e	399	ProSitePatterns	PS00377	S-adenosylmethionine synthase signature 2.	280	288	-	T	22-04-2026	IPR022631	S-adenosylmethionine synthetase, conserved site	-	-
GAU97213.1	ec13717c85cf2b1fa9d5101b2ae6db7e	399	SUPERFAMILY	SSF55973	S-adenosylmethionine synthetase	254	397	1.45E-64	T	22-04-2026	IPR022636	S-adenosylmethionine synthetase superfamily	-	-
GAU97213.1	ec13717c85cf2b1fa9d5101b2ae6db7e	399	FunFam	G3DSA:3.30.300.10:FF:000003	S-adenosylmethionine synthase	148	255	3.0E-34	T	22-04-2026	-	-	-	-
GAU97213.1	ec13717c85cf2b1fa9d5101b2ae6db7e	399	Pfam	PF02772	S-adenosylmethionine synthetase, central domain	132	252	8.7E-39	T	22-04-2026	IPR022629	S-adenosylmethionine synthetase, central domain	-	-
GAU97213.1	ec13717c85cf2b1fa9d5101b2ae6db7e	399	Gene3D	G3DSA:3.30.300.10	-	20	256	2.4E-177	T	22-04-2026	-	-	-	-
GAU97213.1	ec13717c85cf2b1fa9d5101b2ae6db7e	399	Gene3D	G3DSA:3.30.300.10	-	27	293	2.4E-177	T	22-04-2026	-	-	-	-
GAU97213.1	ec13717c85cf2b1fa9d5101b2ae6db7e	399	Gene3D	G3DSA:3.30.300.10	-	131	390	2.4E-177	T	22-04-2026	-	-	-	-
GAU97213.1	ec13717c85cf2b1fa9d5101b2ae6db7e	399	Pfam	PF02773	S-adenosylmethionine synthetase, C-terminal domain	254	390	1.7E-61	T	22-04-2026	IPR022630	S-adenosylmethionine synthetase, C-terminal	-	-
GAU97213.1	ec13717c85cf2b1fa9d5101b2ae6db7e	399	CDD	cd18079	S-AdoMet_synt	21	393	0.0	T	22-04-2026	-	-	-	-
GAU97213.1	ec13717c85cf2b1fa9d5101b2ae6db7e	399	SUPERFAMILY	SSF55973	S-adenosylmethionine synthetase	131	252	7.46E-47	T	22-04-2026	IPR022636	S-adenosylmethionine synthetase superfamily	-	-
GAU97213.1	ec13717c85cf2b1fa9d5101b2ae6db7e	399	FunFam	G3DSA:3.30.300.10:FF:000001	S-adenosylmethionine synthase	27	142	2.1E-49	T	22-04-2026	-	-	-	-
GAU97213.1	ec13717c85cf2b1fa9d5101b2ae6db7e	399	ProSitePatterns	PS00376	S-adenosylmethionine synthase signature 1.	133	143	-	T	22-04-2026	IPR022631	S-adenosylmethionine synthetase, conserved site	-	-
GAU97213.1	ec13717c85cf2b1fa9d5101b2ae6db7e	399	SUPERFAMILY	SSF55973	S-adenosylmethionine synthetase	19	126	1.1E-46	T	22-04-2026	IPR022636	S-adenosylmethionine synthetase superfamily	-	-
GAU97213.1	ec13717c85cf2b1fa9d5101b2ae6db7e	399	PANTHER	PTHR11964	S-ADENOSYLMETHIONINE SYNTHETASE	16	396	1.5E-190	T	22-04-2026	IPR002133	S-adenosylmethionine synthetase	-	-
GAU97213.1	ec13717c85cf2b1fa9d5101b2ae6db7e	399	Pfam	PF00438	S-adenosylmethionine synthetase, N-terminal domain	20	117	1.4E-39	T	22-04-2026	IPR022628	S-adenosylmethionine synthetase, N-terminal	-	-
GAU88951.1	f49086fcf3e6748b6ec1f8ae617b2b05	189	Pfam	PF03803	Scramblase	2	188	5.0E-45	T	22-04-2026	IPR005552	Scramblase	-	-
GAU88951.1	f49086fcf3e6748b6ec1f8ae617b2b05	189	PANTHER	PTHR23248	PHOSPHOLIPID SCRAMBLASE-RELATED	1	188	1.2E-56	T	22-04-2026	IPR005552	Scramblase	-	-
GAV05348.1	035df941cebef1f0fce17a487bab0b6b	270	PANTHER	PTHR31118	CYCLASE-LIKE PROTEIN 2	24	267	2.8E-23	T	22-04-2026	IPR007325	Kynurenine formamidase/cyclase-like	-	-
GAV05348.1	035df941cebef1f0fce17a487bab0b6b	270	Pfam	PF04199	Putative cyclase	37	211	6.9E-35	T	22-04-2026	IPR007325	Kynurenine formamidase/cyclase-like	-	-
GAV05348.1	035df941cebef1f0fce17a487bab0b6b	270	Gene3D	G3DSA:3.50.30.50	Putative cyclase	17	268	1.3E-59	T	22-04-2026	IPR037175	Kynurenine formamidase superfamily	-	-
GAV05348.1	035df941cebef1f0fce17a487bab0b6b	270	SUPERFAMILY	SSF102198	Putative cyclase	35	264	9.55E-45	T	22-04-2026	IPR037175	Kynurenine formamidase superfamily	-	-
GAU92643.1	a883ecc6b6168d620dd4cdd8861e05a2	1045	MobiDBLite	mobidb-lite	consensus disorder prediction	862	876	-	T	22-04-2026	-	-	-	-
GAU92643.1	a883ecc6b6168d620dd4cdd8861e05a2	1045	SUPERFAMILY	SSF51206	cAMP-binding domain-like	554	742	3.93E-46	T	22-04-2026	IPR018490	Cyclic nucleotide-binding domain superfamily	-	-
GAU92643.1	a883ecc6b6168d620dd4cdd8861e05a2	1045	ProSiteProfiles	PS50042	cAMP/cGMP binding motif profile.	627	729	24.570601	T	22-04-2026	IPR000595	Cyclic nucleotide-binding domain	-	-
GAU92643.1	a883ecc6b6168d620dd4cdd8861e05a2	1045	SUPERFAMILY	SSF81324	Voltage-gated potassium channels	314	550	1.09E-26	T	22-04-2026	-	-	-	-
GAU92643.1	a883ecc6b6168d620dd4cdd8861e05a2	1045	SMART	SM00100	cnmp_10	627	747	2.5E-20	T	22-04-2026	IPR000595	Cyclic nucleotide-binding domain	-	-
GAU92643.1	a883ecc6b6168d620dd4cdd8861e05a2	1045	Gene3D	G3DSA:1.10.287.70	-	322	552	1.8E-23	T	22-04-2026	-	-	-	-
GAU92643.1	a883ecc6b6168d620dd4cdd8861e05a2	1045	MobiDBLite	mobidb-lite	consensus disorder prediction	791	818	-	T	22-04-2026	-	-	-	-
GAU92643.1	a883ecc6b6168d620dd4cdd8861e05a2	1045	Gene3D	G3DSA:1.10.287.630	Helix hairpin bin	553	618	3.0E-19	T	22-04-2026	-	-	-	-
GAU92643.1	a883ecc6b6168d620dd4cdd8861e05a2	1045	MobiDBLite	mobidb-lite	consensus disorder prediction	902	921	-	T	22-04-2026	-	-	-	-
GAU92643.1	a883ecc6b6168d620dd4cdd8861e05a2	1045	Pfam	PF00027	Cyclic nucleotide-binding domain	647	731	7.2E-13	T	22-04-2026	IPR000595	Cyclic nucleotide-binding domain	-	-
GAU92643.1	a883ecc6b6168d620dd4cdd8861e05a2	1045	FunFam	G3DSA:1.10.287.70:FF:000072	Cyclic nucleotide gated channel beta 3	321	549	9.6E-62	T	22-04-2026	-	-	-	-
GAU92643.1	a883ecc6b6168d620dd4cdd8861e05a2	1045	ProSitePatterns	PS00888	Cyclic nucleotide-binding domain signature 1.	654	670	-	T	22-04-2026	IPR018488	Cyclic nucleotide-binding, conserved site	-	-
GAU92643.1	a883ecc6b6168d620dd4cdd8861e05a2	1045	PANTHER	PTHR45638	CYCLIC NUCLEOTIDE-GATED CATION CHANNEL SUBUNIT A	187	902	1.6E-179	T	22-04-2026	-	-	-	-
GAU92643.1	a883ecc6b6168d620dd4cdd8861e05a2	1045	FunFam	G3DSA:1.10.287.630:FF:000001	Cyclic nucleotide-gated channel alpha 3	553	618	5.8E-20	T	22-04-2026	-	-	-	-
GAU92643.1	a883ecc6b6168d620dd4cdd8861e05a2	1045	CDD	cd00038	CAP_ED	627	734	1.0851E-23	T	22-04-2026	IPR000595	Cyclic nucleotide-binding domain	-	-
GAU92643.1	a883ecc6b6168d620dd4cdd8861e05a2	1045	MobiDBLite	mobidb-lite	consensus disorder prediction	1	108	-	T	22-04-2026	-	-	-	-
GAU92643.1	a883ecc6b6168d620dd4cdd8861e05a2	1045	MobiDBLite	mobidb-lite	consensus disorder prediction	70	108	-	T	22-04-2026	-	-	-	-
GAU92643.1	a883ecc6b6168d620dd4cdd8861e05a2	1045	ProSitePatterns	PS00889	Cyclic nucleotide-binding domain signature 2.	691	711	-	T	22-04-2026	IPR018488	Cyclic nucleotide-binding, conserved site	-	-
GAU92643.1	a883ecc6b6168d620dd4cdd8861e05a2	1045	MobiDBLite	mobidb-lite	consensus disorder prediction	791	933	-	T	22-04-2026	-	-	-	-
GAU92643.1	a883ecc6b6168d620dd4cdd8861e05a2	1045	MobiDBLite	mobidb-lite	consensus disorder prediction	239	261	-	T	22-04-2026	-	-	-	-
GAU92643.1	a883ecc6b6168d620dd4cdd8861e05a2	1045	MobiDBLite	mobidb-lite	consensus disorder prediction	838	861	-	T	22-04-2026	-	-	-	-
GAU92643.1	a883ecc6b6168d620dd4cdd8861e05a2	1045	FunFam	G3DSA:2.60.120.10:FF:000020	Cyclic nucleotide-gated channel beta 3	618	751	1.1E-49	T	22-04-2026	-	-	-	-
GAU92643.1	a883ecc6b6168d620dd4cdd8861e05a2	1045	MobiDBLite	mobidb-lite	consensus disorder prediction	23	41	-	T	22-04-2026	-	-	-	-
GAU92643.1	a883ecc6b6168d620dd4cdd8861e05a2	1045	Gene3D	G3DSA:2.60.120.10	Jelly Rolls	619	756	2.7E-33	T	22-04-2026	IPR014710	RmlC-like jelly roll fold	-	-
GAU92643.1	a883ecc6b6168d620dd4cdd8861e05a2	1045	Pfam	PF00520	Ion transport protein	321	554	4.5E-21	T	22-04-2026	IPR005821	Ion transport domain	-	-
GAU91795.1	896994262a00c46054d7173f63f7c002	182	PANTHER	PTHR24070	RAS, DI-RAS, AND RHEB FAMILY MEMBERS OF SMALL GTPASE SUPERFAMILY	3	165	9.8E-64	T	22-04-2026	IPR020849	Small GTPase, Ras-type	-	-
GAU91795.1	896994262a00c46054d7173f63f7c002	182	SMART	SM00173	ras_sub_4	1	167	6.0E-106	T	22-04-2026	-	-	-	-
GAU91795.1	896994262a00c46054d7173f63f7c002	182	SUPERFAMILY	SSF52540	P-loop containing nucleoside triphosphate hydrolases	2	171	6.99E-52	T	22-04-2026	IPR027417	P-loop containing nucleoside triphosphate hydrolase	-	-
GAU91795.1	896994262a00c46054d7173f63f7c002	182	SMART	SM00176	ran_sub_2	9	180	0.0074	T	22-04-2026	-	-	-	-
GAU91795.1	896994262a00c46054d7173f63f7c002	182	ProSiteProfiles	PS51421	small GTPase Ras family profile.	1	182	38.768108	T	22-04-2026	IPR001806	Small GTPase	-	-
GAU91795.1	896994262a00c46054d7173f63f7c002	182	SMART	SM00174	rho_sub_3	6	168	2.5E-11	T	22-04-2026	IPR001806	Small GTPase	-	-
GAU91795.1	896994262a00c46054d7173f63f7c002	182	SMART	SM00175	rab_sub_5	4	167	1.2E-40	T	22-04-2026	-	-	-	-
GAU91795.1	896994262a00c46054d7173f63f7c002	182	NCBIfam	TIGR00231	small GTP-binding protein domain	1	160	1.8E-26	T	22-04-2026	IPR005225	Small GTP-binding protein domain	-	-
GAU91795.1	896994262a00c46054d7173f63f7c002	182	FunFam	G3DSA:3.40.50.300:FF:000189	Member of ras oncogene family	1	173	4.5E-94	T	22-04-2026	-	-	-	-
GAU91795.1	896994262a00c46054d7173f63f7c002	182	ProSiteProfiles	PS51420	small GTPase Rho family profile.	1	164	9.761431	T	22-04-2026	-	-	-	-
GAU91795.1	896994262a00c46054d7173f63f7c002	182	Pfam	PF00071	Ras family	5	164	1.8E-52	T	22-04-2026	IPR001806	Small GTPase	-	-
GAU91795.1	896994262a00c46054d7173f63f7c002	182	Gene3D	G3DSA:3.40.50.300	-	1	173	3.3E-64	T	22-04-2026	IPR027417	P-loop containing nucleoside triphosphate hydrolase	-	-
GAU91795.1	896994262a00c46054d7173f63f7c002	182	ProSiteProfiles	PS51419	small GTPase Rab1 family profile.	1	182	22.769423	T	22-04-2026	-	-	-	-
GAU91795.1	896994262a00c46054d7173f63f7c002	182	PRINTS	PR00449	Transforming protein P21 ras signature	142	164	1.0E-36	T	22-04-2026	-	-	-	-
GAU91795.1	896994262a00c46054d7173f63f7c002	182	PRINTS	PR00449	Transforming protein P21 ras signature	4	25	1.0E-36	T	22-04-2026	-	-	-	-
GAU91795.1	896994262a00c46054d7173f63f7c002	182	PRINTS	PR00449	Transforming protein P21 ras signature	107	120	1.0E-36	T	22-04-2026	-	-	-	-
GAU91795.1	896994262a00c46054d7173f63f7c002	182	PRINTS	PR00449	Transforming protein P21 ras signature	44	66	1.0E-36	T	22-04-2026	-	-	-	-
GAU91795.1	896994262a00c46054d7173f63f7c002	182	PRINTS	PR00449	Transforming protein P21 ras signature	27	43	1.0E-36	T	22-04-2026	-	-	-	-
GAV05698.1	08c5fb6c8478f7a2fe991b38134ec702	247	CDD	cd01286	deoxycytidylate_deaminase	87	215	1.64286E-54	T	22-04-2026	IPR035105	Deoxycytidylate deaminase domain	-	-
GAV05698.1	08c5fb6c8478f7a2fe991b38134ec702	247	ProSiteProfiles	PS51747	Cytidine and deoxycytidylate deaminases domain profile.	84	221	27.158167	T	22-04-2026	IPR002125	Cytidine and deoxycytidylate deaminase domain	-	-
GAV05698.1	08c5fb6c8478f7a2fe991b38134ec702	247	SUPERFAMILY	SSF53927	Cytidine deaminase-like	87	225	2.34E-34	T	22-04-2026	IPR016193	Cytidine deaminase-like	-	-
GAV05698.1	08c5fb6c8478f7a2fe991b38134ec702	247	PANTHER	PTHR11086	DEOXYCYTIDYLATE DEAMINASE-RELATED	50	239	7.9E-82	T	22-04-2026	IPR015517	Deoxycytidylate deaminase-related	-	-
GAV05698.1	08c5fb6c8478f7a2fe991b38134ec702	247	Pfam	PF00383	Cytidine and deoxycytidylate deaminase zinc-binding region	84	197	3.7E-22	T	22-04-2026	IPR002125	Cytidine and deoxycytidylate deaminase domain	-	-
GAV05698.1	08c5fb6c8478f7a2fe991b38134ec702	247	FunFam	G3DSA:3.40.140.10:FF:000021	Deoxycytidylate deaminase	75	243	1.1E-81	T	22-04-2026	-	-	-	-
GAV05698.1	08c5fb6c8478f7a2fe991b38134ec702	247	Gene3D	G3DSA:3.40.140.10	Cytidine Deaminase, domain 2	75	243	3.8E-66	T	22-04-2026	-	-	-	-
GAU95417.1	9028336e81a1c12397f20735b9329873	152	PANTHER	PTHR31690	FUCOSE MUTAROTASE	1	152	1.1E-57	T	22-04-2026	-	-	-	-
GAU95417.1	9028336e81a1c12397f20735b9329873	152	Gene3D	G3DSA:3.40.1650.10	-	1	152	1.5E-56	T	22-04-2026	IPR023750	RbsD-like superfamily	-	-
GAU95417.1	9028336e81a1c12397f20735b9329873	152	SUPERFAMILY	SSF102546	RbsD-like	4	151	3.27E-40	T	22-04-2026	IPR023750	RbsD-like superfamily	-	-
GAU95417.1	9028336e81a1c12397f20735b9329873	152	Pfam	PF05025	RbsD / FucU transport protein family	7	150	1.8E-35	T	22-04-2026	IPR007721	D-ribose pyranase RbsD/L-fucose mutarotase FucU	-	-
GAU99145.1	1a0b444798f7497343010eb639472cbd	694	CDD	cd06145	REX1_like	281	432	2.78434E-73	T	22-04-2026	IPR034922	RNA exonuclease 1-like, exonuclease domain	-	-
GAU99145.1	1a0b444798f7497343010eb639472cbd	694	MobiDBLite	mobidb-lite	consensus disorder prediction	32	66	-	T	22-04-2026	-	-	-	-
GAU99145.1	1a0b444798f7497343010eb639472cbd	694	MobiDBLite	mobidb-lite	consensus disorder prediction	444	532	-	T	22-04-2026	-	-	-	-
GAU99145.1	1a0b444798f7497343010eb639472cbd	694	MobiDBLite	mobidb-lite	consensus disorder prediction	502	532	-	T	22-04-2026	-	-	-	-
GAU99145.1	1a0b444798f7497343010eb639472cbd	694	Pfam	PF00929	Exonuclease	283	430	2.7E-5	T	22-04-2026	IPR013520	Exonuclease, RNase T/DNA polymerase III	-	-
GAU99145.1	1a0b444798f7497343010eb639472cbd	694	SUPERFAMILY	SSF53098	Ribonuclease H-like	280	436	1.01E-24	T	22-04-2026	IPR012337	Ribonuclease H-like superfamily	-	-
GAU99145.1	1a0b444798f7497343010eb639472cbd	694	MobiDBLite	mobidb-lite	consensus disorder prediction	38	66	-	T	22-04-2026	-	-	-	-
GAU99145.1	1a0b444798f7497343010eb639472cbd	694	SMART	SM00479	exoiiiendus	279	440	1.1E-35	T	22-04-2026	IPR013520	Exonuclease, RNase T/DNA polymerase III	-	-
GAU99145.1	1a0b444798f7497343010eb639472cbd	694	FunFam	G3DSA:3.30.420.10:FF:000019	RNA exonuclease NEF-sp	276	442	9.9E-64	T	22-04-2026	-	-	-	-
GAU99145.1	1a0b444798f7497343010eb639472cbd	694	PANTHER	PTHR12801	RNA EXONUCLEASE REXO1 / RECO3 FAMILY MEMBER-RELATED	189	595	3.2E-68	T	22-04-2026	IPR047021	RNA exonuclease REXO1/REXO3/REXO4-like	-	-
GAU99145.1	1a0b444798f7497343010eb639472cbd	694	Gene3D	G3DSA:3.30.420.10	-	276	441	1.1E-43	T	22-04-2026	IPR036397	Ribonuclease H superfamily	-	-
GAV03550.1	0683a6080bc4db2426e04b06791f7cb2	365	SUPERFAMILY	SSF49899	Concanavalin A-like lectins/glucanases	183	340	5.7E-25	T	22-04-2026	IPR013320	Concanavalin A-like lectin/glucanase domain superfamily	-	-
GAV03550.1	0683a6080bc4db2426e04b06791f7cb2	365	ProSiteProfiles	PS50025	Laminin G domain profile.	176	363	29.644945	T	22-04-2026	IPR001791	Laminin G domain	-	-
GAV03550.1	0683a6080bc4db2426e04b06791f7cb2	365	Pfam	PF02210	Laminin G domain	11	138	2.4E-10	T	22-04-2026	IPR001791	Laminin G domain	-	-
GAV03550.1	0683a6080bc4db2426e04b06791f7cb2	365	Pfam	PF02210	Laminin G domain	208	340	5.4E-16	T	22-04-2026	IPR001791	Laminin G domain	-	-
GAV03550.1	0683a6080bc4db2426e04b06791f7cb2	365	SUPERFAMILY	SSF49899	Concanavalin A-like lectins/glucanases	2	160	1.9E-19	T	22-04-2026	IPR013320	Concanavalin A-like lectin/glucanase domain superfamily	-	-
GAV03550.1	0683a6080bc4db2426e04b06791f7cb2	365	CDD	cd00110	LamG	2	137	1.24071E-15	T	22-04-2026	IPR001791	Laminin G domain	-	-
GAV03550.1	0683a6080bc4db2426e04b06791f7cb2	365	CDD	cd00110	LamG	182	340	3.63327E-26	T	22-04-2026	IPR001791	Laminin G domain	-	-
GAV03550.1	0683a6080bc4db2426e04b06791f7cb2	365	PANTHER	PTHR15036	PIKACHURIN-LIKE PROTEIN	2	344	4.0E-43	T	22-04-2026	-	-	-	-
GAV03550.1	0683a6080bc4db2426e04b06791f7cb2	365	Gene3D	G3DSA:2.60.120.200	-	1	157	2.6E-22	T	22-04-2026	-	-	-	-
GAV03550.1	0683a6080bc4db2426e04b06791f7cb2	365	ProSiteProfiles	PS50025	Laminin G domain profile.	1	155	26.249268	T	22-04-2026	IPR001791	Laminin G domain	-	-
GAV03550.1	0683a6080bc4db2426e04b06791f7cb2	365	SMART	SM00282	LamG_3	2	139	3.7E-10	T	22-04-2026	IPR001791	Laminin G domain	-	-
GAV03550.1	0683a6080bc4db2426e04b06791f7cb2	365	SMART	SM00282	LamG_3	200	343	2.4E-23	T	22-04-2026	IPR001791	Laminin G domain	-	-
GAV03550.1	0683a6080bc4db2426e04b06791f7cb2	365	Gene3D	G3DSA:2.60.120.200	-	181	347	1.3E-30	T	22-04-2026	-	-	-	-
GAV00101.1	4e1ae49e563106dd60a55df5e7d0bca8	124	MobiDBLite	mobidb-lite	consensus disorder prediction	1	38	-	T	22-04-2026	-	-	-	-
GAV07815.1	2e03b81ed7bcd7380f72448528350e25	219	PANTHER	PTHR13738	TROPONIN I	38	176	1.7E-21	T	22-04-2026	-	-	-	-
GAV07815.1	2e03b81ed7bcd7380f72448528350e25	219	Pfam	PF00992	Troponin	57	188	9.8E-27	T	22-04-2026	IPR001978	Troponin	-	-
GAV07815.1	2e03b81ed7bcd7380f72448528350e25	219	Gene3D	G3DSA:1.20.5.350	-	23	209	1.5E-36	T	22-04-2026	IPR038077	Troponin domain superfamily	-	-
GAV07815.1	2e03b81ed7bcd7380f72448528350e25	219	SUPERFAMILY	SSF90250	Troponin coil-coiled subunits	51	194	6.15E-28	T	22-04-2026	IPR038077	Troponin domain superfamily	-	-
GAV07815.1	2e03b81ed7bcd7380f72448528350e25	219	Coils	Coil	Coil	65	89	-	T	22-04-2026	-	-	-	-
GAV07158.1	30a350ce5fae7dbebfc643b06f873b16	162	MobiDBLite	mobidb-lite	consensus disorder prediction	18	57	-	T	22-04-2026	-	-	-	-
GAV07158.1	30a350ce5fae7dbebfc643b06f873b16	162	MobiDBLite	mobidb-lite	consensus disorder prediction	135	162	-	T	22-04-2026	-	-	-	-
GAV07158.1	30a350ce5fae7dbebfc643b06f873b16	162	MobiDBLite	mobidb-lite	consensus disorder prediction	143	162	-	T	22-04-2026	-	-	-	-
GAV07158.1	30a350ce5fae7dbebfc643b06f873b16	162	MobiDBLite	mobidb-lite	consensus disorder prediction	18	34	-	T	22-04-2026	-	-	-	-
GAU94472.1	3062dd45802bc8e7269f457e38db54a0	1020	Gene3D	G3DSA:1.10.730.10	-	577	680	3.9E-14	T	22-04-2026	-	-	-	-
GAU94472.1	3062dd45802bc8e7269f457e38db54a0	1020	Gene3D	G3DSA:1.10.730.10	-	721	882	6.8E-31	T	22-04-2026	-	-	-	-
GAU94472.1	3062dd45802bc8e7269f457e38db54a0	1020	FunFam	G3DSA:3.90.740.10:FF:000005	Valine--tRNA ligase, mitochondrial	244	385	1.1E-53	T	22-04-2026	-	-	-	-
GAU94472.1	3062dd45802bc8e7269f457e38db54a0	1020	Gene3D	G3DSA:3.40.50.620	HUPs	387	576	3.6E-37	T	22-04-2026	IPR014729	Rossmann-like alpha/beta/alpha sandwich fold	-	-
GAU94472.1	3062dd45802bc8e7269f457e38db54a0	1020	FunFam	G3DSA:3.40.50.620:FF:000078	Valine--tRNA ligase, mitochondrial	363	584	3.3E-89	T	22-04-2026	-	-	-	-
GAU94472.1	3062dd45802bc8e7269f457e38db54a0	1020	Gene3D	G3DSA:3.40.50.620	HUPs	38	236	1.5E-58	T	22-04-2026	IPR014729	Rossmann-like alpha/beta/alpha sandwich fold	-	-
GAU94472.1	3062dd45802bc8e7269f457e38db54a0	1020	SUPERFAMILY	SSF52374	Nucleotidylyl transferase	37	648	2.38E-123	T	22-04-2026	-	-	-	-
GAU94472.1	3062dd45802bc8e7269f457e38db54a0	1020	ProSitePatterns	PS00178	Aminoacyl-transfer RNA synthetases class-I signature.	76	87	-	T	22-04-2026	IPR001412	Aminoacyl-tRNA synthetase, class I, conserved site	-	-
GAU94472.1	3062dd45802bc8e7269f457e38db54a0	1020	CDD	cd07962	Anticodon_Ia_Val	638	832	1.70943E-28	T	22-04-2026	IPR033705	Valyl tRNA synthetase, anticodon-binding domain	-	-
GAU94472.1	3062dd45802bc8e7269f457e38db54a0	1020	SUPERFAMILY	SSF47323	Anticodon-binding domain of a subclass of class I aminoacyl-tRNA synthetases	732	966	1.59E-33	T	22-04-2026	IPR009080	Aminoacyl-tRNA synthetase, class Ia, anticodon-binding	-	-
GAU94472.1	3062dd45802bc8e7269f457e38db54a0	1020	PRINTS	PR00986	Valyl-tRNA synthetase signature	69	80	1.3E-32	T	22-04-2026	IPR002303	Valine-tRNA ligase	-	-
GAU94472.1	3062dd45802bc8e7269f457e38db54a0	1020	PRINTS	PR00986	Valyl-tRNA synthetase signature	535	553	1.3E-32	T	22-04-2026	IPR002303	Valine-tRNA ligase	-	-
GAU94472.1	3062dd45802bc8e7269f457e38db54a0	1020	PRINTS	PR00986	Valyl-tRNA synthetase signature	504	525	1.3E-32	T	22-04-2026	IPR002303	Valine-tRNA ligase	-	-
GAU94472.1	3062dd45802bc8e7269f457e38db54a0	1020	PRINTS	PR00986	Valyl-tRNA synthetase signature	283	300	1.3E-32	T	22-04-2026	IPR002303	Valine-tRNA ligase	-	-
GAU94472.1	3062dd45802bc8e7269f457e38db54a0	1020	PRINTS	PR00986	Valyl-tRNA synthetase signature	398	411	1.3E-32	T	22-04-2026	IPR002303	Valine-tRNA ligase	-	-
GAU94472.1	3062dd45802bc8e7269f457e38db54a0	1020	PANTHER	PTHR11946	VALYL-TRNA SYNTHETASES	33	984	0.0	T	22-04-2026	IPR002303	Valine-tRNA ligase	-	-
GAU94472.1	3062dd45802bc8e7269f457e38db54a0	1020	FunFam	G3DSA:3.40.50.620:FF:000020	Valine--tRNA ligase, mitochondrial	38	235	1.4E-85	T	22-04-2026	-	-	-	-
GAU94472.1	3062dd45802bc8e7269f457e38db54a0	1020	Pfam	PF00133	tRNA synthetases class I (I, L, M and V)	49	631	4.5E-131	T	22-04-2026	IPR002300	Aminoacyl-tRNA synthetase, class Ia	-	-
GAU94472.1	3062dd45802bc8e7269f457e38db54a0	1020	NCBIfam	TIGR00422	valine--tRNA ligase	37	657	7.2E-223	T	22-04-2026	IPR002303	Valine-tRNA ligase	-	-
GAU94472.1	3062dd45802bc8e7269f457e38db54a0	1020	CDD	cd00817	ValRS_core	67	636	3.61522E-169	T	22-04-2026	-	-	-	-
GAU94472.1	3062dd45802bc8e7269f457e38db54a0	1020	Coils	Coil	Coil	949	983	-	T	22-04-2026	-	-	-	-
GAU94472.1	3062dd45802bc8e7269f457e38db54a0	1020	SUPERFAMILY	SSF50677	ValRS/IleRS/LeuRS editing domain	243	393	4.32E-48	T	22-04-2026	IPR009008	Valyl/Leucyl/Isoleucyl-tRNA synthetase, editing domain	-	-
GAU94472.1	3062dd45802bc8e7269f457e38db54a0	1020	Gene3D	G3DSA:3.90.740.10	-	245	386	2.8E-41	T	22-04-2026	IPR009008	Valyl/Leucyl/Isoleucyl-tRNA synthetase, editing domain	-	-
GAU94472.1	3062dd45802bc8e7269f457e38db54a0	1020	Pfam	PF08264	Anticodon-binding domain of tRNA ligase	742	883	2.3E-23	T	22-04-2026	IPR013155	Methionyl/Valyl/Leucyl/Isoleucyl-tRNA synthetase, anticodon-binding	-	-
GAV09891.1	82569664f581feabe64ea24e2f371971	132	Pfam	PF21294	Polysaccharide lyase 14	1	127	1.6E-27	T	22-04-2026	IPR048958	Polysaccharide lyase 14	-	-
GAV09891.1	82569664f581feabe64ea24e2f371971	132	Gene3D	G3DSA:2.60.120.200	-	1	132	1.4E-34	T	22-04-2026	-	-	-	-
GAV09891.1	82569664f581feabe64ea24e2f371971	132	PANTHER	PTHR40124	-	1	130	6.7E-25	T	22-04-2026	-	-	-	-
GAV02267.1	b6df8d62b0003844f7bbd5a87dba22ac	347	PANTHER	PTHR14879	CASPASE REGULATOR, RING FINGER DOMAIN-CONTAINING	238	343	1.4E-11	T	22-04-2026	-	-	-	-
GAV02267.1	b6df8d62b0003844f7bbd5a87dba22ac	347	Pfam	PF13920	Zinc finger, C3HC4 type (RING finger)	301	343	4.5E-7	T	22-04-2026	-	-	-	-
GAV02267.1	b6df8d62b0003844f7bbd5a87dba22ac	347	MobiDBLite	mobidb-lite	consensus disorder prediction	59	79	-	T	22-04-2026	-	-	-	-
GAV02267.1	b6df8d62b0003844f7bbd5a87dba22ac	347	SUPERFAMILY	SSF54928	RNA-binding domain, RBD	160	255	1.48E-10	T	22-04-2026	IPR035979	RNA-binding domain superfamily	-	-
GAV02267.1	b6df8d62b0003844f7bbd5a87dba22ac	347	ProSiteProfiles	PS50102	Eukaryotic RNA Recognition Motif (RRM) profile.	174	253	11.042404	T	22-04-2026	IPR000504	RNA recognition motif domain	-	-
GAV02267.1	b6df8d62b0003844f7bbd5a87dba22ac	347	Pfam	PF00076	RNA recognition motif	176	230	0.028	T	22-04-2026	IPR000504	RNA recognition motif domain	-	-
GAV02267.1	b6df8d62b0003844f7bbd5a87dba22ac	347	Gene3D	G3DSA:3.30.40.10	Zinc/RING finger domain, C3HC4 (zinc finger)	278	347	1.8E-12	T	22-04-2026	IPR013083	Zinc finger, RING/FYVE/PHD-type	-	-
GAV02267.1	b6df8d62b0003844f7bbd5a87dba22ac	347	ProSiteProfiles	PS50089	Zinc finger RING-type profile.	303	337	9.523925	T	22-04-2026	IPR001841	Zinc finger, RING-type	-	-
GAV02267.1	b6df8d62b0003844f7bbd5a87dba22ac	347	CDD	cd00590	RRM_SF	176	244	3.21857E-8	T	22-04-2026	-	-	-	-
GAV02267.1	b6df8d62b0003844f7bbd5a87dba22ac	347	SMART	SM00360	rrm1_1	175	244	3.0E-4	T	22-04-2026	IPR000504	RNA recognition motif domain	-	-
GAV02267.1	b6df8d62b0003844f7bbd5a87dba22ac	347	SUPERFAMILY	SSF57850	RING/U-box	300	343	2.38E-5	T	22-04-2026	-	-	-	-
GAV02267.1	b6df8d62b0003844f7bbd5a87dba22ac	347	Gene3D	G3DSA:3.30.70.330	-	167	261	1.7E-10	T	22-04-2026	IPR012677	Nucleotide-binding alpha-beta plait domain superfamily	-	-
GAV04110.1	b4279e7a1e206079ba7979fa876d8a9a	373	Gene3D	G3DSA:3.30.710.10	Potassium Channel Kv1.1; Chain A	82	189	2.2E-27	T	22-04-2026	IPR011333	SKP1/BTB/POZ domain superfamily	-	-
GAV04110.1	b4279e7a1e206079ba7979fa876d8a9a	373	PANTHER	PTHR11145	BTB/POZ DOMAIN-CONTAINING ADAPTER FOR CUL3-MEDIATED RHOA DEGRADATION PROTEIN FAMILY MEMBER	80	360	2.2E-70	T	22-04-2026	IPR045068	BTB/POZ domain-containing adapter for CUL3-mediated RhoA degradation protein 1/2/3	-	-
GAV04110.1	b4279e7a1e206079ba7979fa876d8a9a	373	SMART	SM00225	BTB_4	87	187	9.6E-14	T	22-04-2026	IPR000210	BTB/POZ domain	-	-
GAV04110.1	b4279e7a1e206079ba7979fa876d8a9a	373	Pfam	PF02214	BTB/POZ domain	89	179	5.2E-13	T	22-04-2026	IPR003131	Potassium channel tetramerisation-type BTB domain	-	-
GAV04110.1	b4279e7a1e206079ba7979fa876d8a9a	373	SUPERFAMILY	SSF54695	POZ domain	88	181	1.43E-21	T	22-04-2026	IPR011333	SKP1/BTB/POZ domain superfamily	-	-
GAV06681.1	27ef79c323c354c99f561700134f4efa	276	MobiDBLite	mobidb-lite	consensus disorder prediction	203	218	-	T	22-04-2026	-	-	-	-
GAV06681.1	27ef79c323c354c99f561700134f4efa	276	MobiDBLite	mobidb-lite	consensus disorder prediction	242	276	-	T	22-04-2026	-	-	-	-
GAV06681.1	27ef79c323c354c99f561700134f4efa	276	MobiDBLite	mobidb-lite	consensus disorder prediction	171	218	-	T	22-04-2026	-	-	-	-
GAV06681.1	27ef79c323c354c99f561700134f4efa	276	MobiDBLite	mobidb-lite	consensus disorder prediction	50	67	-	T	22-04-2026	-	-	-	-
GAV06681.1	27ef79c323c354c99f561700134f4efa	276	MobiDBLite	mobidb-lite	consensus disorder prediction	25	81	-	T	22-04-2026	-	-	-	-
GAU95274.1	f2f837c3c8f594834b3f2ae4f4f93068	309	Pfam	PF08547	Complex I intermediate-associated protein 30 (CIA30)	107	281	8.4E-31	T	22-04-2026	IPR013857	NADH:ubiquinone oxidoreductase intermediate-associated protein 30	-	-
GAU95274.1	f2f837c3c8f594834b3f2ae4f4f93068	309	PANTHER	PTHR13194	COMPLEX I INTERMEDIATE-ASSOCIATED PROTEIN 30	69	299	4.5E-52	T	22-04-2026	IPR039131	Complex I intermediate-associated protein 30, mitochondrial	-	-
GAU95274.1	f2f837c3c8f594834b3f2ae4f4f93068	309	SUPERFAMILY	SSF49785	Galactose-binding domain-like	104	284	7.14E-27	T	22-04-2026	IPR008979	Galactose-binding-like domain superfamily	-	-
GAV05009.1	02a0adef33b36cdfe286feecd640de7a	324	CDD	cd00118	LysM	144	189	2.07986E-5	T	22-04-2026	IPR018392	LysM domain	-	-
GAV05009.1	02a0adef33b36cdfe286feecd640de7a	324	Gene3D	G3DSA:3.10.350.10	LysM domain	146	189	4.7E-6	T	22-04-2026	IPR036779	LysM domain superfamily	-	-
GAV05009.1	02a0adef33b36cdfe286feecd640de7a	324	SUPERFAMILY	SSF56112	Protein kinase-like (PK-like)	15	164	4.9E-27	T	22-04-2026	IPR011009	Protein kinase-like domain superfamily	-	-
GAV05009.1	02a0adef33b36cdfe286feecd640de7a	324	Pfam	PF00069	Protein kinase domain	15	143	2.9E-17	T	22-04-2026	IPR000719	Protein kinase domain	-	-
GAV05009.1	02a0adef33b36cdfe286feecd640de7a	324	Pfam	PF01476	LysM domain	146	189	0.42	T	22-04-2026	IPR018392	LysM domain	-	-
GAV05009.1	02a0adef33b36cdfe286feecd640de7a	324	SMART	SM00220	serkin_6	1	143	6.5E-4	T	22-04-2026	IPR000719	Protein kinase domain	-	-
GAV05009.1	02a0adef33b36cdfe286feecd640de7a	324	Gene3D	G3DSA:1.10.510.10	Transferase(Phosphotransferase) domain 1	5	145	1.2E-25	T	22-04-2026	-	-	-	-
GAV05009.1	02a0adef33b36cdfe286feecd640de7a	324	PANTHER	PTHR24348	SERINE/THREONINE-PROTEIN KINASE UNC-51-RELATED	15	214	1.3E-26	T	22-04-2026	IPR045269	Serine/threonine-protein kinase Atg1-like	-	-
GAV05009.1	02a0adef33b36cdfe286feecd640de7a	324	ProSiteProfiles	PS50011	Protein kinase domain profile.	1	143	22.379082	T	22-04-2026	IPR000719	Protein kinase domain	-	-
GAV05009.1	02a0adef33b36cdfe286feecd640de7a	324	ProSiteProfiles	PS51782	LysM domain profile.	144	189	11.956369	T	22-04-2026	IPR018392	LysM domain	-	-
GAV05009.1	02a0adef33b36cdfe286feecd640de7a	324	SMART	SM00257	LysM_2	145	190	1.4E-4	T	22-04-2026	IPR018392	LysM domain	-	-
GAU98300.1	8f24c0d28321c5ee2f0de3d1e20c3261	647	Pfam	PF07443	HepA-related protein (HARP)	173	218	6.1E-7	T	22-04-2026	IPR010003	HARP domain	-	-
GAU98300.1	8f24c0d28321c5ee2f0de3d1e20c3261	647	SUPERFAMILY	SSF52540	P-loop containing nucleoside triphosphate hydrolases	251	447	6.47E-39	T	22-04-2026	IPR027417	P-loop containing nucleoside triphosphate hydrolase	-	-
GAU98300.1	8f24c0d28321c5ee2f0de3d1e20c3261	647	Gene3D	G3DSA:3.40.50.10810	-	234	470	5.0E-42	T	22-04-2026	IPR038718	SNF2-like, N-terminal domain superfamily	-	-
GAU98300.1	8f24c0d28321c5ee2f0de3d1e20c3261	647	MobiDBLite	mobidb-lite	consensus disorder prediction	1	27	-	T	22-04-2026	-	-	-	-
GAU98300.1	8f24c0d28321c5ee2f0de3d1e20c3261	647	MobiDBLite	mobidb-lite	consensus disorder prediction	1	108	-	T	22-04-2026	-	-	-	-
GAU98300.1	8f24c0d28321c5ee2f0de3d1e20c3261	647	CDD	cd18010	DEXHc_HARP_SMARCAL1	263	498	4.99084E-93	T	22-04-2026	-	-	-	-
GAU98300.1	8f24c0d28321c5ee2f0de3d1e20c3261	647	ProSiteProfiles	PS51467	HARP domain profile.	157	230	9.881356	T	22-04-2026	IPR010003	HARP domain	-	-
GAU98300.1	8f24c0d28321c5ee2f0de3d1e20c3261	647	SUPERFAMILY	SSF52540	P-loop containing nucleoside triphosphate hydrolases	556	647	1.27E-10	T	22-04-2026	IPR027417	P-loop containing nucleoside triphosphate hydrolase	-	-
GAU98300.1	8f24c0d28321c5ee2f0de3d1e20c3261	647	ProSiteProfiles	PS51192	Superfamilies 1 and 2 helicase ATP-binding type-1 domain profile.	272	429	18.060251	T	22-04-2026	IPR014001	Helicase superfamily 1/2, ATP-binding domain	-	-
GAU98300.1	8f24c0d28321c5ee2f0de3d1e20c3261	647	PANTHER	PTHR45766	DNA ANNEALING HELICASE AND ENDONUCLEASE ZRANB3 FAMILY MEMBER	5	647	2.1E-145	T	22-04-2026	-	-	-	-
GAU98300.1	8f24c0d28321c5ee2f0de3d1e20c3261	647	MobiDBLite	mobidb-lite	consensus disorder prediction	29	71	-	T	22-04-2026	-	-	-	-
GAU98300.1	8f24c0d28321c5ee2f0de3d1e20c3261	647	MobiDBLite	mobidb-lite	consensus disorder prediction	91	107	-	T	22-04-2026	-	-	-	-
GAU98300.1	8f24c0d28321c5ee2f0de3d1e20c3261	647	Pfam	PF00176	SNF2-related domain	266	560	5.0E-28	T	22-04-2026	IPR000330	SNF2, N-terminal	-	-
GAU98300.1	8f24c0d28321c5ee2f0de3d1e20c3261	647	Coils	Coil	Coil	8	28	-	T	22-04-2026	-	-	-	-
GAU98300.1	8f24c0d28321c5ee2f0de3d1e20c3261	647	Gene3D	G3DSA:3.40.50.300	-	473	647	1.5E-12	T	22-04-2026	IPR027417	P-loop containing nucleoside triphosphate hydrolase	-	-
GAU98300.1	8f24c0d28321c5ee2f0de3d1e20c3261	647	SMART	SM00487	ultradead3	259	437	1.9E-20	T	22-04-2026	IPR014001	Helicase superfamily 1/2, ATP-binding domain	-	-
GAU98300.1	8f24c0d28321c5ee2f0de3d1e20c3261	647	CDD	cd18793	SF2_C_SNF	564	647	1.22872E-18	T	22-04-2026	IPR049730	SNF2/RAD5-like, C-terminal helicase domain	-	-
GAV08969.1	f61f2c13d937969c95a25e9350d94621	320	ProSiteProfiles	PS50222	EF-hand calcium-binding domain profile.	126	161	11.723866	T	22-04-2026	IPR002048	EF-hand domain	-	-
GAV08969.1	f61f2c13d937969c95a25e9350d94621	320	SMART	SM00054	efh_1	270	299	17.0	T	22-04-2026	IPR002048	EF-hand domain	-	-
GAV08969.1	f61f2c13d937969c95a25e9350d94621	320	SMART	SM00054	efh_1	177	205	13.0	T	22-04-2026	IPR002048	EF-hand domain	-	-
GAV08969.1	f61f2c13d937969c95a25e9350d94621	320	SMART	SM00054	efh_1	226	255	26.0	T	22-04-2026	IPR002048	EF-hand domain	-	-
GAV08969.1	f61f2c13d937969c95a25e9350d94621	320	SMART	SM00054	efh_1	130	158	0.0024	T	22-04-2026	IPR002048	EF-hand domain	-	-
GAV08969.1	f61f2c13d937969c95a25e9350d94621	320	SMART	SM00054	efh_1	36	64	0.85	T	22-04-2026	IPR002048	EF-hand domain	-	-
GAV08969.1	f61f2c13d937969c95a25e9350d94621	320	ProSitePatterns	PS00018	EF-hand calcium-binding domain.	186	198	-	T	22-04-2026	IPR018247	EF-Hand 1, calcium-binding site	-	-
GAV08969.1	f61f2c13d937969c95a25e9350d94621	320	Gene3D	G3DSA:1.10.238.10	-	21	92	4.0E-10	T	22-04-2026	-	-	-	-
GAV08969.1	f61f2c13d937969c95a25e9350d94621	320	SUPERFAMILY	SSF47473	EF-hand	35	158	2.01E-7	T	22-04-2026	IPR011992	EF-hand domain pair	-	-
GAV08969.1	f61f2c13d937969c95a25e9350d94621	320	SUPERFAMILY	SSF47473	EF-hand	130	296	5.65E-16	T	22-04-2026	IPR011992	EF-hand domain pair	-	-
GAV08969.1	f61f2c13d937969c95a25e9350d94621	320	ProSitePatterns	PS00018	EF-hand calcium-binding domain.	280	292	-	T	22-04-2026	IPR018247	EF-Hand 1, calcium-binding site	-	-
GAV08969.1	f61f2c13d937969c95a25e9350d94621	320	Gene3D	G3DSA:1.10.238.10	-	103	198	2.6E-17	T	22-04-2026	-	-	-	-
GAV08969.1	f61f2c13d937969c95a25e9350d94621	320	Gene3D	G3DSA:1.10.238.10	-	199	297	8.3E-16	T	22-04-2026	-	-	-	-
GAV08969.1	f61f2c13d937969c95a25e9350d94621	320	Pfam	PF13202	EF hand	185	202	360.0	T	22-04-2026	IPR002048	EF-hand domain	-	-
GAV08969.1	f61f2c13d937969c95a25e9350d94621	320	ProSiteProfiles	PS50222	EF-hand calcium-binding domain profile.	32	67	9.771187	T	22-04-2026	IPR002048	EF-hand domain	-	-
GAV08969.1	f61f2c13d937969c95a25e9350d94621	320	PANTHER	PTHR19972	CALBINDIN	28	298	7.4E-54	T	22-04-2026	-	-	-	-
GAU97584.1	c122dac16f243560653bf93bca522ac4	477	MobiDBLite	mobidb-lite	consensus disorder prediction	1	70	-	T	22-04-2026	-	-	-	-
GAU97584.1	c122dac16f243560653bf93bca522ac4	477	Pfam	PF01167	Tub family	227	471	3.8E-87	T	22-04-2026	IPR000007	Tubby, C-terminal	-	-
GAU97584.1	c122dac16f243560653bf93bca522ac4	477	Gene3D	G3DSA:3.20.90.10	Tubby Protein; Chain A	216	477	4.3E-113	T	22-04-2026	IPR025659	Tubby-like, C-terminal	-	-
GAU97584.1	c122dac16f243560653bf93bca522ac4	477	PRINTS	PR01573	Tubby superfamily signature	434	453	8.1E-77	T	22-04-2026	IPR000007	Tubby, C-terminal	-	-
GAU97584.1	c122dac16f243560653bf93bca522ac4	477	PRINTS	PR01573	Tubby superfamily signature	455	477	8.1E-77	T	22-04-2026	IPR000007	Tubby, C-terminal	-	-
GAU97584.1	c122dac16f243560653bf93bca522ac4	477	PRINTS	PR01573	Tubby superfamily signature	414	430	8.1E-77	T	22-04-2026	IPR000007	Tubby, C-terminal	-	-
GAU97584.1	c122dac16f243560653bf93bca522ac4	477	PRINTS	PR01573	Tubby superfamily signature	396	413	8.1E-77	T	22-04-2026	IPR000007	Tubby, C-terminal	-	-
GAU97584.1	c122dac16f243560653bf93bca522ac4	477	PRINTS	PR01573	Tubby superfamily signature	299	323	8.1E-77	T	22-04-2026	IPR000007	Tubby, C-terminal	-	-
GAU97584.1	c122dac16f243560653bf93bca522ac4	477	PRINTS	PR01573	Tubby superfamily signature	283	299	8.1E-77	T	22-04-2026	IPR000007	Tubby, C-terminal	-	-
GAU97584.1	c122dac16f243560653bf93bca522ac4	477	PRINTS	PR01573	Tubby superfamily signature	335	362	8.1E-77	T	22-04-2026	IPR000007	Tubby, C-terminal	-	-
GAU97584.1	c122dac16f243560653bf93bca522ac4	477	PANTHER	PTHR16517	TUBBY-RELATED	88	476	2.4E-99	T	22-04-2026	-	-	-	-
GAU97584.1	c122dac16f243560653bf93bca522ac4	477	MobiDBLite	mobidb-lite	consensus disorder prediction	1	29	-	T	22-04-2026	-	-	-	-
GAU97584.1	c122dac16f243560653bf93bca522ac4	477	MobiDBLite	mobidb-lite	consensus disorder prediction	30	51	-	T	22-04-2026	-	-	-	-
GAU97584.1	c122dac16f243560653bf93bca522ac4	477	FunFam	G3DSA:3.20.90.10:FF:000001	Tubby-like protein	214	477	1.3E-133	T	22-04-2026	-	-	-	-
GAU97584.1	c122dac16f243560653bf93bca522ac4	477	SUPERFAMILY	SSF54518	Tubby C-terminal domain-like	219	477	1.88E-100	T	22-04-2026	IPR025659	Tubby-like, C-terminal	-	-
GAU97584.1	c122dac16f243560653bf93bca522ac4	477	ProSitePatterns	PS01200	Tub family signature 1.	414	427	-	T	22-04-2026	IPR018066	Tubby, C-terminal, conserved site	-	-
GAU91042.1	6804487710073993dfe9c21e93aa211e	201	PANTHER	PTHR21346	FUN14 DOMAIN CONTAINING	76	201	5.0E-17	T	22-04-2026	IPR007014	FUN14	-	-
GAU91042.1	6804487710073993dfe9c21e93aa211e	201	Pfam	PF04930	FUN14 family	82	199	1.2E-13	T	22-04-2026	IPR007014	FUN14	-	-
GAU98938.1	37d77197ded958d897cfe4089aede082	837	Gene3D	G3DSA:3.90.550.50	-	114	355	1.5E-8	T	22-04-2026	-	-	-	-
GAU98938.1	37d77197ded958d897cfe4089aede082	837	Coils	Coil	Coil	347	367	-	T	22-04-2026	-	-	-	-
GAU98938.1	37d77197ded958d897cfe4089aede082	837	Pfam	PF05679	Chondroitin N-acetylgalactosaminyltransferase	264	820	4.1E-98	T	22-04-2026	IPR008428	Chondroitin N-acetylgalactosaminyltransferase	-	-
GAU98938.1	37d77197ded958d897cfe4089aede082	837	PANTHER	PTHR12369	CHONDROITIN SYNTHASE	19	822	6.3E-95	T	22-04-2026	-	-	-	-
GAV03565.1	4f4bc19f697450e367147df7d2a848b8	446	MobiDBLite	mobidb-lite	consensus disorder prediction	164	200	-	T	22-04-2026	-	-	-	-
GAV03565.1	4f4bc19f697450e367147df7d2a848b8	446	Gene3D	G3DSA:1.25.40.10	Tetratricopeptide repeat domain	302	417	1.1E-16	T	22-04-2026	IPR011990	Tetratricopeptide-like helical domain superfamily	-	-
GAV03565.1	4f4bc19f697450e367147df7d2a848b8	446	ProSiteProfiles	PS51203	CS domain profile.	3	87	12.066903	T	22-04-2026	IPR007052	CS domain	-	-
GAV03565.1	4f4bc19f697450e367147df7d2a848b8	446	MobiDBLite	mobidb-lite	consensus disorder prediction	184	200	-	T	22-04-2026	-	-	-	-
GAV03565.1	4f4bc19f697450e367147df7d2a848b8	446	MobiDBLite	mobidb-lite	consensus disorder prediction	111	147	-	T	22-04-2026	-	-	-	-
GAV03565.1	4f4bc19f697450e367147df7d2a848b8	446	MobiDBLite	mobidb-lite	consensus disorder prediction	111	132	-	T	22-04-2026	-	-	-	-
GAV03565.1	4f4bc19f697450e367147df7d2a848b8	446	Pfam	PF04969	CS domain	9	77	0.097	T	22-04-2026	IPR007052	CS domain	-	-
GAV03565.1	4f4bc19f697450e367147df7d2a848b8	446	PANTHER	PTHR46492	DYNEIN ASSEMBLY FACTOR 4, AXONEMAL	1	419	4.7E-78	T	22-04-2026	-	-	-	-
GAV03565.1	4f4bc19f697450e367147df7d2a848b8	446	SUPERFAMILY	SSF48452	TPR-like	296	428	1.56E-17	T	22-04-2026	IPR011990	Tetratricopeptide-like helical domain superfamily	-	-
GAV03565.1	4f4bc19f697450e367147df7d2a848b8	446	SUPERFAMILY	SSF49764	HSP20-like chaperones	7	98	2.09E-12	T	22-04-2026	IPR008978	HSP20-like chaperone	-	-
GAV03565.1	4f4bc19f697450e367147df7d2a848b8	446	Coils	Coil	Coil	105	132	-	T	22-04-2026	-	-	-	-
GAV03565.1	4f4bc19f697450e367147df7d2a848b8	446	Gene3D	G3DSA:2.60.40.790	-	6	102	1.7E-9	T	22-04-2026	IPR008978	HSP20-like chaperone	-	-
GAU88927.1	30096443469eca1ad207c71aec46f5a4	489	CDD	cd09631	DOMON_DOH	1	135	2.33038E-25	T	22-04-2026	IPR045266	Copper-dependent monooxygenases, DOMON domain	-	-
GAU88927.1	30096443469eca1ad207c71aec46f5a4	489	MobiDBLite	mobidb-lite	consensus disorder prediction	202	281	-	T	22-04-2026	-	-	-	-
GAU88927.1	30096443469eca1ad207c71aec46f5a4	489	PANTHER	PTHR10157	DOPAMINE BETA HYDROXYLASE RELATED	2	155	1.4E-19	T	22-04-2026	IPR000945	Dopamine beta-hydroxylase-like	-	-
GAU88927.1	30096443469eca1ad207c71aec46f5a4	489	SMART	SM00664	DOMON_3	21	117	4.8E-12	T	22-04-2026	IPR005018	DOMON domain	-	-
GAU88927.1	30096443469eca1ad207c71aec46f5a4	489	MobiDBLite	mobidb-lite	consensus disorder prediction	202	241	-	T	22-04-2026	-	-	-	-
GAU88927.1	30096443469eca1ad207c71aec46f5a4	489	ProSiteProfiles	PS50836	DOMON domain profile.	1	117	20.239733	T	22-04-2026	IPR005018	DOMON domain	-	-
GAU88927.1	30096443469eca1ad207c71aec46f5a4	489	Pfam	PF03351	DOMON domain	2	116	6.1E-17	T	22-04-2026	IPR005018	DOMON domain	-	-
GAU88927.1	30096443469eca1ad207c71aec46f5a4	489	MobiDBLite	mobidb-lite	consensus disorder prediction	255	275	-	T	22-04-2026	-	-	-	-
GAU88927.1	30096443469eca1ad207c71aec46f5a4	489	SUPERFAMILY	SSF49344	CBD9-like	8	137	4.32E-5	T	22-04-2026	-	-	-	-
GAV05136.1	d98b43734370f4c7bf8e972bea139816	671	Gene3D	G3DSA:1.10.510.10	Transferase(Phosphotransferase) domain 1	309	481	3.0E-39	T	22-04-2026	-	-	-	-
GAV05136.1	d98b43734370f4c7bf8e972bea139816	671	MobiDBLite	mobidb-lite	consensus disorder prediction	544	559	-	T	22-04-2026	-	-	-	-
GAV05136.1	d98b43734370f4c7bf8e972bea139816	671	ProSiteProfiles	PS50011	Protein kinase domain profile.	195	553	30.053843	T	22-04-2026	IPR000719	Protein kinase domain	-	-
GAV05136.1	d98b43734370f4c7bf8e972bea139816	671	PRINTS	PR00109	Tyrosine kinase catalytic domain signature	400	410	1.6E-12	T	22-04-2026	IPR001245	Serine-threonine/tyrosine-protein kinase, catalytic domain	-	-
GAV05136.1	d98b43734370f4c7bf8e972bea139816	671	PRINTS	PR00109	Tyrosine kinase catalytic domain signature	419	441	1.6E-12	T	22-04-2026	IPR001245	Serine-threonine/tyrosine-protein kinase, catalytic domain	-	-
GAV05136.1	d98b43734370f4c7bf8e972bea139816	671	PRINTS	PR00109	Tyrosine kinase catalytic domain signature	276	289	1.6E-12	T	22-04-2026	IPR001245	Serine-threonine/tyrosine-protein kinase, catalytic domain	-	-
GAV05136.1	d98b43734370f4c7bf8e972bea139816	671	PANTHER	PTHR24416	TYROSINE-PROTEIN KINASE RECEPTOR	199	470	2.4E-72	T	22-04-2026	-	-	-	-
GAV05136.1	d98b43734370f4c7bf8e972bea139816	671	MobiDBLite	mobidb-lite	consensus disorder prediction	519	559	-	T	22-04-2026	-	-	-	-
GAV05136.1	d98b43734370f4c7bf8e972bea139816	671	SUPERFAMILY	SSF56112	Protein kinase-like (PK-like)	195	473	1.95E-53	T	22-04-2026	IPR011009	Protein kinase-like domain superfamily	-	-
GAV05136.1	d98b43734370f4c7bf8e972bea139816	671	Gene3D	G3DSA:2.60.120.200	-	5	172	1.3E-10	T	22-04-2026	-	-	-	-
GAV05136.1	d98b43734370f4c7bf8e972bea139816	671	CDD	cd00192	PTKc	199	472	7.82918E-79	T	22-04-2026	-	-	-	-
GAV05136.1	d98b43734370f4c7bf8e972bea139816	671	Gene3D	G3DSA:3.30.200.20	Phosphorylase Kinase; domain 1	173	278	6.5E-13	T	22-04-2026	-	-	-	-
GAV05136.1	d98b43734370f4c7bf8e972bea139816	671	SUPERFAMILY	SSF49899	Concanavalin A-like lectins/glucanases	17	189	1.83E-8	T	22-04-2026	IPR013320	Concanavalin A-like lectin/glucanase domain superfamily	-	-
GAV05136.1	d98b43734370f4c7bf8e972bea139816	671	Pfam	PF07714	Protein tyrosine and serine/threonine kinase	199	472	2.9E-53	T	22-04-2026	IPR001245	Serine-threonine/tyrosine-protein kinase, catalytic domain	-	-
GAU99391.1	f98e2c1c68413c738e8b0ee9dd0f569a	328	SUPERFAMILY	SSF54160	Chromo domain-like	49	121	2.56E-9	T	22-04-2026	IPR016197	Chromo-like domain superfamily	-	-
GAU99391.1	f98e2c1c68413c738e8b0ee9dd0f569a	328	MobiDBLite	mobidb-lite	consensus disorder prediction	200	226	-	T	22-04-2026	-	-	-	-
GAU99391.1	f98e2c1c68413c738e8b0ee9dd0f569a	328	MobiDBLite	mobidb-lite	consensus disorder prediction	183	314	-	T	22-04-2026	-	-	-	-
GAU99391.1	f98e2c1c68413c738e8b0ee9dd0f569a	328	Pfam	PF11717	RNA binding activity-knot of a chromodomain	59	109	0.031	T	22-04-2026	IPR025995	RNA binding activity-knot of a chromodomain	-	-
GAU99391.1	f98e2c1c68413c738e8b0ee9dd0f569a	328	MobiDBLite	mobidb-lite	consensus disorder prediction	273	289	-	T	22-04-2026	-	-	-	-
GAU99391.1	f98e2c1c68413c738e8b0ee9dd0f569a	328	MobiDBLite	mobidb-lite	consensus disorder prediction	241	256	-	T	22-04-2026	-	-	-	-
GAU99391.1	f98e2c1c68413c738e8b0ee9dd0f569a	328	Gene3D	G3DSA:2.30.30.140	-	42	165	1.2E-10	T	22-04-2026	-	-	-	-
GAU88509.1	bc3cd313dd85d693873fb1223f115f55	262	Gene3D	G3DSA:2.60.120.290	Spermadhesin, CUB domain	54	171	3.8E-5	T	22-04-2026	IPR035914	Spermadhesin, CUB domain superfamily	-	-
GAU88509.1	bc3cd313dd85d693873fb1223f115f55	262	SUPERFAMILY	SSF49854	Spermadhesin, CUB domain	56	158	5.23E-6	T	22-04-2026	IPR035914	Spermadhesin, CUB domain superfamily	-	-
GAU88509.1	bc3cd313dd85d693873fb1223f115f55	262	Pfam	PF05428	Corticotropin-releasing factor binding protein (CRF-BP)	51	228	7.3E-25	T	22-04-2026	IPR008435	Corticotropin-releasing factor-binding protein	-	-
GAU88509.1	bc3cd313dd85d693873fb1223f115f55	262	PANTHER	PTHR10278	CORTICOTROPIN-RELEASING FACTOR-BINDING PROTEIN	51	226	2.5E-38	T	22-04-2026	IPR008435	Corticotropin-releasing factor-binding protein	-	-
GAV07771.1	413290e7e542b376bde1bfb986cb9e2f	121	CDD	cd00051	EFh	57	119	1.7718E-21	T	22-04-2026	IPR002048	EF-hand domain	-	-
GAV07771.1	413290e7e542b376bde1bfb986cb9e2f	121	Pfam	PF13499	EF-hand domain pair	56	118	1.1E-15	T	22-04-2026	IPR002048	EF-hand domain	-	-
GAV07771.1	413290e7e542b376bde1bfb986cb9e2f	121	CDD	cd00051	EFh	2	48	5.27441E-10	T	22-04-2026	IPR002048	EF-hand domain	-	-
GAV07771.1	413290e7e542b376bde1bfb986cb9e2f	121	Gene3D	G3DSA:1.10.238.10	-	53	121	3.8E-27	T	22-04-2026	-	-	-	-
GAV07771.1	413290e7e542b376bde1bfb986cb9e2f	121	ProSiteProfiles	PS50222	EF-hand calcium-binding domain profile.	89	121	14.597092	T	22-04-2026	IPR002048	EF-hand domain	-	-
GAV07771.1	413290e7e542b376bde1bfb986cb9e2f	121	Pfam	PF00036	EF hand	23	49	4.7E-4	T	22-04-2026	IPR002048	EF-hand domain	-	-
GAV07771.1	413290e7e542b376bde1bfb986cb9e2f	121	Gene3D	G3DSA:1.10.238.10	-	1	52	3.5E-16	T	22-04-2026	-	-	-	-
GAV07771.1	413290e7e542b376bde1bfb986cb9e2f	121	PANTHER	PTHR23050	CALCIUM BINDING PROTEIN	2	115	6.4E-31	T	22-04-2026	-	-	-	-
GAV07771.1	413290e7e542b376bde1bfb986cb9e2f	121	FunFam	G3DSA:1.10.238.10:FF:000001	Calmodulin 1	1	121	9.7E-47	T	22-04-2026	-	-	-	-
GAV07771.1	413290e7e542b376bde1bfb986cb9e2f	121	ProSitePatterns	PS00018	EF-hand calcium-binding domain.	102	114	-	T	22-04-2026	IPR018247	EF-Hand 1, calcium-binding site	-	-
GAV07771.1	413290e7e542b376bde1bfb986cb9e2f	121	ProSiteProfiles	PS50222	EF-hand calcium-binding domain profile.	18	52	11.33333	T	22-04-2026	IPR002048	EF-hand domain	-	-
GAV07771.1	413290e7e542b376bde1bfb986cb9e2f	121	SMART	SM00054	efh_1	22	50	3.8E-5	T	22-04-2026	IPR002048	EF-hand domain	-	-
GAV07771.1	413290e7e542b376bde1bfb986cb9e2f	121	SMART	SM00054	efh_1	93	121	1.2E-6	T	22-04-2026	IPR002048	EF-hand domain	-	-
GAV07771.1	413290e7e542b376bde1bfb986cb9e2f	121	SMART	SM00054	efh_1	57	85	7.8E-7	T	22-04-2026	IPR002048	EF-hand domain	-	-
GAV07771.1	413290e7e542b376bde1bfb986cb9e2f	121	ProSitePatterns	PS00018	EF-hand calcium-binding domain.	66	78	-	T	22-04-2026	IPR018247	EF-Hand 1, calcium-binding site	-	-
GAV07771.1	413290e7e542b376bde1bfb986cb9e2f	121	ProSiteProfiles	PS50222	EF-hand calcium-binding domain profile.	53	88	14.987627	T	22-04-2026	IPR002048	EF-hand domain	-	-
GAV07771.1	413290e7e542b376bde1bfb986cb9e2f	121	SUPERFAMILY	SSF47473	EF-hand	2	119	1.39E-38	T	22-04-2026	IPR011992	EF-hand domain pair	-	-
GAU96359.1	ec5b263991bf46bc8ece2181f601c0a1	1077	SUPERFAMILY	SSF52540	P-loop containing nucleoside triphosphate hydrolases	16	318	1.63E-26	T	22-04-2026	IPR027417	P-loop containing nucleoside triphosphate hydrolase	-	-
GAU96359.1	ec5b263991bf46bc8ece2181f601c0a1	1077	Coils	Coil	Coil	719	809	-	T	22-04-2026	-	-	-	-
GAU96359.1	ec5b263991bf46bc8ece2181f601c0a1	1077	Gene3D	G3DSA:1.10.287.1490	-	639	782	6.6E-6	T	22-04-2026	-	-	-	-
GAU96359.1	ec5b263991bf46bc8ece2181f601c0a1	1077	Coils	Coil	Coil	242	286	-	T	22-04-2026	-	-	-	-
GAU96359.1	ec5b263991bf46bc8ece2181f601c0a1	1077	Gene3D	G3DSA:3.40.50.300	-	879	1055	1.7E-22	T	22-04-2026	IPR027417	P-loop containing nucleoside triphosphate hydrolase	-	-
GAU96359.1	ec5b263991bf46bc8ece2181f601c0a1	1077	Coils	Coil	Coil	673	707	-	T	22-04-2026	-	-	-	-
GAU96359.1	ec5b263991bf46bc8ece2181f601c0a1	1077	Coils	Coil	Coil	366	414	-	T	22-04-2026	-	-	-	-
GAU96359.1	ec5b263991bf46bc8ece2181f601c0a1	1077	Pfam	PF02463	RecF/RecN/SMC N terminal domain	16	1041	4.4E-22	T	22-04-2026	IPR003395	RecF/RecN/SMC, N-terminal	-	-
GAU96359.1	ec5b263991bf46bc8ece2181f601c0a1	1077	Coils	Coil	Coil	336	363	-	T	22-04-2026	-	-	-	-
GAU96359.1	ec5b263991bf46bc8ece2181f601c0a1	1077	Coils	Coil	Coil	185	205	-	T	22-04-2026	-	-	-	-
GAU96359.1	ec5b263991bf46bc8ece2181f601c0a1	1077	PANTHER	PTHR19306	STRUCTURAL MAINTENANCE OF CHROMOSOMES 5,6  SMC5, SMC6	10	1066	1.3E-152	T	22-04-2026	-	-	-	-
GAU96359.1	ec5b263991bf46bc8ece2181f601c0a1	1077	Coils	Coil	Coil	838	869	-	T	22-04-2026	-	-	-	-
GAU96359.1	ec5b263991bf46bc8ece2181f601c0a1	1077	Coils	Coil	Coil	422	442	-	T	22-04-2026	-	-	-	-
GAU96359.1	ec5b263991bf46bc8ece2181f601c0a1	1077	SUPERFAMILY	SSF52540	P-loop containing nucleoside triphosphate hydrolases	16	1041	4.94E-16	T	22-04-2026	IPR027417	P-loop containing nucleoside triphosphate hydrolase	-	-
GAU96359.1	ec5b263991bf46bc8ece2181f601c0a1	1077	Coils	Coil	Coil	874	908	-	T	22-04-2026	-	-	-	-
GAU96359.1	ec5b263991bf46bc8ece2181f601c0a1	1077	Gene3D	G3DSA:3.40.50.300	-	15	215	1.3E-29	T	22-04-2026	IPR027417	P-loop containing nucleoside triphosphate hydrolase	-	-
GAV02620.1	f60f878095fb0cf5f96f81a8cccb8724	596	PANTHER	PTHR43243	INNER MEMBRANE TRANSPORTER YGJI-RELATED	9	567	1.9E-144	T	22-04-2026	-	-	-	-
GAV02620.1	f60f878095fb0cf5f96f81a8cccb8724	596	Pfam	PF13906	C-terminus of AA_permease	529	567	3.0E-9	T	22-04-2026	IPR029485	Cationic amino acid transporter, C-terminal	-	-
GAV02620.1	f60f878095fb0cf5f96f81a8cccb8724	596	PIRSF	PIRSF006060	AA_transporter	16	413	2.4E-74	T	22-04-2026	-	-	-	-
GAV02620.1	f60f878095fb0cf5f96f81a8cccb8724	596	PIRSF	PIRSF006060	AA_transporter	455	594	170.0	T	22-04-2026	-	-	-	-
GAV02620.1	f60f878095fb0cf5f96f81a8cccb8724	596	Gene3D	G3DSA:1.20.1740.10	Amino acid/polyamine transporter I	28	419	4.3E-92	T	22-04-2026	-	-	-	-
GAV02620.1	f60f878095fb0cf5f96f81a8cccb8724	596	Pfam	PF13520	Amino acid permease	34	409	2.8E-34	T	22-04-2026	IPR002293	Amino acid/polyamine transporter I	-	-
GAU88943.1	da58ea93d884b9d9d7402049d4df21b7	286	Gene3D	G3DSA:3.40.50.2300	-	26	202	6.4E-20	T	22-04-2026	-	-	-	-
GAU88943.1	da58ea93d884b9d9d7402049d4df21b7	286	SUPERFAMILY	SSF53822	Periplasmic binding protein-like I	15	282	9.42E-21	T	22-04-2026	IPR028082	Periplasmic binding protein-like I	-	-
GAU88943.1	da58ea93d884b9d9d7402049d4df21b7	286	Pfam	PF01094	Receptor family ligand binding region	27	272	1.2E-8	T	22-04-2026	IPR001828	Receptor, ligand binding region	-	-
GAU98615.1	0cb988404b850f25441c0fa74b134516	402	MobiDBLite	mobidb-lite	consensus disorder prediction	1	36	-	T	22-04-2026	-	-	-	-
GAU98615.1	0cb988404b850f25441c0fa74b134516	402	MobiDBLite	mobidb-lite	consensus disorder prediction	198	232	-	T	22-04-2026	-	-	-	-
GAV09005.1	f26e88a547ef8493a1b1ee58d9e7121a	798	Pfam	PF07714	Protein tyrosine and serine/threonine kinase	483	766	7.4E-84	T	22-04-2026	IPR001245	Serine-threonine/tyrosine-protein kinase, catalytic domain	-	-
GAV09005.1	f26e88a547ef8493a1b1ee58d9e7121a	798	CDD	cd00192	PTKc	487	767	4.07776E-127	T	22-04-2026	-	-	-	-
GAV09005.1	f26e88a547ef8493a1b1ee58d9e7121a	798	ProSiteProfiles	PS50011	Protein kinase domain profile.	481	770	41.332775	T	22-04-2026	IPR000719	Protein kinase domain	-	-
GAV09005.1	f26e88a547ef8493a1b1ee58d9e7121a	798	Gene3D	G3DSA:1.10.510.10	Transferase(Phosphotransferase) domain 1	572	786	8.3E-57	T	22-04-2026	-	-	-	-
GAV09005.1	f26e88a547ef8493a1b1ee58d9e7121a	798	Gene3D	G3DSA:3.30.200.20	Phosphorylase Kinase; domain 1	439	571	9.1E-30	T	22-04-2026	-	-	-	-
GAV09005.1	f26e88a547ef8493a1b1ee58d9e7121a	798	ProSitePatterns	PS00109	Tyrosine protein kinases specific active-site signature.	631	643	-	T	22-04-2026	IPR008266	Tyrosine-protein kinase, active site	-	-
GAV09005.1	f26e88a547ef8493a1b1ee58d9e7121a	798	ProSitePatterns	PS00107	Protein kinases ATP-binding region signature.	487	520	-	T	22-04-2026	IPR017441	Protein kinase, ATP binding site	-	-
GAV09005.1	f26e88a547ef8493a1b1ee58d9e7121a	798	SMART	SM00219	tyrkin_6	481	766	7.2E-124	T	22-04-2026	IPR020635	Tyrosine-protein kinase, catalytic domain	-	-
GAV09005.1	f26e88a547ef8493a1b1ee58d9e7121a	798	PANTHER	PTHR24416	TYROSINE-PROTEIN KINASE RECEPTOR	47	769	2.7E-117	T	22-04-2026	-	-	-	-
GAV09005.1	f26e88a547ef8493a1b1ee58d9e7121a	798	PRINTS	PR00109	Tyrosine kinase catalytic domain signature	674	684	7.5E-30	T	22-04-2026	IPR001245	Serine-threonine/tyrosine-protein kinase, catalytic domain	-	-
GAV09005.1	f26e88a547ef8493a1b1ee58d9e7121a	798	PRINTS	PR00109	Tyrosine kinase catalytic domain signature	567	580	7.5E-30	T	22-04-2026	IPR001245	Serine-threonine/tyrosine-protein kinase, catalytic domain	-	-
GAV09005.1	f26e88a547ef8493a1b1ee58d9e7121a	798	PRINTS	PR00109	Tyrosine kinase catalytic domain signature	625	643	7.5E-30	T	22-04-2026	IPR001245	Serine-threonine/tyrosine-protein kinase, catalytic domain	-	-
GAV09005.1	f26e88a547ef8493a1b1ee58d9e7121a	798	PRINTS	PR00109	Tyrosine kinase catalytic domain signature	737	759	7.5E-30	T	22-04-2026	IPR001245	Serine-threonine/tyrosine-protein kinase, catalytic domain	-	-
GAV09005.1	f26e88a547ef8493a1b1ee58d9e7121a	798	PRINTS	PR00109	Tyrosine kinase catalytic domain signature	693	715	7.5E-30	T	22-04-2026	IPR001245	Serine-threonine/tyrosine-protein kinase, catalytic domain	-	-
GAV09005.1	f26e88a547ef8493a1b1ee58d9e7121a	798	SUPERFAMILY	SSF56112	Protein kinase-like (PK-like)	449	762	1.89E-78	T	22-04-2026	IPR011009	Protein kinase-like domain superfamily	-	-
GAV09005.1	f26e88a547ef8493a1b1ee58d9e7121a	798	MobiDBLite	mobidb-lite	consensus disorder prediction	346	385	-	T	22-04-2026	-	-	-	-
GAV09005.1	f26e88a547ef8493a1b1ee58d9e7121a	798	MobiDBLite	mobidb-lite	consensus disorder prediction	346	380	-	T	22-04-2026	-	-	-	-
GAV09005.1	f26e88a547ef8493a1b1ee58d9e7121a	798	FunFam	G3DSA:1.10.510.10:FF:000554	Predicted protein	570	775	6.9E-67	T	22-04-2026	-	-	-	-
GAV03384.1	38fdbe03fcf023398434f661ed121b6b	339	SMART	SM00353	finulus	97	150	2.3E-11	T	22-04-2026	IPR011598	Myc-type, basic helix-loop-helix (bHLH) domain	-	-
GAV03384.1	38fdbe03fcf023398434f661ed121b6b	339	SUPERFAMILY	SSF47459	HLH, helix-loop-helix DNA-binding domain	91	145	5.23E-14	T	22-04-2026	IPR036638	Helix-loop-helix DNA-binding domain superfamily	-	-
GAV03384.1	38fdbe03fcf023398434f661ed121b6b	339	MobiDBLite	mobidb-lite	consensus disorder prediction	46	60	-	T	22-04-2026	-	-	-	-
GAV03384.1	38fdbe03fcf023398434f661ed121b6b	339	ProSiteProfiles	PS50888	Myc-type, basic helix-loop-helix (bHLH) domain profile.	91	146	16.443676	T	22-04-2026	IPR011598	Myc-type, basic helix-loop-helix (bHLH) domain	-	-
GAV03384.1	38fdbe03fcf023398434f661ed121b6b	339	SUPERFAMILY	SSF158457	Orange domain-like	153	194	4.18E-11	T	22-04-2026	-	-	-	-
GAV03384.1	38fdbe03fcf023398434f661ed121b6b	339	Pfam	PF00010	Helix-loop-helix DNA-binding domain	92	144	1.3E-11	T	22-04-2026	IPR011598	Myc-type, basic helix-loop-helix (bHLH) domain	-	-
GAV03384.1	38fdbe03fcf023398434f661ed121b6b	339	PANTHER	PTHR10985	BASIC HELIX-LOOP-HELIX TRANSCRIPTION FACTOR, HES-RELATED	88	329	4.6E-41	T	22-04-2026	-	-	-	-
GAV03384.1	38fdbe03fcf023398434f661ed121b6b	339	Gene3D	G3DSA:4.10.280.10	-	88	147	3.6E-21	T	22-04-2026	IPR036638	Helix-loop-helix DNA-binding domain superfamily	-	-
GAV03384.1	38fdbe03fcf023398434f661ed121b6b	339	ProSiteProfiles	PS51054	Orange domain profile.	159	191	12.679853	T	22-04-2026	IPR003650	Orange domain	-	-
GAV03384.1	38fdbe03fcf023398434f661ed121b6b	339	MobiDBLite	mobidb-lite	consensus disorder prediction	1	102	-	T	22-04-2026	-	-	-	-
GAV03384.1	38fdbe03fcf023398434f661ed121b6b	339	SMART	SM00511	orange_5	154	200	2.3E-6	T	22-04-2026	IPR003650	Orange domain	-	-
GAV03384.1	38fdbe03fcf023398434f661ed121b6b	339	Pfam	PF07527	Hairy Orange	158	192	1.7E-7	T	22-04-2026	IPR003650	Orange domain	-	-
GAV03384.1	38fdbe03fcf023398434f661ed121b6b	339	CDD	cd11407	bHLH-O_HERP	92	144	7.4337E-37	T	22-04-2026	-	-	-	-
GAV03384.1	38fdbe03fcf023398434f661ed121b6b	339	Gene3D	G3DSA:6.10.250.980	-	149	199	6.5E-17	T	22-04-2026	-	-	-	-
GAV03384.1	38fdbe03fcf023398434f661ed121b6b	339	MobiDBLite	mobidb-lite	consensus disorder prediction	61	85	-	T	22-04-2026	-	-	-	-
GAV06250.1	bd310b042f3bf3c3a571be6ad7a2fc85	992	SMART	SM00220	serkin_6	696	976	2.0E-49	T	22-04-2026	IPR000719	Protein kinase domain	-	-
GAV06250.1	bd310b042f3bf3c3a571be6ad7a2fc85	992	Gene3D	G3DSA:1.25.40.20	-	73	302	7.1E-23	T	22-04-2026	IPR036770	Ankyrin repeat-containing domain superfamily	-	-
GAV06250.1	bd310b042f3bf3c3a571be6ad7a2fc85	992	ProSiteProfiles	PS50011	Protein kinase domain profile.	696	982	40.611942	T	22-04-2026	IPR000719	Protein kinase domain	-	-
GAV06250.1	bd310b042f3bf3c3a571be6ad7a2fc85	992	Pfam	PF12796	Ankyrin repeats (3 copies)	104	180	4.5E-5	T	22-04-2026	IPR002110	Ankyrin repeat	-	-
GAV06250.1	bd310b042f3bf3c3a571be6ad7a2fc85	992	Pfam	PF18346	Mind bomb SH3 repeat domain	322	373	0.022	T	22-04-2026	IPR040847	Mind bomb, SH3 repeat domain	-	-
GAV06250.1	bd310b042f3bf3c3a571be6ad7a2fc85	992	ProSitePatterns	PS00108	Serine/Threonine protein kinases active-site signature.	828	840	-	T	22-04-2026	IPR008271	Serine/threonine-protein kinase, active site	-	-
GAV06250.1	bd310b042f3bf3c3a571be6ad7a2fc85	992	SUPERFAMILY	SSF56112	Protein kinase-like (PK-like)	680	976	1.52E-60	T	22-04-2026	IPR011009	Protein kinase-like domain superfamily	-	-
GAV06250.1	bd310b042f3bf3c3a571be6ad7a2fc85	992	ProSiteProfiles	PS50297	Ankyrin repeat region circular profile.	99	130	9.224194	T	22-04-2026	-	-	-	-
GAV06250.1	bd310b042f3bf3c3a571be6ad7a2fc85	992	Gene3D	G3DSA:3.30.200.20	Phosphorylase Kinase; domain 1	688	787	1.2E-14	T	22-04-2026	-	-	-	-
GAV06250.1	bd310b042f3bf3c3a571be6ad7a2fc85	992	SMART	SM00248	ANK_2a	208	237	1500.0	T	22-04-2026	IPR002110	Ankyrin repeat	-	-
GAV06250.1	bd310b042f3bf3c3a571be6ad7a2fc85	992	SMART	SM00248	ANK_2a	99	129	8.2	T	22-04-2026	IPR002110	Ankyrin repeat	-	-
GAV06250.1	bd310b042f3bf3c3a571be6ad7a2fc85	992	SMART	SM00248	ANK_2a	132	162	0.4	T	22-04-2026	IPR002110	Ankyrin repeat	-	-
GAV06250.1	bd310b042f3bf3c3a571be6ad7a2fc85	992	SMART	SM00248	ANK_2a	167	204	500.0	T	22-04-2026	IPR002110	Ankyrin repeat	-	-
GAV06250.1	bd310b042f3bf3c3a571be6ad7a2fc85	992	SUPERFAMILY	SSF48403	Ankyrin repeat	82	290	1.93E-19	T	22-04-2026	IPR036770	Ankyrin repeat-containing domain superfamily	-	-
GAV06250.1	bd310b042f3bf3c3a571be6ad7a2fc85	992	PANTHER	PTHR23257	SERINE-THREONINE PROTEIN KINASE	88	978	5.5E-50	T	22-04-2026	-	-	-	-
GAV06250.1	bd310b042f3bf3c3a571be6ad7a2fc85	992	ProSitePatterns	PS00107	Protein kinases ATP-binding region signature.	702	723	-	T	22-04-2026	IPR017441	Protein kinase, ATP binding site	-	-
GAV06250.1	bd310b042f3bf3c3a571be6ad7a2fc85	992	ProSiteProfiles	PS50088	Ankyrin repeat profile.	99	132	10.2321	T	22-04-2026	IPR002110	Ankyrin repeat	-	-
GAV06250.1	bd310b042f3bf3c3a571be6ad7a2fc85	992	MobiDBLite	mobidb-lite	consensus disorder prediction	1	61	-	T	22-04-2026	-	-	-	-
GAV06250.1	bd310b042f3bf3c3a571be6ad7a2fc85	992	Pfam	PF00069	Protein kinase domain	699	974	4.8E-45	T	22-04-2026	IPR000719	Protein kinase domain	-	-
GAV06250.1	bd310b042f3bf3c3a571be6ad7a2fc85	992	MobiDBLite	mobidb-lite	consensus disorder prediction	45	60	-	T	22-04-2026	-	-	-	-
GAV06250.1	bd310b042f3bf3c3a571be6ad7a2fc85	992	MobiDBLite	mobidb-lite	consensus disorder prediction	597	622	-	T	22-04-2026	-	-	-	-
GAV06250.1	bd310b042f3bf3c3a571be6ad7a2fc85	992	MobiDBLite	mobidb-lite	consensus disorder prediction	1	23	-	T	22-04-2026	-	-	-	-
GAV06250.1	bd310b042f3bf3c3a571be6ad7a2fc85	992	CDD	cd14014	STKc_PknB_like	701	978	9.87096E-50	T	22-04-2026	-	-	-	-
GAV06250.1	bd310b042f3bf3c3a571be6ad7a2fc85	992	MobiDBLite	mobidb-lite	consensus disorder prediction	636	656	-	T	22-04-2026	-	-	-	-
GAV06250.1	bd310b042f3bf3c3a571be6ad7a2fc85	992	Gene3D	G3DSA:1.10.510.10	Transferase(Phosphotransferase) domain 1	791	990	7.3E-44	T	22-04-2026	-	-	-	-
GAV06250.1	bd310b042f3bf3c3a571be6ad7a2fc85	992	MobiDBLite	mobidb-lite	consensus disorder prediction	578	656	-	T	22-04-2026	-	-	-	-
GAV06250.1	bd310b042f3bf3c3a571be6ad7a2fc85	992	MobiDBLite	mobidb-lite	consensus disorder prediction	962	992	-	T	22-04-2026	-	-	-	-
GAV09514.1	3a037c4f2b9b1ac8b2202d6e2e92fc74	680	SMART	SM00054	efh_1	488	516	6.3	T	22-04-2026	IPR002048	EF-hand domain	-	-
GAV09514.1	3a037c4f2b9b1ac8b2202d6e2e92fc74	680	SMART	SM00054	efh_1	574	602	1.3	T	22-04-2026	IPR002048	EF-hand domain	-	-
GAV09514.1	3a037c4f2b9b1ac8b2202d6e2e92fc74	680	SMART	SM00054	efh_1	614	642	0.019	T	22-04-2026	IPR002048	EF-hand domain	-	-
GAV09514.1	3a037c4f2b9b1ac8b2202d6e2e92fc74	680	SUPERFAMILY	SSF56300	Metallo-dependent phosphatases	87	470	2.47E-85	T	22-04-2026	IPR029052	Metallo-dependent phosphatase-like	-	-
GAV09514.1	3a037c4f2b9b1ac8b2202d6e2e92fc74	680	ProSiteProfiles	PS50222	EF-hand calcium-binding domain profile.	484	519	8.376417	T	22-04-2026	IPR002048	EF-hand domain	-	-
GAV09514.1	3a037c4f2b9b1ac8b2202d6e2e92fc74	680	SUPERFAMILY	SSF47473	EF-hand	486	641	1.34E-20	T	22-04-2026	IPR011992	EF-hand domain pair	-	-
GAV09514.1	3a037c4f2b9b1ac8b2202d6e2e92fc74	680	Pfam	PF00149	Calcineurin-like phosphoesterase	153	406	8.2E-21	T	22-04-2026	IPR004843	Calcineurin-like phosphoesterase domain, ApaH type	-	-
GAV09514.1	3a037c4f2b9b1ac8b2202d6e2e92fc74	680	ProSiteProfiles	PS50222	EF-hand calcium-binding domain profile.	570	605	10.329096	T	22-04-2026	IPR002048	EF-hand domain	-	-
GAV09514.1	3a037c4f2b9b1ac8b2202d6e2e92fc74	680	SMART	SM00156	pp2a_7	121	456	7.0E-101	T	22-04-2026	IPR006186	Serine/threonine-specific protein phosphatase/bis(5-nucleosyl)-tetraphosphatase	-	-
GAV09514.1	3a037c4f2b9b1ac8b2202d6e2e92fc74	680	PANTHER	PTHR45668	SERINE/THREONINE-PROTEIN PHOSPHATASE 5-RELATED	42	483	2.4E-122	T	22-04-2026	-	-	-	-
GAV09514.1	3a037c4f2b9b1ac8b2202d6e2e92fc74	680	MobiDBLite	mobidb-lite	consensus disorder prediction	650	680	-	T	22-04-2026	-	-	-	-
GAV09514.1	3a037c4f2b9b1ac8b2202d6e2e92fc74	680	Pfam	PF08321	PPP5 TPR repeat region	60	142	3.2E-4	T	22-04-2026	IPR013235	PPP domain	-	-
GAV09514.1	3a037c4f2b9b1ac8b2202d6e2e92fc74	680	Gene3D	G3DSA:1.10.238.10	-	475	657	1.4E-21	T	22-04-2026	-	-	-	-
GAV09514.1	3a037c4f2b9b1ac8b2202d6e2e92fc74	680	Gene3D	G3DSA:3.60.21.10	-	74	472	1.6E-102	T	22-04-2026	IPR029052	Metallo-dependent phosphatase-like	-	-
GAV09514.1	3a037c4f2b9b1ac8b2202d6e2e92fc74	680	MobiDBLite	mobidb-lite	consensus disorder prediction	657	680	-	T	22-04-2026	-	-	-	-
GAV09514.1	3a037c4f2b9b1ac8b2202d6e2e92fc74	680	CDD	cd00051	EFh	575	640	2.11872E-11	T	22-04-2026	IPR002048	EF-hand domain	-	-
GAV09514.1	3a037c4f2b9b1ac8b2202d6e2e92fc74	680	ProSitePatterns	PS00018	EF-hand calcium-binding domain.	623	635	-	T	22-04-2026	IPR018247	EF-Hand 1, calcium-binding site	-	-
GAV09514.1	3a037c4f2b9b1ac8b2202d6e2e92fc74	680	Pfam	PF13499	EF-hand domain pair	574	640	6.2E-9	T	22-04-2026	IPR002048	EF-hand domain	-	-
GAV09514.1	3a037c4f2b9b1ac8b2202d6e2e92fc74	680	ProSitePatterns	PS00018	EF-hand calcium-binding domain.	583	595	-	T	22-04-2026	IPR018247	EF-Hand 1, calcium-binding site	-	-
GAV09514.1	3a037c4f2b9b1ac8b2202d6e2e92fc74	680	ProSiteProfiles	PS50222	EF-hand calcium-binding domain profile.	610	645	11.556493	T	22-04-2026	IPR002048	EF-hand domain	-	-
GAV09514.1	3a037c4f2b9b1ac8b2202d6e2e92fc74	680	PIRSF	PIRSF000912	PPEF	21	664	1.7E-225	T	22-04-2026	IPR012008	Serine/threonine-protein phosphatase with EF-hands	-	-
GAV09514.1	3a037c4f2b9b1ac8b2202d6e2e92fc74	680	PRINTS	PR00114	Serine/threonine phosphatase family signature	153	180	3.2E-45	T	22-04-2026	IPR006186	Serine/threonine-specific protein phosphatase/bis(5-nucleosyl)-tetraphosphatase	-	-
GAV09514.1	3a037c4f2b9b1ac8b2202d6e2e92fc74	680	PRINTS	PR00114	Serine/threonine phosphatase family signature	254	280	3.2E-45	T	22-04-2026	IPR006186	Serine/threonine-specific protein phosphatase/bis(5-nucleosyl)-tetraphosphatase	-	-
GAV09514.1	3a037c4f2b9b1ac8b2202d6e2e92fc74	680	PRINTS	PR00114	Serine/threonine phosphatase family signature	395	415	3.2E-45	T	22-04-2026	IPR006186	Serine/threonine-specific protein phosphatase/bis(5-nucleosyl)-tetraphosphatase	-	-
GAV09514.1	3a037c4f2b9b1ac8b2202d6e2e92fc74	680	PRINTS	PR00114	Serine/threonine phosphatase family signature	338	365	3.2E-45	T	22-04-2026	IPR006186	Serine/threonine-specific protein phosphatase/bis(5-nucleosyl)-tetraphosphatase	-	-
GAV09514.1	3a037c4f2b9b1ac8b2202d6e2e92fc74	680	PRINTS	PR00114	Serine/threonine phosphatase family signature	417	433	3.2E-45	T	22-04-2026	IPR006186	Serine/threonine-specific protein phosphatase/bis(5-nucleosyl)-tetraphosphatase	-	-
GAV09514.1	3a037c4f2b9b1ac8b2202d6e2e92fc74	680	PRINTS	PR00114	Serine/threonine phosphatase family signature	183	210	3.2E-45	T	22-04-2026	IPR006186	Serine/threonine-specific protein phosphatase/bis(5-nucleosyl)-tetraphosphatase	-	-
GAV09514.1	3a037c4f2b9b1ac8b2202d6e2e92fc74	680	PRINTS	PR00114	Serine/threonine phosphatase family signature	216	240	3.2E-45	T	22-04-2026	IPR006186	Serine/threonine-specific protein phosphatase/bis(5-nucleosyl)-tetraphosphatase	-	-
GAV09514.1	3a037c4f2b9b1ac8b2202d6e2e92fc74	680	ProSitePatterns	PS00125	Serine/threonine specific protein phosphatases signature.	217	222	-	T	22-04-2026	IPR006186	Serine/threonine-specific protein phosphatase/bis(5-nucleosyl)-tetraphosphatase	-	-
GAV05407.1	ad2ddd999188c90c182ab101fe119078	292	PANTHER	PTHR20946	UNCHARACTERIZED	1	275	1.5E-19	T	22-04-2026	IPR045902	SANBR-like	-	-
GAU87388.1	102a45f6d28d60831c4424d255546c81	383	Gene3D	G3DSA:3.80.10.10	Ribonuclease Inhibitor	272	383	3.7E-20	T	22-04-2026	IPR032675	Leucine-rich repeat domain superfamily	-	-
GAU87388.1	102a45f6d28d60831c4424d255546c81	383	SUPERFAMILY	SSF52058	L domain-like	133	376	5.65E-46	T	22-04-2026	-	-	-	-
GAU87388.1	102a45f6d28d60831c4424d255546c81	383	SMART	SM00192	LDLa_2	49	92	0.0039	T	22-04-2026	IPR002172	Low-density lipoprotein (LDL) receptor class A repeat	-	-
GAU87388.1	102a45f6d28d60831c4424d255546c81	383	FunFam	G3DSA:3.80.10.10:FF:000732	GD11101	174	251	8.5E-18	T	22-04-2026	-	-	-	-
GAU87388.1	102a45f6d28d60831c4424d255546c81	383	Gene3D	G3DSA:3.80.10.10	Ribonuclease Inhibitor	133	271	1.0E-31	T	22-04-2026	IPR032675	Leucine-rich repeat domain superfamily	-	-
GAU87388.1	102a45f6d28d60831c4424d255546c81	383	Pfam	PF00560	Leucine Rich Repeat	235	255	3900.0	T	22-04-2026	IPR001611	Leucine-rich repeat	-	-
GAU87388.1	102a45f6d28d60831c4424d255546c81	383	Gene3D	G3DSA:2.40.128.620	-	50	104	1.1E-5	T	22-04-2026	-	-	-	-
GAU87388.1	102a45f6d28d60831c4424d255546c81	383	ProSiteProfiles	PS50068	LDL-receptor class A (LDLRA) domain profile.	49	91	9.412499	T	22-04-2026	IPR002172	Low-density lipoprotein (LDL) receptor class A repeat	-	-
GAU87388.1	102a45f6d28d60831c4424d255546c81	383	SMART	SM00369	LRR_typ_2	330	351	84.0	T	22-04-2026	IPR003591	Leucine-rich repeat, typical subtype	-	-
GAU87388.1	102a45f6d28d60831c4424d255546c81	383	SMART	SM00369	LRR_typ_2	281	304	2.1	T	22-04-2026	IPR003591	Leucine-rich repeat, typical subtype	-	-
GAU87388.1	102a45f6d28d60831c4424d255546c81	383	SMART	SM00369	LRR_typ_2	209	232	0.12	T	22-04-2026	IPR003591	Leucine-rich repeat, typical subtype	-	-
GAU87388.1	102a45f6d28d60831c4424d255546c81	383	SMART	SM00369	LRR_typ_2	305	328	0.096	T	22-04-2026	IPR003591	Leucine-rich repeat, typical subtype	-	-
GAU87388.1	102a45f6d28d60831c4424d255546c81	383	SMART	SM00369	LRR_typ_2	185	208	8.2	T	22-04-2026	IPR003591	Leucine-rich repeat, typical subtype	-	-
GAU87388.1	102a45f6d28d60831c4424d255546c81	383	SMART	SM00369	LRR_typ_2	164	184	32.0	T	22-04-2026	IPR003591	Leucine-rich repeat, typical subtype	-	-
GAU87388.1	102a45f6d28d60831c4424d255546c81	383	SMART	SM00369	LRR_typ_2	233	256	28.0	T	22-04-2026	IPR003591	Leucine-rich repeat, typical subtype	-	-
GAU87388.1	102a45f6d28d60831c4424d255546c81	383	Pfam	PF13855	Leucine rich repeat	164	222	1.2E-11	T	22-04-2026	IPR001611	Leucine-rich repeat	-	-
GAU87388.1	102a45f6d28d60831c4424d255546c81	383	Pfam	PF13855	Leucine rich repeat	283	341	1.6E-8	T	22-04-2026	IPR001611	Leucine-rich repeat	-	-
GAU87388.1	102a45f6d28d60831c4424d255546c81	383	PANTHER	PTHR24373	SLIT RELATED LEUCINE-RICH REPEAT NEURONAL PROTEIN	252	382	3.7E-43	T	22-04-2026	-	-	-	-
GAU87388.1	102a45f6d28d60831c4424d255546c81	383	CDD	cd00112	LDLa	46	86	0.00563894	T	22-04-2026	IPR002172	Low-density lipoprotein (LDL) receptor class A repeat	-	-
GAV08448.1	f1879b95791ffeff3a8fb075bc2163ee	124	MobiDBLite	mobidb-lite	consensus disorder prediction	1	96	-	T	22-04-2026	-	-	-	-
GAU88326.1	5a16036c038592aa64241c0331e119cb	856	Gene3D	G3DSA:2.60.40.60	Cadherins	128	225	2.6E-5	T	22-04-2026	-	-	-	-
GAU88326.1	5a16036c038592aa64241c0331e119cb	856	PANTHER	PTHR47767	ADHESION G PROTEIN-COUPLED RECEPTOR G7	237	814	7.4E-118	T	22-04-2026	-	-	-	-
GAU88326.1	5a16036c038592aa64241c0331e119cb	856	Pfam	PF00002	7 transmembrane receptor (Secretin family)	514	762	4.3E-36	T	22-04-2026	IPR000832	GPCR, family 2, secretin-like	-	-
GAU88326.1	5a16036c038592aa64241c0331e119cb	856	Gene3D	G3DSA:1.20.1070.10	-	506	803	4.5E-67	T	22-04-2026	-	-	-	-
GAU88326.1	5a16036c038592aa64241c0331e119cb	856	CDD	cd15040	7tmB2_Adhesion	512	777	4.23357E-91	T	22-04-2026	-	-	-	-
GAU88326.1	5a16036c038592aa64241c0331e119cb	856	SUPERFAMILY	SSF81321	Family A G protein-coupled receptor-like	508	803	5.22E-13	T	22-04-2026	-	-	-	-
GAU88326.1	5a16036c038592aa64241c0331e119cb	856	Gene3D	G3DSA:2.60.40.60	Cadherins	25	127	1.4E-7	T	22-04-2026	-	-	-	-
GAU88326.1	5a16036c038592aa64241c0331e119cb	856	SUPERFAMILY	SSF49313	Cadherin-like	34	104	2.86E-5	T	22-04-2026	IPR015919	Cadherin-like superfamily	-	-
GAU88326.1	5a16036c038592aa64241c0331e119cb	856	ProSiteProfiles	PS50261	G-protein coupled receptors family 2 profile 2.	515	770	31.698484	T	22-04-2026	IPR017981	GPCR, family 2-like, 7TM	-	-
GAU88326.1	5a16036c038592aa64241c0331e119cb	856	MobiDBLite	mobidb-lite	consensus disorder prediction	788	815	-	T	22-04-2026	-	-	-	-
GAU88326.1	5a16036c038592aa64241c0331e119cb	856	Pfam	PF01825	GPCR proteolysis site, GPS, motif	459	498	3.1E-6	T	22-04-2026	IPR000203	GPS motif	-	-
GAU88326.1	5a16036c038592aa64241c0331e119cb	856	CDD	cd11304	Cadherin_repeat	134	226	0.00369967	T	22-04-2026	-	-	-	-
GAU88326.1	5a16036c038592aa64241c0331e119cb	856	SMART	SM00303	GPS_3	456	504	4.7E-8	T	22-04-2026	IPR000203	GPS motif	-	-
GAU88326.1	5a16036c038592aa64241c0331e119cb	856	MobiDBLite	mobidb-lite	consensus disorder prediction	779	815	-	T	22-04-2026	-	-	-	-
GAU88326.1	5a16036c038592aa64241c0331e119cb	856	Gene3D	G3DSA:2.60.220.50	-	315	504	4.2E-24	T	22-04-2026	IPR046338	GAIN domain superfamily	-	-
GAU88326.1	5a16036c038592aa64241c0331e119cb	856	ProSiteProfiles	PS50268	Cadherins domain profile.	33	127	9.102955	T	22-04-2026	IPR002126	Cadherin-like	-	-
GAU88326.1	5a16036c038592aa64241c0331e119cb	856	PRINTS	PR00249	Secretin-like GPCR superfamily signature	748	769	4.8E-13	T	22-04-2026	IPR000832	GPCR, family 2, secretin-like	-	-
GAU88326.1	5a16036c038592aa64241c0331e119cb	856	PRINTS	PR00249	Secretin-like GPCR superfamily signature	583	606	4.8E-13	T	22-04-2026	IPR000832	GPCR, family 2, secretin-like	-	-
GAU88326.1	5a16036c038592aa64241c0331e119cb	856	PRINTS	PR00249	Secretin-like GPCR superfamily signature	718	738	4.8E-13	T	22-04-2026	IPR000832	GPCR, family 2, secretin-like	-	-
GAU88326.1	5a16036c038592aa64241c0331e119cb	856	PRINTS	PR00249	Secretin-like GPCR superfamily signature	670	695	4.8E-13	T	22-04-2026	IPR000832	GPCR, family 2, secretin-like	-	-
GAU88326.1	5a16036c038592aa64241c0331e119cb	856	PRINTS	PR00249	Secretin-like GPCR superfamily signature	623	648	4.8E-13	T	22-04-2026	IPR000832	GPCR, family 2, secretin-like	-	-
GAU88326.1	5a16036c038592aa64241c0331e119cb	856	PRINTS	PR00249	Secretin-like GPCR superfamily signature	517	541	4.8E-13	T	22-04-2026	IPR000832	GPCR, family 2, secretin-like	-	-
GAU88326.1	5a16036c038592aa64241c0331e119cb	856	SUPERFAMILY	SSF49313	Cadherin-like	121	207	3.28E-5	T	22-04-2026	IPR015919	Cadherin-like superfamily	-	-
GAU88326.1	5a16036c038592aa64241c0331e119cb	856	CDD	cd11304	Cadherin_repeat	37	101	6.39031E-7	T	22-04-2026	-	-	-	-
GAU88326.1	5a16036c038592aa64241c0331e119cb	856	ProSiteProfiles	PS50221	GPS domain profile.	457	504	11.917476	T	22-04-2026	IPR000203	GPS motif	-	-
GAV07142.1	3cf9723dc098a1311b5dea08cb9a3b50	389	Pfam	PF04199	Putative cyclase	43	217	3.8E-33	T	22-04-2026	IPR007325	Kynurenine formamidase/cyclase-like	-	-
GAV07142.1	3cf9723dc098a1311b5dea08cb9a3b50	389	SUPERFAMILY	SSF102198	Putative cyclase	40	275	9.42E-48	T	22-04-2026	IPR037175	Kynurenine formamidase superfamily	-	-
GAV07142.1	3cf9723dc098a1311b5dea08cb9a3b50	389	PANTHER	PTHR31118	CYCLASE-LIKE PROTEIN 2	26	275	2.3E-29	T	22-04-2026	IPR007325	Kynurenine formamidase/cyclase-like	-	-
GAV07142.1	3cf9723dc098a1311b5dea08cb9a3b50	389	Gene3D	G3DSA:3.50.30.50	Putative cyclase	24	275	1.1E-62	T	22-04-2026	IPR037175	Kynurenine formamidase superfamily	-	-
GAV07142.1	3cf9723dc098a1311b5dea08cb9a3b50	389	MobiDBLite	mobidb-lite	consensus disorder prediction	286	306	-	T	22-04-2026	-	-	-	-
GAV07142.1	3cf9723dc098a1311b5dea08cb9a3b50	389	MobiDBLite	mobidb-lite	consensus disorder prediction	286	307	-	T	22-04-2026	-	-	-	-
GAU89161.1	2714ba08b3e0d46bd242586e77c5b421	800	Pfam	PF03124	EXS family	332	668	7.4E-99	T	22-04-2026	IPR004342	EXS, C-terminal	-	-
GAU89161.1	2714ba08b3e0d46bd242586e77c5b421	800	CDD	cd14477	SPX_XPR1_like	2	177	1.6314E-71	T	22-04-2026	-	-	-	-
GAU89161.1	2714ba08b3e0d46bd242586e77c5b421	800	ProSiteProfiles	PS51382	SPX domain profile.	1	189	26.023806	T	22-04-2026	IPR004331	SPX domain	-	-
GAU89161.1	2714ba08b3e0d46bd242586e77c5b421	800	PANTHER	PTHR10783	XENOTROPIC AND POLYTROPIC RETROVIRUS RECEPTOR 1-RELATED	1	682	2.1E-144	T	22-04-2026	-	-	-	-
GAU89161.1	2714ba08b3e0d46bd242586e77c5b421	800	MobiDBLite	mobidb-lite	consensus disorder prediction	707	741	-	T	22-04-2026	-	-	-	-
GAU89161.1	2714ba08b3e0d46bd242586e77c5b421	800	MobiDBLite	mobidb-lite	consensus disorder prediction	755	800	-	T	22-04-2026	-	-	-	-
GAU89161.1	2714ba08b3e0d46bd242586e77c5b421	800	Pfam	PF03105	SPX domain	119	181	1.6E-7	T	22-04-2026	IPR004331	SPX domain	-	-
GAU89161.1	2714ba08b3e0d46bd242586e77c5b421	800	MobiDBLite	mobidb-lite	consensus disorder prediction	689	800	-	T	22-04-2026	-	-	-	-
GAU89161.1	2714ba08b3e0d46bd242586e77c5b421	800	ProSiteProfiles	PS51380	EXS domain profile.	501	694	24.409458	T	22-04-2026	IPR004342	EXS, C-terminal	-	-
GAV03242.1	c059a31145ffe6ff0a36e92b6eea18ff	1037	CDD	cd09868	PIN_XPG_RAD2	677	771	1.35735E-45	T	22-04-2026	-	-	-	-
GAV03242.1	c059a31145ffe6ff0a36e92b6eea18ff	1037	MobiDBLite	mobidb-lite	consensus disorder prediction	136	198	-	T	22-04-2026	-	-	-	-
GAV03242.1	c059a31145ffe6ff0a36e92b6eea18ff	1037	MobiDBLite	mobidb-lite	consensus disorder prediction	995	1009	-	T	22-04-2026	-	-	-	-
GAV03242.1	c059a31145ffe6ff0a36e92b6eea18ff	1037	PANTHER	PTHR16171	DNA REPAIR PROTEIN COMPLEMENTING XP-G CELLS-RELATED	441	1029	6.2E-188	T	22-04-2026	-	-	-	-
GAV03242.1	c059a31145ffe6ff0a36e92b6eea18ff	1037	Gene3D	G3DSA:1.10.150.20	-	761	820	3.0E-8	T	22-04-2026	-	-	-	-
GAV03242.1	c059a31145ffe6ff0a36e92b6eea18ff	1037	SMART	SM00279	HhH_4	763	796	2.4E-8	T	22-04-2026	IPR008918	Helix-hairpin-helix motif, class 2	-	-
GAV03242.1	c059a31145ffe6ff0a36e92b6eea18ff	1037	SMART	SM00485	xpgn3	1	100	5.0E-37	T	22-04-2026	IPR006085	XPG, N-terminal	-	-
GAV03242.1	c059a31145ffe6ff0a36e92b6eea18ff	1037	CDD	cd09868	PIN_XPG_RAD2	2	88	1.82739E-44	T	22-04-2026	-	-	-	-
GAV03242.1	c059a31145ffe6ff0a36e92b6eea18ff	1037	Pfam	PF00752	XPG N-terminal domain	1	99	7.9E-26	T	22-04-2026	IPR006085	XPG, N-terminal	-	-
GAV03242.1	c059a31145ffe6ff0a36e92b6eea18ff	1037	Gene3D	G3DSA:3.40.50.1010	-	1	142	4.9E-32	T	22-04-2026	-	-	-	-
GAV03242.1	c059a31145ffe6ff0a36e92b6eea18ff	1037	PRINTS	PR00066	Xeroderma pigmentosum group G protein signature	2	19	2.6E-19	T	22-04-2026	IPR001044	XPG/Rad2 endonuclease, eukaryotes	-	-
GAV03242.1	c059a31145ffe6ff0a36e92b6eea18ff	1037	PRINTS	PR00066	Xeroderma pigmentosum group G protein signature	56	79	2.6E-19	T	22-04-2026	IPR001044	XPG/Rad2 endonuclease, eukaryotes	-	-
GAV03242.1	c059a31145ffe6ff0a36e92b6eea18ff	1037	PRINTS	PR00066	Xeroderma pigmentosum group G protein signature	98	120	2.6E-19	T	22-04-2026	IPR001044	XPG/Rad2 endonuclease, eukaryotes	-	-
GAV03242.1	c059a31145ffe6ff0a36e92b6eea18ff	1037	PRINTS	PR00066	Xeroderma pigmentosum group G protein signature	895	915	2.6E-19	T	22-04-2026	IPR001044	XPG/Rad2 endonuclease, eukaryotes	-	-
GAV03242.1	c059a31145ffe6ff0a36e92b6eea18ff	1037	MobiDBLite	mobidb-lite	consensus disorder prediction	184	198	-	T	22-04-2026	-	-	-	-
GAV03242.1	c059a31145ffe6ff0a36e92b6eea18ff	1037	MobiDBLite	mobidb-lite	consensus disorder prediction	944	961	-	T	22-04-2026	-	-	-	-
GAV03242.1	c059a31145ffe6ff0a36e92b6eea18ff	1037	MobiDBLite	mobidb-lite	consensus disorder prediction	163	183	-	T	22-04-2026	-	-	-	-
GAV03242.1	c059a31145ffe6ff0a36e92b6eea18ff	1037	PRINTS	PR00853	Xeroderma pigmentosum group G/yeast RAD superfamily signature	24	38	3.8E-33	T	22-04-2026	IPR006084	XPG/Rad2 endonuclease	-	-
GAV03242.1	c059a31145ffe6ff0a36e92b6eea18ff	1037	PRINTS	PR00853	Xeroderma pigmentosum group G/yeast RAD superfamily signature	691	708	3.8E-33	T	22-04-2026	IPR006084	XPG/Rad2 endonuclease	-	-
GAV03242.1	c059a31145ffe6ff0a36e92b6eea18ff	1037	PRINTS	PR00853	Xeroderma pigmentosum group G/yeast RAD superfamily signature	766	781	3.8E-33	T	22-04-2026	IPR006084	XPG/Rad2 endonuclease	-	-
GAV03242.1	c059a31145ffe6ff0a36e92b6eea18ff	1037	PRINTS	PR00853	Xeroderma pigmentosum group G/yeast RAD superfamily signature	74	93	3.8E-33	T	22-04-2026	IPR006084	XPG/Rad2 endonuclease	-	-
GAV03242.1	c059a31145ffe6ff0a36e92b6eea18ff	1037	PRINTS	PR00853	Xeroderma pigmentosum group G/yeast RAD superfamily signature	712	732	3.8E-33	T	22-04-2026	IPR006084	XPG/Rad2 endonuclease	-	-
GAV03242.1	c059a31145ffe6ff0a36e92b6eea18ff	1037	SMART	SM00484	xpgineu	692	761	6.2E-28	T	22-04-2026	IPR006086	XPG-I domain	-	-
GAV03242.1	c059a31145ffe6ff0a36e92b6eea18ff	1037	ProSitePatterns	PS00841	XPG protein signature 1.	72	86	-	T	22-04-2026	IPR019974	XPG conserved site	-	-
GAV03242.1	c059a31145ffe6ff0a36e92b6eea18ff	1037	MobiDBLite	mobidb-lite	consensus disorder prediction	969	985	-	T	22-04-2026	-	-	-	-
GAV03242.1	c059a31145ffe6ff0a36e92b6eea18ff	1037	Pfam	PF00867	XPG I-region	695	776	8.0E-21	T	22-04-2026	IPR006086	XPG-I domain	-	-
GAV03242.1	c059a31145ffe6ff0a36e92b6eea18ff	1037	CDD	cd09904	H3TH_XPG	764	857	3.03498E-27	T	22-04-2026	-	-	-	-
GAV03242.1	c059a31145ffe6ff0a36e92b6eea18ff	1037	MobiDBLite	mobidb-lite	consensus disorder prediction	944	1037	-	T	22-04-2026	-	-	-	-
GAV03242.1	c059a31145ffe6ff0a36e92b6eea18ff	1037	Gene3D	G3DSA:3.40.50.1010	-	632	759	5.9E-30	T	22-04-2026	-	-	-	-
GAV03242.1	c059a31145ffe6ff0a36e92b6eea18ff	1037	MobiDBLite	mobidb-lite	consensus disorder prediction	136	157	-	T	22-04-2026	-	-	-	-
GAV03242.1	c059a31145ffe6ff0a36e92b6eea18ff	1037	SUPERFAMILY	SSF88723	PIN domain-like	3	776	5.89E-55	T	22-04-2026	IPR029060	PIN-like domain superfamily	-	-
GAV03242.1	c059a31145ffe6ff0a36e92b6eea18ff	1037	SUPERFAMILY	SSF47807	5' to 3' exonuclease, C-terminal subdomain	761	914	5.08E-20	T	22-04-2026	IPR036279	5'-3' exonuclease, C-terminal domain superfamily	-	-
GAV03242.1	c059a31145ffe6ff0a36e92b6eea18ff	1037	MobiDBLite	mobidb-lite	consensus disorder prediction	321	341	-	T	22-04-2026	-	-	-	-
GAV08983.1	da68c59b110fe254a15019e3d9ebd655	261	MobiDBLite	mobidb-lite	consensus disorder prediction	14	33	-	T	22-04-2026	-	-	-	-
GAV08983.1	da68c59b110fe254a15019e3d9ebd655	261	MobiDBLite	mobidb-lite	consensus disorder prediction	1	36	-	T	22-04-2026	-	-	-	-
GAU99687.1	5ef060f03a401b9f8c07c6939c9c7911	468	ProSiteProfiles	PS50262	G-protein coupled receptors family 1 profile.	61	420	43.541504	T	22-04-2026	IPR017452	GPCR, rhodopsin-like, 7TM	-	-
GAU99687.1	5ef060f03a401b9f8c07c6939c9c7911	468	SUPERFAMILY	SSF81321	Family A G protein-coupled receptor-like	32	447	1.01E-74	T	22-04-2026	-	-	-	-
GAU99687.1	5ef060f03a401b9f8c07c6939c9c7911	468	PRINTS	PR00237	Rhodopsin-like GPCR superfamily signature	124	146	5.3E-50	T	22-04-2026	IPR000276	G protein-coupled receptor, rhodopsin-like	-	-
GAU99687.1	5ef060f03a401b9f8c07c6939c9c7911	468	PRINTS	PR00237	Rhodopsin-like GPCR superfamily signature	46	70	5.3E-50	T	22-04-2026	IPR000276	G protein-coupled receptor, rhodopsin-like	-	-
GAU99687.1	5ef060f03a401b9f8c07c6939c9c7911	468	PRINTS	PR00237	Rhodopsin-like GPCR superfamily signature	204	227	5.3E-50	T	22-04-2026	IPR000276	G protein-coupled receptor, rhodopsin-like	-	-
GAU99687.1	5ef060f03a401b9f8c07c6939c9c7911	468	PRINTS	PR00237	Rhodopsin-like GPCR superfamily signature	363	387	5.3E-50	T	22-04-2026	IPR000276	G protein-coupled receptor, rhodopsin-like	-	-
GAU99687.1	5ef060f03a401b9f8c07c6939c9c7911	468	PRINTS	PR00237	Rhodopsin-like GPCR superfamily signature	160	181	5.3E-50	T	22-04-2026	IPR000276	G protein-coupled receptor, rhodopsin-like	-	-
GAU99687.1	5ef060f03a401b9f8c07c6939c9c7911	468	PRINTS	PR00237	Rhodopsin-like GPCR superfamily signature	79	100	5.3E-50	T	22-04-2026	IPR000276	G protein-coupled receptor, rhodopsin-like	-	-
GAU99687.1	5ef060f03a401b9f8c07c6939c9c7911	468	PRINTS	PR00237	Rhodopsin-like GPCR superfamily signature	402	428	5.3E-50	T	22-04-2026	IPR000276	G protein-coupled receptor, rhodopsin-like	-	-
GAU99687.1	5ef060f03a401b9f8c07c6939c9c7911	468	SMART	SM01381	7TM_GPCR_Srsx_2	55	435	4.7E-5	T	22-04-2026	IPR000276	G protein-coupled receptor, rhodopsin-like	-	-
GAU99687.1	5ef060f03a401b9f8c07c6939c9c7911	468	MobiDBLite	mobidb-lite	consensus disorder prediction	247	270	-	T	22-04-2026	-	-	-	-
GAU99687.1	5ef060f03a401b9f8c07c6939c9c7911	468	ProSitePatterns	PS00237	G-protein coupled receptors family 1 signature.	130	146	-	T	22-04-2026	IPR000276	G protein-coupled receptor, rhodopsin-like	-	-
GAU99687.1	5ef060f03a401b9f8c07c6939c9c7911	468	PANTHER	PTHR24248	ADRENERGIC RECEPTOR-RELATED G-PROTEIN COUPLED RECEPTOR	45	439	1.9E-94	T	22-04-2026	-	-	-	-
GAU99687.1	5ef060f03a401b9f8c07c6939c9c7911	468	Pfam	PF00001	7 transmembrane receptor (rhodopsin family)	61	420	1.4E-63	T	22-04-2026	IPR000276	G protein-coupled receptor, rhodopsin-like	-	-
GAU99687.1	5ef060f03a401b9f8c07c6939c9c7911	468	Gene3D	G3DSA:1.20.1070.10	-	37	456	1.4E-80	T	22-04-2026	-	-	-	-
GAU99687.1	5ef060f03a401b9f8c07c6939c9c7911	468	CDD	cd14967	7tmA_amine_R-like	53	431	9.60155E-80	T	22-04-2026	-	-	-	-
GAV04933.1	c3805c03c51588642337bab3b9380439	754	Gene3D	G3DSA:2.60.40.3510	-	24	187	1.0E-37	T	22-04-2026	-	-	-	-
GAV04933.1	c3805c03c51588642337bab3b9380439	754	FunFam	G3DSA:2.10.25.10:FF:000472	Uncharacterized protein, isoform A	377	454	5.3E-19	T	22-04-2026	-	-	-	-
GAV04933.1	c3805c03c51588642337bab3b9380439	754	ProSiteProfiles	PS50026	EGF-like domain profile.	296	334	24.004154	T	22-04-2026	IPR000742	EGF-like domain	-	-
GAV04933.1	c3805c03c51588642337bab3b9380439	754	ProSiteProfiles	PS50026	EGF-like domain profile.	336	373	20.676716	T	22-04-2026	IPR000742	EGF-like domain	-	-
GAV04933.1	c3805c03c51588642337bab3b9380439	754	SUPERFAMILY	SSF57196	EGF/Laminin	296	340	5.07E-8	T	22-04-2026	-	-	-	-
GAV04933.1	c3805c03c51588642337bab3b9380439	754	ProSitePatterns	PS01186	EGF-like domain signature 2.	361	372	-	T	22-04-2026	IPR000742	EGF-like domain	-	-
GAV04933.1	c3805c03c51588642337bab3b9380439	754	SUPERFAMILY	SSF57196	EGF/Laminin	377	418	3.71E-8	T	22-04-2026	-	-	-	-
GAV04933.1	c3805c03c51588642337bab3b9380439	754	ProSitePatterns	PS00022	EGF-like domain signature 1.	361	372	-	T	22-04-2026	IPR000742	EGF-like domain	-	-
GAV04933.1	c3805c03c51588642337bab3b9380439	754	Pfam	PF21700	Delta-like/Jagged, EGF-like domain	273	297	5.8E-9	T	22-04-2026	-	-	-	-
GAV04933.1	c3805c03c51588642337bab3b9380439	754	ProSitePatterns	PS00022	EGF-like domain signature 1.	522	533	-	T	22-04-2026	IPR000742	EGF-like domain	-	-
GAV04933.1	c3805c03c51588642337bab3b9380439	754	Gene3D	G3DSA:2.10.25.140	-	188	233	5.9E-19	T	22-04-2026	-	-	-	-
GAV04933.1	c3805c03c51588642337bab3b9380439	754	Pfam	PF01414	Delta serrate ligand	187	232	5.3E-15	T	22-04-2026	IPR001774	Delta/Serrate/lag-2 (DSL) protein	-	-
GAV04933.1	c3805c03c51588642337bab3b9380439	754	SMART	SM00181	egf_5	417	450	9.2E-8	T	22-04-2026	IPR000742	EGF-like domain	-	-
GAV04933.1	c3805c03c51588642337bab3b9380439	754	SMART	SM00181	egf_5	233	263	17.0	T	22-04-2026	IPR000742	EGF-like domain	-	-
GAV04933.1	c3805c03c51588642337bab3b9380439	754	SMART	SM00181	egf_5	339	373	1.4E-4	T	22-04-2026	IPR000742	EGF-like domain	-	-
GAV04933.1	c3805c03c51588642337bab3b9380439	754	SMART	SM00181	egf_5	299	334	1.1E-6	T	22-04-2026	IPR000742	EGF-like domain	-	-
GAV04933.1	c3805c03c51588642337bab3b9380439	754	SMART	SM00181	egf_5	264	294	0.21	T	22-04-2026	IPR000742	EGF-like domain	-	-
GAV04933.1	c3805c03c51588642337bab3b9380439	754	SMART	SM00181	egf_5	500	534	9.4E-4	T	22-04-2026	IPR000742	EGF-like domain	-	-
GAV04933.1	c3805c03c51588642337bab3b9380439	754	SMART	SM00181	egf_5	186	230	130.0	T	22-04-2026	IPR000742	EGF-like domain	-	-
GAV04933.1	c3805c03c51588642337bab3b9380439	754	SMART	SM00181	egf_5	378	412	3.9E-4	T	22-04-2026	IPR000742	EGF-like domain	-	-
GAV04933.1	c3805c03c51588642337bab3b9380439	754	SMART	SM00181	egf_5	457	494	7.3E-4	T	22-04-2026	IPR000742	EGF-like domain	-	-
GAV04933.1	c3805c03c51588642337bab3b9380439	754	CDD	cd00054	EGF_CA	504	533	0.0035357	T	22-04-2026	-	-	-	-
GAV04933.1	c3805c03c51588642337bab3b9380439	754	ProSiteProfiles	PS50026	EGF-like domain profile.	497	534	17.934927	T	22-04-2026	IPR000742	EGF-like domain	-	-
GAV04933.1	c3805c03c51588642337bab3b9380439	754	Gene3D	G3DSA:2.10.25.10	Laminin	454	497	1.1E-7	T	22-04-2026	-	-	-	-
GAV04933.1	c3805c03c51588642337bab3b9380439	754	ProSiteProfiles	PS50026	EGF-like domain profile.	414	450	23.695789	T	22-04-2026	IPR000742	EGF-like domain	-	-
GAV04933.1	c3805c03c51588642337bab3b9380439	754	PANTHER	PTHR12916	CYTOCHROME C OXIDASE POLYPEPTIDE VIC-2	44	352	2.7E-111	T	22-04-2026	-	-	-	-
GAV04933.1	c3805c03c51588642337bab3b9380439	754	ProSitePatterns	PS01186	EGF-like domain signature 2.	400	411	-	T	22-04-2026	IPR000742	EGF-like domain	-	-
GAV04933.1	c3805c03c51588642337bab3b9380439	754	ProSitePatterns	PS01186	EGF-like domain signature 2.	322	333	-	T	22-04-2026	IPR000742	EGF-like domain	-	-
GAV04933.1	c3805c03c51588642337bab3b9380439	754	ProSitePatterns	PS01187	Calcium-binding EGF-like domain signature.	414	438	-	T	22-04-2026	IPR018097	EGF-like calcium-binding, conserved site	-	-
GAV04933.1	c3805c03c51588642337bab3b9380439	754	Pfam	PF00008	EGF-like domain	379	410	0.38	T	22-04-2026	IPR000742	EGF-like domain	-	-
GAV04933.1	c3805c03c51588642337bab3b9380439	754	Pfam	PF00008	EGF-like domain	501	531	0.16	T	22-04-2026	IPR000742	EGF-like domain	-	-
GAV04933.1	c3805c03c51588642337bab3b9380439	754	Pfam	PF00008	EGF-like domain	340	371	0.043	T	22-04-2026	IPR000742	EGF-like domain	-	-
GAV04933.1	c3805c03c51588642337bab3b9380439	754	Pfam	PF00008	EGF-like domain	304	332	0.022	T	22-04-2026	IPR000742	EGF-like domain	-	-
GAV04933.1	c3805c03c51588642337bab3b9380439	754	SUPERFAMILY	SSF57196	EGF/Laminin	338	374	1.35E-6	T	22-04-2026	-	-	-	-
GAV04933.1	c3805c03c51588642337bab3b9380439	754	Gene3D	G3DSA:2.10.25.10	Laminin	416	453	2.0E-14	T	22-04-2026	-	-	-	-
GAV04933.1	c3805c03c51588642337bab3b9380439	754	ProSitePatterns	PS01186	EGF-like domain signature 2.	282	293	-	T	22-04-2026	IPR000742	EGF-like domain	-	-
GAV04933.1	c3805c03c51588642337bab3b9380439	754	ProSitePatterns	PS00022	EGF-like domain signature 1.	400	411	-	T	22-04-2026	IPR000742	EGF-like domain	-	-
GAV04933.1	c3805c03c51588642337bab3b9380439	754	SMART	SM00179	egfca_6	379	412	0.22	T	22-04-2026	IPR001881	EGF-like calcium-binding domain	-	-
GAV04933.1	c3805c03c51588642337bab3b9380439	754	SMART	SM00179	egfca_6	336	373	5.5E-4	T	22-04-2026	IPR001881	EGF-like calcium-binding domain	-	-
GAV04933.1	c3805c03c51588642337bab3b9380439	754	SMART	SM00179	egfca_6	454	494	0.34	T	22-04-2026	IPR001881	EGF-like calcium-binding domain	-	-
GAV04933.1	c3805c03c51588642337bab3b9380439	754	SMART	SM00179	egfca_6	296	334	4.6E-11	T	22-04-2026	IPR001881	EGF-like calcium-binding domain	-	-
GAV04933.1	c3805c03c51588642337bab3b9380439	754	SMART	SM00179	egfca_6	501	534	0.004	T	22-04-2026	IPR001881	EGF-like calcium-binding domain	-	-
GAV04933.1	c3805c03c51588642337bab3b9380439	754	SMART	SM00179	egfca_6	414	450	1.3E-12	T	22-04-2026	IPR001881	EGF-like calcium-binding domain	-	-
GAV04933.1	c3805c03c51588642337bab3b9380439	754	Gene3D	G3DSA:2.10.25.10	Laminin	296	337	5.6E-12	T	22-04-2026	-	-	-	-
GAV04933.1	c3805c03c51588642337bab3b9380439	754	Gene3D	G3DSA:2.10.25.10	Laminin	498	536	3.2E-9	T	22-04-2026	-	-	-	-
GAV04933.1	c3805c03c51588642337bab3b9380439	754	Gene3D	G3DSA:2.10.25.10	Laminin	376	415	2.9E-10	T	22-04-2026	-	-	-	-
GAV04933.1	c3805c03c51588642337bab3b9380439	754	Gene3D	G3DSA:2.10.25.10	Laminin	234	295	6.5E-16	T	22-04-2026	-	-	-	-
GAV04933.1	c3805c03c51588642337bab3b9380439	754	CDD	cd00054	EGF_CA	414	450	8.27552E-9	T	22-04-2026	-	-	-	-
GAV04933.1	c3805c03c51588642337bab3b9380439	754	Pfam	PF12661	Human growth factor-like EGF	423	444	3.7E-4	T	22-04-2026	IPR013032	EGF-like, conserved site	-	-
GAV04933.1	c3805c03c51588642337bab3b9380439	754	Pfam	PF07657	N terminus of Notch ligand C2-like domain	24	184	1.1E-25	T	22-04-2026	IPR011651	Notch ligand, N-terminal domain	-	-
GAV04933.1	c3805c03c51588642337bab3b9380439	754	ProSiteProfiles	PS50026	EGF-like domain profile.	454	494	17.136534	T	22-04-2026	IPR000742	EGF-like domain	-	-
GAV04933.1	c3805c03c51588642337bab3b9380439	754	SUPERFAMILY	SSF57196	EGF/Laminin	414	453	3.55E-11	T	22-04-2026	-	-	-	-
GAV04933.1	c3805c03c51588642337bab3b9380439	754	ProSiteProfiles	PS50026	EGF-like domain profile.	375	412	17.119801	T	22-04-2026	IPR000742	EGF-like domain	-	-
GAV04933.1	c3805c03c51588642337bab3b9380439	754	ProSitePatterns	PS00010	Aspartic acid and asparagine hydroxylation site.	429	440	-	T	22-04-2026	IPR000152	EGF-type aspartate/asparagine hydroxylation site	-	-
GAV04933.1	c3805c03c51588642337bab3b9380439	754	FunFam	G3DSA:2.10.25.140:FF:000001	Delta-like protein	188	233	6.1E-20	T	22-04-2026	-	-	-	-
GAV04933.1	c3805c03c51588642337bab3b9380439	754	ProSitePatterns	PS00022	EGF-like domain signature 1.	322	333	-	T	22-04-2026	IPR000742	EGF-like domain	-	-
GAV04933.1	c3805c03c51588642337bab3b9380439	754	Gene3D	G3DSA:2.10.25.10	Laminin	338	374	7.2E-10	T	22-04-2026	-	-	-	-
GAV04933.1	c3805c03c51588642337bab3b9380439	754	SMART	SM00051	dsl11	167	229	3.7E-22	T	22-04-2026	IPR001774	Delta/Serrate/lag-2 (DSL) protein	-	-
GAV04933.1	c3805c03c51588642337bab3b9380439	754	ProSitePatterns	PS00022	EGF-like domain signature 1.	251	262	-	T	22-04-2026	IPR000742	EGF-like domain	-	-
GAV04933.1	c3805c03c51588642337bab3b9380439	754	ProSitePatterns	PS00022	EGF-like domain signature 1.	482	493	-	T	22-04-2026	IPR000742	EGF-like domain	-	-
GAV04933.1	c3805c03c51588642337bab3b9380439	754	SUPERFAMILY	SSF57196	EGF/Laminin	498	539	2.54E-7	T	22-04-2026	-	-	-	-
GAV04933.1	c3805c03c51588642337bab3b9380439	754	SUPERFAMILY	SSF57196	EGF/Laminin	455	496	5.27E-7	T	22-04-2026	-	-	-	-
GAV04933.1	c3805c03c51588642337bab3b9380439	754	ProSitePatterns	PS00022	EGF-like domain signature 1.	438	449	-	T	22-04-2026	IPR000742	EGF-like domain	-	-
GAV04933.1	c3805c03c51588642337bab3b9380439	754	PRINTS	PR00010	Type II EGF-like signature	414	425	1.2E-5	T	22-04-2026	-	-	-	-
GAV04933.1	c3805c03c51588642337bab3b9380439	754	PRINTS	PR00010	Type II EGF-like signature	426	433	1.2E-5	T	22-04-2026	-	-	-	-
GAV04933.1	c3805c03c51588642337bab3b9380439	754	PRINTS	PR00010	Type II EGF-like signature	508	514	1.2E-5	T	22-04-2026	-	-	-	-
GAV04933.1	c3805c03c51588642337bab3b9380439	754	PRINTS	PR00010	Type II EGF-like signature	434	444	1.2E-5	T	22-04-2026	-	-	-	-
GAV04933.1	c3805c03c51588642337bab3b9380439	754	CDD	cd00054	EGF_CA	345	372	3.19385E-4	T	22-04-2026	-	-	-	-
GAV04933.1	c3805c03c51588642337bab3b9380439	754	FunFam	G3DSA:2.10.25.10:FF:000018	Delta-like 1	234	296	2.6E-24	T	22-04-2026	-	-	-	-
GAV04933.1	c3805c03c51588642337bab3b9380439	754	ProSitePatterns	PS01186	EGF-like domain signature 2.	522	533	-	T	22-04-2026	IPR000742	EGF-like domain	-	-
GAV04933.1	c3805c03c51588642337bab3b9380439	754	CDD	cd00054	EGF_CA	380	412	0.00948502	T	22-04-2026	-	-	-	-
GAV04933.1	c3805c03c51588642337bab3b9380439	754	ProSiteProfiles	PS51051	DSL domain profile.	185	229	14.966796	T	22-04-2026	IPR001774	Delta/Serrate/lag-2 (DSL) protein	-	-
GAV04933.1	c3805c03c51588642337bab3b9380439	754	CDD	cd00054	EGF_CA	296	334	3.42865E-9	T	22-04-2026	-	-	-	-
GAV04933.1	c3805c03c51588642337bab3b9380439	754	FunFam	G3DSA:2.10.25.10:FF:000064	Delta-like protein	297	335	9.0E-20	T	22-04-2026	-	-	-	-
GAV04933.1	c3805c03c51588642337bab3b9380439	754	ProSitePatterns	PS01186	EGF-like domain signature 2.	438	449	-	T	22-04-2026	IPR000742	EGF-like domain	-	-
GAV04933.1	c3805c03c51588642337bab3b9380439	754	ProSitePatterns	PS01186	EGF-like domain signature 2.	482	493	-	T	22-04-2026	IPR000742	EGF-like domain	-	-
GAV02690.1	4f3f90fdf01383f0607d48ad9f8c33ae	453	Gene3D	G3DSA:2.60.120.740	-	36	169	7.5E-15	T	22-04-2026	IPR043159	D-galactoside/L-rhamnose binding SUEL lectin domain superfamily	-	-
GAV02690.1	4f3f90fdf01383f0607d48ad9f8c33ae	453	Gene3D	G3DSA:2.60.120.290	Spermadhesin, CUB domain	171	281	7.3E-18	T	22-04-2026	IPR035914	Spermadhesin, CUB domain superfamily	-	-
GAV02690.1	4f3f90fdf01383f0607d48ad9f8c33ae	453	ProSiteProfiles	PS01180	CUB domain profile.	173	284	16.019205	T	22-04-2026	IPR000859	CUB domain	-	-
GAV02690.1	4f3f90fdf01383f0607d48ad9f8c33ae	453	SUPERFAMILY	SSF49854	Spermadhesin, CUB domain	173	284	1.96E-21	T	22-04-2026	IPR035914	Spermadhesin, CUB domain superfamily	-	-
GAV02690.1	4f3f90fdf01383f0607d48ad9f8c33ae	453	ProSiteProfiles	PS50923	Sushi/CCP/SCR domain profile.	284	344	7.515468	T	22-04-2026	IPR000436	Sushi/SCR/CCP domain	-	-
GAV02690.1	4f3f90fdf01383f0607d48ad9f8c33ae	453	PANTHER	PTHR24255	COMPLEMENT COMPONENT 1, S SUBCOMPONENT-RELATED	172	353	1.6E-17	T	22-04-2026	-	-	-	-
GAV02690.1	4f3f90fdf01383f0607d48ad9f8c33ae	453	SMART	SM00042	CUB_2	173	284	2.7E-15	T	22-04-2026	IPR000859	CUB domain	-	-
GAV02690.1	4f3f90fdf01383f0607d48ad9f8c33ae	453	Pfam	PF00431	CUB domain	173	276	1.3E-9	T	22-04-2026	IPR000859	CUB domain	-	-
GAV02690.1	4f3f90fdf01383f0607d48ad9f8c33ae	453	CDD	cd00041	CUB	173	283	3.73898E-17	T	22-04-2026	IPR000859	CUB domain	-	-
GAV02690.1	4f3f90fdf01383f0607d48ad9f8c33ae	453	CDD	cd22823	Gal_Rha_Lectin	43	163	1.13462E-9	T	22-04-2026	-	-	-	-
GAU99633.1	45ff34482a4bb6c5cd486d8ada331d6b	308	MobiDBLite	mobidb-lite	consensus disorder prediction	159	279	-	T	22-04-2026	-	-	-	-
GAU99633.1	45ff34482a4bb6c5cd486d8ada331d6b	308	MobiDBLite	mobidb-lite	consensus disorder prediction	287	308	-	T	22-04-2026	-	-	-	-
GAU99633.1	45ff34482a4bb6c5cd486d8ada331d6b	308	MobiDBLite	mobidb-lite	consensus disorder prediction	159	308	-	T	22-04-2026	-	-	-	-
GAV07676.1	00438a0d4ce952ec38058536ed6ca47b	372	PANTHER	PTHR24252	ACROSIN-RELATED	82	367	3.5E-73	T	22-04-2026	-	-	-	-
GAV07676.1	00438a0d4ce952ec38058536ed6ca47b	372	PRINTS	PR00722	Chymotrypsin serine protease family (S1) signature	138	153	2.3E-13	T	22-04-2026	IPR001314	Peptidase S1A, chymotrypsin family	-	-
GAV07676.1	00438a0d4ce952ec38058536ed6ca47b	372	PRINTS	PR00722	Chymotrypsin serine protease family (S1) signature	310	322	2.3E-13	T	22-04-2026	IPR001314	Peptidase S1A, chymotrypsin family	-	-
GAV07676.1	00438a0d4ce952ec38058536ed6ca47b	372	PRINTS	PR00722	Chymotrypsin serine protease family (S1) signature	201	215	2.3E-13	T	22-04-2026	IPR001314	Peptidase S1A, chymotrypsin family	-	-
GAV07676.1	00438a0d4ce952ec38058536ed6ca47b	372	Gene3D	G3DSA:2.40.10.10	-	105	366	6.4E-72	T	22-04-2026	IPR043504	Peptidase S1, PA clan, chymotrypsin-like fold	-	-
GAV07676.1	00438a0d4ce952ec38058536ed6ca47b	372	ProSitePatterns	PS00135	Serine proteases, trypsin family, serine active site.	311	322	-	T	22-04-2026	IPR033116	Serine proteases, trypsin family, serine active site	-	-
GAV07676.1	00438a0d4ce952ec38058536ed6ca47b	372	FunFam	G3DSA:2.40.10.10:FF:000003	Transmembrane serine protease 3	104	366	2.4E-67	T	22-04-2026	-	-	-	-
GAV07676.1	00438a0d4ce952ec38058536ed6ca47b	372	ProSitePatterns	PS00134	Serine proteases, trypsin family, histidine active site.	148	153	-	T	22-04-2026	IPR018114	Serine proteases, trypsin family, histidine active site	-	-
GAV07676.1	00438a0d4ce952ec38058536ed6ca47b	372	ProSiteProfiles	PS50240	Serine proteases, trypsin domain profile.	111	366	33.901989	T	22-04-2026	IPR001254	Serine proteases, trypsin domain	-	-
GAV07676.1	00438a0d4ce952ec38058536ed6ca47b	372	CDD	cd00190	Tryp_SPc	111	364	1.61368E-83	T	22-04-2026	IPR001254	Serine proteases, trypsin domain	-	-
GAV07676.1	00438a0d4ce952ec38058536ed6ca47b	372	SMART	SM00020	trypsin_2	110	361	4.7E-74	T	22-04-2026	IPR001254	Serine proteases, trypsin domain	-	-
GAV07676.1	00438a0d4ce952ec38058536ed6ca47b	372	Pfam	PF00089	Trypsin	111	361	2.6E-51	T	22-04-2026	IPR001254	Serine proteases, trypsin domain	-	-
GAV07676.1	00438a0d4ce952ec38058536ed6ca47b	372	SUPERFAMILY	SSF50494	Trypsin-like serine proteases	91	366	6.71E-72	T	22-04-2026	IPR009003	Peptidase S1, PA clan	-	-
GAV10038.1	22a6cdc8b5b9fcd40fc338e156c8afa5	261	MobiDBLite	mobidb-lite	consensus disorder prediction	235	261	-	T	22-04-2026	-	-	-	-
GAV10038.1	22a6cdc8b5b9fcd40fc338e156c8afa5	261	PANTHER	PTHR12601	EUKARYOTIC TRANSLATION INITIATION FACTOR 3 SUBUNIT  EIF-3	3	156	1.2E-18	T	22-04-2026	IPR027523	CLU domain containing protein	-	-
GAV10038.1	22a6cdc8b5b9fcd40fc338e156c8afa5	261	Pfam	PF13424	Tetratricopeptide repeat	43	112	2.4E-7	T	22-04-2026	-	-	-	-
GAV10038.1	22a6cdc8b5b9fcd40fc338e156c8afa5	261	SUPERFAMILY	SSF48452	TPR-like	38	112	1.58E-6	T	22-04-2026	IPR011990	Tetratricopeptide-like helical domain superfamily	-	-
GAV10038.1	22a6cdc8b5b9fcd40fc338e156c8afa5	261	Gene3D	G3DSA:1.25.40.10	Tetratricopeptide repeat domain	40	159	4.1E-10	T	22-04-2026	IPR011990	Tetratricopeptide-like helical domain superfamily	-	-
GAV02716.1	134b9cbf87914e64e4fe3674b920d8bf	500	ProSiteProfiles	PS51910	Glycosyl hydrolases family 18 (GH18) domain profile.	46	415	40.325027	T	22-04-2026	IPR001223	Glycoside hydrolase family 18, catalytic domain	-	-
GAV02716.1	134b9cbf87914e64e4fe3674b920d8bf	500	SUPERFAMILY	SSF51445	(Trans)glycosidases	48	411	2.58E-41	T	22-04-2026	IPR017853	Glycoside hydrolase superfamily	-	-
GAV02716.1	134b9cbf87914e64e4fe3674b920d8bf	500	SUPERFAMILY	SSF54556	Chitinase insertion domain	289	363	1.3E-15	T	22-04-2026	IPR029070	Chitinase insertion domain superfamily	-	-
GAV02716.1	134b9cbf87914e64e4fe3674b920d8bf	500	Pfam	PF00704	Glycosyl hydrolases family 18	48	391	1.4E-45	T	22-04-2026	IPR001223	Glycoside hydrolase family 18, catalytic domain	-	-
GAV02716.1	134b9cbf87914e64e4fe3674b920d8bf	500	Pfam	PF01607	Chitin binding Peritrophin-A domain	432	485	0.044	T	22-04-2026	IPR002557	Chitin binding domain	-	-
GAV02716.1	134b9cbf87914e64e4fe3674b920d8bf	500	SMART	SM00636	2g34	46	391	1.1E-43	T	22-04-2026	IPR011583	Chitinase II	-	-
GAV02716.1	134b9cbf87914e64e4fe3674b920d8bf	500	PANTHER	PTHR11177	CHITINASE	48	414	5.2E-59	T	22-04-2026	-	-	-	-
GAV02716.1	134b9cbf87914e64e4fe3674b920d8bf	500	ProSiteProfiles	PS50940	Chitin-binding type-2 domain profile.	429	487	8.801027	T	22-04-2026	IPR002557	Chitin binding domain	-	-
GAV02716.1	134b9cbf87914e64e4fe3674b920d8bf	500	SUPERFAMILY	SSF57625	Invertebrate chitin-binding proteins	430	487	4.45E-8	T	22-04-2026	IPR036508	Chitin binding domain superfamily	-	-
GAV02716.1	134b9cbf87914e64e4fe3674b920d8bf	500	Gene3D	G3DSA:3.20.20.80	Glycosidases	50	394	7.4E-74	T	22-04-2026	-	-	-	-
GAV02716.1	134b9cbf87914e64e4fe3674b920d8bf	500	FunFam	G3DSA:3.10.50.10:FF:000003	Class V chitinase CHIT5b	288	362	2.2E-14	T	22-04-2026	-	-	-	-
GAV02716.1	134b9cbf87914e64e4fe3674b920d8bf	500	SMART	SM00494	chi_10	430	487	7.7E-9	T	22-04-2026	IPR002557	Chitin binding domain	-	-
GAV02716.1	134b9cbf87914e64e4fe3674b920d8bf	500	Gene3D	G3DSA:3.10.50.10	-	288	362	7.4E-74	T	22-04-2026	IPR029070	Chitinase insertion domain superfamily	-	-
GAV10084.1	393a213497acf68d5ddd413b20816520	224	ProSitePatterns	PS00518	Zinc finger RING-type signature.	146	155	-	T	22-04-2026	IPR017907	Zinc finger, RING-type, conserved site	-	-
GAV10084.1	393a213497acf68d5ddd413b20816520	224	ProSiteProfiles	PS50089	Zinc finger RING-type profile.	128	177	9.376395	T	22-04-2026	IPR001841	Zinc finger, RING-type	-	-
GAV10084.1	393a213497acf68d5ddd413b20816520	224	SMART	SM00184	ring_2	128	176	0.0016	T	22-04-2026	IPR001841	Zinc finger, RING-type	-	-
GAV10084.1	393a213497acf68d5ddd413b20816520	224	Gene3D	G3DSA:3.30.40.10	Zinc/RING finger domain, C3HC4 (zinc finger)	122	208	1.0E-15	T	22-04-2026	IPR013083	Zinc finger, RING/FYVE/PHD-type	-	-
GAV10084.1	393a213497acf68d5ddd413b20816520	224	FunFam	G3DSA:3.30.40.10:FF:000051	RBR-type E3 ubiquitin transferase	123	208	3.9E-13	T	22-04-2026	-	-	-	-
GAV10084.1	393a213497acf68d5ddd413b20816520	224	SUPERFAMILY	SSF57850	RING/U-box	124	207	1.31E-15	T	22-04-2026	-	-	-	-
GAU94728.1	c76c1fadb2dbf48513088a0484206eeb	281	PANTHER	PTHR31296	UPF0565 PROTEIN C2ORF69	9	279	1.1E-51	T	22-04-2026	IPR018881	Mitochondrial protein C2orf69	-	-
GAU94728.1	c76c1fadb2dbf48513088a0484206eeb	281	Pfam	PF10561	C2orf69	6	132	3.3E-27	T	22-04-2026	IPR018881	Mitochondrial protein C2orf69	-	-
GAU94728.1	c76c1fadb2dbf48513088a0484206eeb	281	Pfam	PF10561	C2orf69	140	254	9.7E-17	T	22-04-2026	IPR018881	Mitochondrial protein C2orf69	-	-
GAU99701.1	5a9e3bfe3798aefcd979333e4f31d30a	1172	PANTHER	PTHR22940	TIMEOUT/TIMELESS-2	74	1140	2.4E-139	T	22-04-2026	IPR044998	Timeless	-	-
GAU99701.1	5a9e3bfe3798aefcd979333e4f31d30a	1172	Pfam	PF04821	Timeless protein	89	355	1.2E-27	T	22-04-2026	IPR006906	Timeless, N-terminal	-	-
GAU99701.1	5a9e3bfe3798aefcd979333e4f31d30a	1172	MobiDBLite	mobidb-lite	consensus disorder prediction	988	1003	-	T	22-04-2026	-	-	-	-
GAU99701.1	5a9e3bfe3798aefcd979333e4f31d30a	1172	MobiDBLite	mobidb-lite	consensus disorder prediction	907	1172	-	T	22-04-2026	-	-	-	-
GAU99701.1	5a9e3bfe3798aefcd979333e4f31d30a	1172	MobiDBLite	mobidb-lite	consensus disorder prediction	1026	1061	-	T	22-04-2026	-	-	-	-
GAU99701.1	5a9e3bfe3798aefcd979333e4f31d30a	1172	Coils	Coil	Coil	1024	1044	-	T	22-04-2026	-	-	-	-
GAU99701.1	5a9e3bfe3798aefcd979333e4f31d30a	1172	MobiDBLite	mobidb-lite	consensus disorder prediction	949	964	-	T	22-04-2026	-	-	-	-
GAU99701.1	5a9e3bfe3798aefcd979333e4f31d30a	1172	MobiDBLite	mobidb-lite	consensus disorder prediction	1134	1172	-	T	22-04-2026	-	-	-	-
GAV02108.1	a610d308e205dacfa9f015046c1408f1	351	SUPERFAMILY	SSF47473	EF-hand	188	307	2.6E-13	T	22-04-2026	IPR011992	EF-hand domain pair	-	-
GAV02108.1	a610d308e205dacfa9f015046c1408f1	351	CDD	cd15902	EFh_HEF	45	306	1.48752E-65	T	22-04-2026	-	-	-	-
GAV02108.1	a610d308e205dacfa9f015046c1408f1	351	ProSitePatterns	PS00018	EF-hand calcium-binding domain.	288	300	-	T	22-04-2026	IPR018247	EF-Hand 1, calcium-binding site	-	-
GAV02108.1	a610d308e205dacfa9f015046c1408f1	351	ProSitePatterns	PS00018	EF-hand calcium-binding domain.	193	205	-	T	22-04-2026	IPR018247	EF-Hand 1, calcium-binding site	-	-
GAV02108.1	a610d308e205dacfa9f015046c1408f1	351	ProSiteProfiles	PS50222	EF-hand calcium-binding domain profile.	40	75	9.129593	T	22-04-2026	IPR002048	EF-hand domain	-	-
GAV02108.1	a610d308e205dacfa9f015046c1408f1	351	ProSitePatterns	PS00018	EF-hand calcium-binding domain.	242	254	-	T	22-04-2026	IPR018247	EF-Hand 1, calcium-binding site	-	-
GAV02108.1	a610d308e205dacfa9f015046c1408f1	351	ProSiteProfiles	PS50222	EF-hand calcium-binding domain profile.	136	171	10.524363	T	22-04-2026	IPR002048	EF-hand domain	-	-
GAV02108.1	a610d308e205dacfa9f015046c1408f1	351	ProSiteProfiles	PS50222	EF-hand calcium-binding domain profile.	229	264	10.97069	T	22-04-2026	IPR002048	EF-hand domain	-	-
GAV02108.1	a610d308e205dacfa9f015046c1408f1	351	MobiDBLite	mobidb-lite	consensus disorder prediction	1	26	-	T	22-04-2026	-	-	-	-
GAV02108.1	a610d308e205dacfa9f015046c1408f1	351	Gene3D	G3DSA:1.10.238.10	-	208	305	1.5E-15	T	22-04-2026	-	-	-	-
GAV02108.1	a610d308e205dacfa9f015046c1408f1	351	Gene3D	G3DSA:1.10.238.10	-	116	207	2.5E-20	T	22-04-2026	-	-	-	-
GAV02108.1	a610d308e205dacfa9f015046c1408f1	351	ProSitePatterns	PS00018	EF-hand calcium-binding domain.	53	65	-	T	22-04-2026	IPR018247	EF-Hand 1, calcium-binding site	-	-
GAV02108.1	a610d308e205dacfa9f015046c1408f1	351	SMART	SM00054	efh_1	92	121	0.8	T	22-04-2026	IPR002048	EF-hand domain	-	-
GAV02108.1	a610d308e205dacfa9f015046c1408f1	351	SMART	SM00054	efh_1	44	72	1.4	T	22-04-2026	IPR002048	EF-hand domain	-	-
GAV02108.1	a610d308e205dacfa9f015046c1408f1	351	SMART	SM00054	efh_1	140	168	2.8	T	22-04-2026	IPR002048	EF-hand domain	-	-
GAV02108.1	a610d308e205dacfa9f015046c1408f1	351	SMART	SM00054	efh_1	184	212	3.7	T	22-04-2026	IPR002048	EF-hand domain	-	-
GAV02108.1	a610d308e205dacfa9f015046c1408f1	351	SMART	SM00054	efh_1	233	261	0.45	T	22-04-2026	IPR002048	EF-hand domain	-	-
GAV02108.1	a610d308e205dacfa9f015046c1408f1	351	SMART	SM00054	efh_1	278	307	1.9	T	22-04-2026	IPR002048	EF-hand domain	-	-
GAV02108.1	a610d308e205dacfa9f015046c1408f1	351	Pfam	PF13202	EF hand	288	301	180.0	T	22-04-2026	IPR002048	EF-hand domain	-	-
GAV02108.1	a610d308e205dacfa9f015046c1408f1	351	Pfam	PF13499	EF-hand domain pair	142	205	5.5E-5	T	22-04-2026	IPR002048	EF-hand domain	-	-
GAV02108.1	a610d308e205dacfa9f015046c1408f1	351	Pfam	PF13499	EF-hand domain pair	48	117	9.7E-7	T	22-04-2026	IPR002048	EF-hand domain	-	-
GAV02108.1	a610d308e205dacfa9f015046c1408f1	351	PANTHER	PTHR19972	CALBINDIN	38	306	2.6E-60	T	22-04-2026	-	-	-	-
GAV02108.1	a610d308e205dacfa9f015046c1408f1	351	MobiDBLite	mobidb-lite	consensus disorder prediction	9	26	-	T	22-04-2026	-	-	-	-
GAV02108.1	a610d308e205dacfa9f015046c1408f1	351	SUPERFAMILY	SSF47473	EF-hand	42	209	3.66E-23	T	22-04-2026	IPR011992	EF-hand domain pair	-	-
GAV02108.1	a610d308e205dacfa9f015046c1408f1	351	ProSitePatterns	PS00018	EF-hand calcium-binding domain.	102	114	-	T	22-04-2026	IPR018247	EF-Hand 1, calcium-binding site	-	-
GAV02108.1	a610d308e205dacfa9f015046c1408f1	351	Gene3D	G3DSA:1.10.238.10	-	37	115	1.3E-17	T	22-04-2026	-	-	-	-
GAV02108.1	a610d308e205dacfa9f015046c1408f1	351	ProSiteProfiles	PS50222	EF-hand calcium-binding domain profile.	88	124	10.580154	T	22-04-2026	IPR002048	EF-hand domain	-	-
GAV02108.1	a610d308e205dacfa9f015046c1408f1	351	ProSiteProfiles	PS50222	EF-hand calcium-binding domain profile.	180	215	9.603815	T	22-04-2026	IPR002048	EF-hand domain	-	-
GAV02108.1	a610d308e205dacfa9f015046c1408f1	351	ProSiteProfiles	PS50222	EF-hand calcium-binding domain profile.	275	310	9.492233	T	22-04-2026	IPR002048	EF-hand domain	-	-
GAU94830.1	65bb10c3541750b5f4fbd96bf935ecab	744	PRINTS	PR00176	Sodium/chloride neurotransmitter symporter signature	373	393	2.7E-59	T	22-04-2026	IPR000175	Sodium:neurotransmitter symporter	-	-
GAU94830.1	65bb10c3541750b5f4fbd96bf935ecab	744	PRINTS	PR00176	Sodium/chloride neurotransmitter symporter signature	487	506	2.7E-59	T	22-04-2026	IPR000175	Sodium:neurotransmitter symporter	-	-
GAU94830.1	65bb10c3541750b5f4fbd96bf935ecab	744	PRINTS	PR00176	Sodium/chloride neurotransmitter symporter signature	567	587	2.7E-59	T	22-04-2026	IPR000175	Sodium:neurotransmitter symporter	-	-
GAU94830.1	65bb10c3541750b5f4fbd96bf935ecab	744	PRINTS	PR00176	Sodium/chloride neurotransmitter symporter signature	607	627	2.7E-59	T	22-04-2026	IPR000175	Sodium:neurotransmitter symporter	-	-
GAU94830.1	65bb10c3541750b5f4fbd96bf935ecab	744	PRINTS	PR00176	Sodium/chloride neurotransmitter symporter signature	134	153	2.7E-59	T	22-04-2026	IPR000175	Sodium:neurotransmitter symporter	-	-
GAU94830.1	65bb10c3541750b5f4fbd96bf935ecab	744	PRINTS	PR00176	Sodium/chloride neurotransmitter symporter signature	178	204	2.7E-59	T	22-04-2026	IPR000175	Sodium:neurotransmitter symporter	-	-
GAU94830.1	65bb10c3541750b5f4fbd96bf935ecab	744	PRINTS	PR00176	Sodium/chloride neurotransmitter symporter signature	291	308	2.7E-59	T	22-04-2026	IPR000175	Sodium:neurotransmitter symporter	-	-
GAU94830.1	65bb10c3541750b5f4fbd96bf935ecab	744	PRINTS	PR00176	Sodium/chloride neurotransmitter symporter signature	105	126	2.7E-59	T	22-04-2026	IPR000175	Sodium:neurotransmitter symporter	-	-
GAU94830.1	65bb10c3541750b5f4fbd96bf935ecab	744	PANTHER	PTHR11616	SODIUM/CHLORIDE DEPENDENT TRANSPORTER	93	680	6.7E-181	T	22-04-2026	IPR000175	Sodium:neurotransmitter symporter	-	-
GAU94830.1	65bb10c3541750b5f4fbd96bf935ecab	744	Pfam	PF00209	Sodium:neurotransmitter symporter family	97	677	2.7E-164	T	22-04-2026	IPR000175	Sodium:neurotransmitter symporter	-	-
GAU94830.1	65bb10c3541750b5f4fbd96bf935ecab	744	ProSitePatterns	PS00610	Sodium:neurotransmitter symporter family signature 1.	121	135	-	T	22-04-2026	IPR000175	Sodium:neurotransmitter symporter	-	-
GAU94830.1	65bb10c3541750b5f4fbd96bf935ecab	744	NCBIfam	NF037979	sodium-dependent transporter	105	457	1.4E-10	T	22-04-2026	-	-	-	-
GAU94830.1	65bb10c3541750b5f4fbd96bf935ecab	744	SUPERFAMILY	SSF161070	SNF-like	97	677	3.27E-149	T	22-04-2026	IPR037272	Sodium:neurotransmitter symporter superfamily	-	-
GAU94830.1	65bb10c3541750b5f4fbd96bf935ecab	744	ProSiteProfiles	PS50267	Sodium:neurotransmitter symporter family profile.	96	683	86.951271	T	22-04-2026	IPR000175	Sodium:neurotransmitter symporter	-	-
GAU94830.1	65bb10c3541750b5f4fbd96bf935ecab	744	Coils	Coil	Coil	16	36	-	T	22-04-2026	-	-	-	-
GAU93262.1	a041c0a042917ba91bdba7a37efc84ee	683	MobiDBLite	mobidb-lite	consensus disorder prediction	402	420	-	T	22-04-2026	-	-	-	-
GAU93262.1	a041c0a042917ba91bdba7a37efc84ee	683	SUPERFAMILY	SSF57716	Glucocorticoid receptor-like (DNA-binding domain)	325	404	7.95E-28	T	22-04-2026	-	-	-	-
GAU93262.1	a041c0a042917ba91bdba7a37efc84ee	683	Gene3D	G3DSA:3.30.50.10	-	319	427	8.3E-33	T	22-04-2026	IPR013088	Zinc finger, NHR/GATA-type	-	-
GAU93262.1	a041c0a042917ba91bdba7a37efc84ee	683	PANTHER	PTHR24085	NUCLEAR HORMONE RECEPTOR	74	651	4.9E-103	T	22-04-2026	-	-	-	-
GAU93262.1	a041c0a042917ba91bdba7a37efc84ee	683	ProSiteProfiles	PS51843	Nuclear receptor (NR) ligand-binding (LBD) domain profile.	441	678	25.074589	T	22-04-2026	IPR000536	Nuclear hormone receptor, ligand-binding domain	-	-
GAU93262.1	a041c0a042917ba91bdba7a37efc84ee	683	Gene3D	G3DSA:1.10.565.10	Retinoid X Receptor	433	658	6.6E-30	T	22-04-2026	IPR035500	Nuclear hormone receptor-like domain superfamily	-	-
GAU93262.1	a041c0a042917ba91bdba7a37efc84ee	683	MobiDBLite	mobidb-lite	consensus disorder prediction	421	438	-	T	22-04-2026	-	-	-	-
GAU93262.1	a041c0a042917ba91bdba7a37efc84ee	683	PRINTS	PR00398	Steroid hormone receptor signature	389	399	6.4E-7	T	22-04-2026	IPR001723	Nuclear hormone receptor	-	-
GAU93262.1	a041c0a042917ba91bdba7a37efc84ee	683	PRINTS	PR00398	Steroid hormone receptor signature	506	522	6.4E-7	T	22-04-2026	IPR001723	Nuclear hormone receptor	-	-
GAU93262.1	a041c0a042917ba91bdba7a37efc84ee	683	PRINTS	PR00398	Steroid hormone receptor signature	581	596	6.4E-7	T	22-04-2026	IPR001723	Nuclear hormone receptor	-	-
GAU93262.1	a041c0a042917ba91bdba7a37efc84ee	683	FunFam	G3DSA:3.30.50.10:FF:000009	nuclear receptor subfamily 4 group A member 2	320	418	2.5E-54	T	22-04-2026	-	-	-	-
GAU93262.1	a041c0a042917ba91bdba7a37efc84ee	683	PRINTS	PR01284	Orphan nuclear receptor (4A nuclear receptor) family signature	400	415	3.7E-8	T	22-04-2026	IPR003070	Nuclear receptor subfamily 4 group A member 1-3	-	-
GAU93262.1	a041c0a042917ba91bdba7a37efc84ee	683	PRINTS	PR01284	Orphan nuclear receptor (4A nuclear receptor) family signature	606	623	3.7E-8	T	22-04-2026	IPR003070	Nuclear receptor subfamily 4 group A member 1-3	-	-
GAU93262.1	a041c0a042917ba91bdba7a37efc84ee	683	SMART	SM00399	c4gold	325	396	1.8E-36	T	22-04-2026	IPR001628	Zinc finger, nuclear hormone receptor-type	-	-
GAU93262.1	a041c0a042917ba91bdba7a37efc84ee	683	MobiDBLite	mobidb-lite	consensus disorder prediction	56	78	-	T	22-04-2026	-	-	-	-
GAU93262.1	a041c0a042917ba91bdba7a37efc84ee	683	MobiDBLite	mobidb-lite	consensus disorder prediction	59	78	-	T	22-04-2026	-	-	-	-
GAU93262.1	a041c0a042917ba91bdba7a37efc84ee	683	SUPERFAMILY	SSF48508	Nuclear receptor ligand-binding domain	399	650	1.57E-27	T	22-04-2026	IPR035500	Nuclear hormone receptor-like domain superfamily	-	-
GAU93262.1	a041c0a042917ba91bdba7a37efc84ee	683	PRINTS	PR00047	C4-type steroid receptor zinc finger signature	377	385	7.9E-17	T	22-04-2026	IPR001628	Zinc finger, nuclear hormone receptor-type	-	-
GAU93262.1	a041c0a042917ba91bdba7a37efc84ee	683	PRINTS	PR00047	C4-type steroid receptor zinc finger signature	328	344	7.9E-17	T	22-04-2026	IPR001628	Zinc finger, nuclear hormone receptor-type	-	-
GAU93262.1	a041c0a042917ba91bdba7a37efc84ee	683	PRINTS	PR00047	C4-type steroid receptor zinc finger signature	385	393	7.9E-17	T	22-04-2026	IPR001628	Zinc finger, nuclear hormone receptor-type	-	-
GAU93262.1	a041c0a042917ba91bdba7a37efc84ee	683	PRINTS	PR00047	C4-type steroid receptor zinc finger signature	344	359	7.9E-17	T	22-04-2026	IPR001628	Zinc finger, nuclear hormone receptor-type	-	-
GAU93262.1	a041c0a042917ba91bdba7a37efc84ee	683	SMART	SM00430	holi	485	649	2.0E-8	T	22-04-2026	IPR000536	Nuclear hormone receptor, ligand-binding domain	-	-
GAU93262.1	a041c0a042917ba91bdba7a37efc84ee	683	CDD	cd06969	NR_DBD_NGFI-B	326	400	1.42465E-53	T	22-04-2026	-	-	-	-
GAU93262.1	a041c0a042917ba91bdba7a37efc84ee	683	ProSiteProfiles	PS51030	Nuclear hormone receptors DNA-binding domain profile.	325	400	19.825981	T	22-04-2026	IPR001628	Zinc finger, nuclear hormone receptor-type	-	-
GAU93262.1	a041c0a042917ba91bdba7a37efc84ee	683	MobiDBLite	mobidb-lite	consensus disorder prediction	101	121	-	T	22-04-2026	-	-	-	-
GAU93262.1	a041c0a042917ba91bdba7a37efc84ee	683	Pfam	PF00105	Zinc finger, C4 type (two domains)	327	395	3.8E-26	T	22-04-2026	IPR001628	Zinc finger, nuclear hormone receptor-type	-	-
GAU93262.1	a041c0a042917ba91bdba7a37efc84ee	683	Pfam	PF00104	Ligand-binding domain of nuclear hormone receptor	505	648	1.0E-4	T	22-04-2026	IPR000536	Nuclear hormone receptor, ligand-binding domain	-	-
GAU93262.1	a041c0a042917ba91bdba7a37efc84ee	683	MobiDBLite	mobidb-lite	consensus disorder prediction	402	438	-	T	22-04-2026	-	-	-	-
GAU93262.1	a041c0a042917ba91bdba7a37efc84ee	683	ProSitePatterns	PS00031	Nuclear hormones receptors DNA-binding region signature.	328	354	-	T	22-04-2026	IPR001628	Zinc finger, nuclear hormone receptor-type	-	-
GAV01168.1	bdaf91b9973ff1d45410b4142bcf72ee	167	Gene3D	G3DSA:2.60.120.740	-	40	141	2.0E-9	T	22-04-2026	IPR043159	D-galactoside/L-rhamnose binding SUEL lectin domain superfamily	-	-
GAV01168.1	bdaf91b9973ff1d45410b4142bcf72ee	167	CDD	cd22823	Gal_Rha_Lectin	48	136	6.6927E-8	T	22-04-2026	-	-	-	-
GAV01168.1	bdaf91b9973ff1d45410b4142bcf72ee	167	ProSiteProfiles	PS51257	Prokaryotic membrane lipoprotein lipid attachment site profile.	1	23	6.0	T	22-04-2026	-	-	-	-
GAV08380.1	940461f128f55cf980802e24ed5b6dce	107	MobiDBLite	mobidb-lite	consensus disorder prediction	22	48	-	T	22-04-2026	-	-	-	-
GAU95953.1	2ea403bedb42a0381b1f73f192f4a2a2	465	ProSiteProfiles	PS51885	Neprilysin-like (M13) protease domain profile.	1	465	28.399916	T	22-04-2026	IPR000718	Peptidase M13	-	-
GAU95953.1	2ea403bedb42a0381b1f73f192f4a2a2	465	SUPERFAMILY	SSF55486	Metalloproteases ("zincins"), catalytic domain	14	454	2.05E-61	T	22-04-2026	-	-	-	-
GAU95953.1	2ea403bedb42a0381b1f73f192f4a2a2	465	Gene3D	G3DSA:1.10.1380.10	Neutral endopeptidase , domain2	20	310	2.1E-38	T	22-04-2026	IPR042089	Peptidase M13, domain 2	-	-
GAU95953.1	2ea403bedb42a0381b1f73f192f4a2a2	465	Pfam	PF05649	Peptidase family M13	23	297	3.1E-24	T	22-04-2026	IPR008753	Peptidase M13, N-terminal domain	-	-
GAU95953.1	2ea403bedb42a0381b1f73f192f4a2a2	465	Pfam	PF01431	Peptidase family M13	340	453	4.4E-17	T	22-04-2026	IPR018497	Peptidase M13, C-terminal domain	-	-
GAU95953.1	2ea403bedb42a0381b1f73f192f4a2a2	465	PANTHER	PTHR11733	ZINC METALLOPROTEASE FAMILY M13 NEPRILYSIN-RELATED	300	451	4.4E-35	T	22-04-2026	IPR000718	Peptidase M13	-	-
GAV07535.1	013a36e9dfa6dcc132dedabc298ac0da	423	ProSitePatterns	PS00028	Zinc finger C2H2 type domain signature.	285	307	-	T	22-04-2026	IPR013087	Zinc finger C2H2-type	-	-
GAV07535.1	013a36e9dfa6dcc132dedabc298ac0da	423	SMART	SM00355	c2h2final6	313	337	0.001	T	22-04-2026	IPR013087	Zinc finger C2H2-type	-	-
GAV07535.1	013a36e9dfa6dcc132dedabc298ac0da	423	SMART	SM00355	c2h2final6	226	250	0.92	T	22-04-2026	IPR013087	Zinc finger C2H2-type	-	-
GAV07535.1	013a36e9dfa6dcc132dedabc298ac0da	423	SMART	SM00355	c2h2final6	255	277	0.017	T	22-04-2026	IPR013087	Zinc finger C2H2-type	-	-
GAV07535.1	013a36e9dfa6dcc132dedabc298ac0da	423	SMART	SM00355	c2h2final6	283	307	0.011	T	22-04-2026	IPR013087	Zinc finger C2H2-type	-	-
GAV07535.1	013a36e9dfa6dcc132dedabc298ac0da	423	Gene3D	G3DSA:3.30.160.60	Classic Zinc Finger	281	311	6.1E-15	T	22-04-2026	-	-	-	-
GAV07535.1	013a36e9dfa6dcc132dedabc298ac0da	423	MobiDBLite	mobidb-lite	consensus disorder prediction	71	91	-	T	22-04-2026	-	-	-	-
GAV07535.1	013a36e9dfa6dcc132dedabc298ac0da	423	PANTHER	PTHR14003	TRANSCRIPTIONAL REPRESSOR PROTEIN YY	156	353	1.4E-65	T	22-04-2026	-	-	-	-
GAV07535.1	013a36e9dfa6dcc132dedabc298ac0da	423	ProSitePatterns	PS00028	Zinc finger C2H2 type domain signature.	257	277	-	T	22-04-2026	IPR013087	Zinc finger C2H2-type	-	-
GAV07535.1	013a36e9dfa6dcc132dedabc298ac0da	423	ProSitePatterns	PS00028	Zinc finger C2H2 type domain signature.	315	337	-	T	22-04-2026	IPR013087	Zinc finger C2H2-type	-	-
GAV07535.1	013a36e9dfa6dcc132dedabc298ac0da	423	MobiDBLite	mobidb-lite	consensus disorder prediction	139	190	-	T	22-04-2026	-	-	-	-
GAV07535.1	013a36e9dfa6dcc132dedabc298ac0da	423	ProSiteProfiles	PS50157	Zinc finger C2H2 type domain profile.	226	250	9.639517	T	22-04-2026	IPR013087	Zinc finger C2H2-type	-	-
GAV07535.1	013a36e9dfa6dcc132dedabc298ac0da	423	FunFam	G3DSA:3.30.160.60:FF:002212	Zinc finger protein 672	251	279	1.1E-11	T	22-04-2026	-	-	-	-
GAV07535.1	013a36e9dfa6dcc132dedabc298ac0da	423	SUPERFAMILY	SSF57667	beta-beta-alpha zinc fingers	263	320	2.44E-19	T	22-04-2026	IPR036236	Zinc finger C2H2 superfamily	-	-
GAV07535.1	013a36e9dfa6dcc132dedabc298ac0da	423	SUPERFAMILY	SSF57667	beta-beta-alpha zinc fingers	313	338	4.07E-5	T	22-04-2026	IPR036236	Zinc finger C2H2 superfamily	-	-
GAV07535.1	013a36e9dfa6dcc132dedabc298ac0da	423	Gene3D	G3DSA:3.30.160.60	Classic Zinc Finger	312	341	3.2E-15	T	22-04-2026	-	-	-	-
GAV07535.1	013a36e9dfa6dcc132dedabc298ac0da	423	ProSiteProfiles	PS50157	Zinc finger C2H2 type domain profile.	313	337	10.096746	T	22-04-2026	IPR013087	Zinc finger C2H2-type	-	-
GAV07535.1	013a36e9dfa6dcc132dedabc298ac0da	423	Pfam	PF00096	Zinc finger, C2H2 type	255	277	0.19	T	22-04-2026	IPR013087	Zinc finger C2H2-type	-	-
GAV07535.1	013a36e9dfa6dcc132dedabc298ac0da	423	Pfam	PF00096	Zinc finger, C2H2 type	313	337	2.0	T	22-04-2026	IPR013087	Zinc finger C2H2-type	-	-
GAV07535.1	013a36e9dfa6dcc132dedabc298ac0da	423	FunFam	G3DSA:3.30.160.60:FF:000104	Transcriptional repressor protein YY1	280	310	2.1E-20	T	22-04-2026	-	-	-	-
GAV07535.1	013a36e9dfa6dcc132dedabc298ac0da	423	ProSiteProfiles	PS50157	Zinc finger C2H2 type domain profile.	255	282	16.414808	T	22-04-2026	IPR013087	Zinc finger C2H2-type	-	-
GAV07535.1	013a36e9dfa6dcc132dedabc298ac0da	423	FunFam	G3DSA:3.30.160.60:FF:000125	Putative zinc finger protein 143	311	339	1.9E-11	T	22-04-2026	-	-	-	-
GAV07535.1	013a36e9dfa6dcc132dedabc298ac0da	423	MobiDBLite	mobidb-lite	consensus disorder prediction	141	155	-	T	22-04-2026	-	-	-	-
GAV07535.1	013a36e9dfa6dcc132dedabc298ac0da	423	Gene3D	G3DSA:3.30.160.60	Classic Zinc Finger	222	252	1.1E-7	T	22-04-2026	-	-	-	-
GAV07535.1	013a36e9dfa6dcc132dedabc298ac0da	423	MobiDBLite	mobidb-lite	consensus disorder prediction	71	96	-	T	22-04-2026	-	-	-	-
GAV07535.1	013a36e9dfa6dcc132dedabc298ac0da	423	Gene3D	G3DSA:3.30.160.60	Classic Zinc Finger	253	280	6.7E-13	T	22-04-2026	-	-	-	-
GAV07535.1	013a36e9dfa6dcc132dedabc298ac0da	423	ProSiteProfiles	PS50157	Zinc finger C2H2 type domain profile.	283	312	15.957581	T	22-04-2026	IPR013087	Zinc finger C2H2-type	-	-
GAV07535.1	013a36e9dfa6dcc132dedabc298ac0da	423	SUPERFAMILY	SSF57667	beta-beta-alpha zinc fingers	228	264	1.86E-6	T	22-04-2026	IPR036236	Zinc finger C2H2 superfamily	-	-
GAV05546.1	ccbec7b8c3e7af23c9fee44b8c232aef	249	SMART	SM00054	efh_1	158	186	6.9	T	22-04-2026	IPR002048	EF-hand domain	-	-
GAV05546.1	ccbec7b8c3e7af23c9fee44b8c232aef	249	SMART	SM00054	efh_1	122	150	0.0021	T	22-04-2026	IPR002048	EF-hand domain	-	-
GAV05546.1	ccbec7b8c3e7af23c9fee44b8c232aef	249	SMART	SM00054	efh_1	207	235	0.035	T	22-04-2026	IPR002048	EF-hand domain	-	-
GAV05546.1	ccbec7b8c3e7af23c9fee44b8c232aef	249	ProSiteProfiles	PS50222	EF-hand calcium-binding domain profile.	123	153	11.779655	T	22-04-2026	IPR002048	EF-hand domain	-	-
GAV05546.1	ccbec7b8c3e7af23c9fee44b8c232aef	249	CDD	cd00051	EFh	123	177	2.73923E-11	T	22-04-2026	IPR002048	EF-hand domain	-	-
GAV05546.1	ccbec7b8c3e7af23c9fee44b8c232aef	249	PRINTS	PR00450	Recoverin family signature	66	80	2.0E-22	T	22-04-2026	-	-	-	-
GAV05546.1	ccbec7b8c3e7af23c9fee44b8c232aef	249	PRINTS	PR00450	Recoverin family signature	150	169	2.0E-22	T	22-04-2026	-	-	-	-
GAV05546.1	ccbec7b8c3e7af23c9fee44b8c232aef	249	PRINTS	PR00450	Recoverin family signature	172	190	2.0E-22	T	22-04-2026	-	-	-	-
GAV05546.1	ccbec7b8c3e7af23c9fee44b8c232aef	249	PRINTS	PR00450	Recoverin family signature	126	147	2.0E-22	T	22-04-2026	-	-	-	-
GAV05546.1	ccbec7b8c3e7af23c9fee44b8c232aef	249	PRINTS	PR00450	Recoverin family signature	80	99	2.0E-22	T	22-04-2026	-	-	-	-
GAV05546.1	ccbec7b8c3e7af23c9fee44b8c232aef	249	PRINTS	PR00450	Recoverin family signature	223	243	2.0E-22	T	22-04-2026	-	-	-	-
GAV05546.1	ccbec7b8c3e7af23c9fee44b8c232aef	249	SUPERFAMILY	SSF47473	EF-hand	64	246	8.9E-42	T	22-04-2026	IPR011992	EF-hand domain pair	-	-
GAV05546.1	ccbec7b8c3e7af23c9fee44b8c232aef	249	ProSitePatterns	PS00018	EF-hand calcium-binding domain.	216	228	-	T	22-04-2026	IPR018247	EF-Hand 1, calcium-binding site	-	-
GAV05546.1	ccbec7b8c3e7af23c9fee44b8c232aef	249	ProSitePatterns	PS00018	EF-hand calcium-binding domain.	131	143	-	T	22-04-2026	IPR018247	EF-Hand 1, calcium-binding site	-	-
GAV05546.1	ccbec7b8c3e7af23c9fee44b8c232aef	249	PANTHER	PTHR23055	CALCIUM BINDING PROTEINS	71	235	9.4E-45	T	22-04-2026	IPR028846	Recoverin family	-	-
GAV05546.1	ccbec7b8c3e7af23c9fee44b8c232aef	249	CDD	cd00051	EFh	158	231	2.55697E-7	T	22-04-2026	IPR002048	EF-hand domain	-	-
GAV05546.1	ccbec7b8c3e7af23c9fee44b8c232aef	249	Pfam	PF13499	EF-hand domain pair	157	232	1.5E-8	T	22-04-2026	IPR002048	EF-hand domain	-	-
GAV05546.1	ccbec7b8c3e7af23c9fee44b8c232aef	249	Pfam	PF13202	EF hand	125	144	3.2	T	22-04-2026	IPR002048	EF-hand domain	-	-
GAV05546.1	ccbec7b8c3e7af23c9fee44b8c232aef	249	Gene3D	G3DSA:1.10.238.10	-	47	248	1.6E-57	T	22-04-2026	-	-	-	-
GAV05546.1	ccbec7b8c3e7af23c9fee44b8c232aef	249	ProSiteProfiles	PS50222	EF-hand calcium-binding domain profile.	203	238	11.528597	T	22-04-2026	IPR002048	EF-hand domain	-	-
GAV05546.1	ccbec7b8c3e7af23c9fee44b8c232aef	249	ProSiteProfiles	PS50222	EF-hand calcium-binding domain profile.	154	189	9.799083	T	22-04-2026	IPR002048	EF-hand domain	-	-
GAU89895.1	4c494a0e5bc0239d20829037294a9ad5	344	ProSiteProfiles	PS51257	Prokaryotic membrane lipoprotein lipid attachment site profile.	1	19	6.0	T	22-04-2026	-	-	-	-
GAU89895.1	4c494a0e5bc0239d20829037294a9ad5	344	PRINTS	PR00237	Rhodopsin-like GPCR superfamily signature	10	31	1.0E-21	T	22-04-2026	IPR000276	G protein-coupled receptor, rhodopsin-like	-	-
GAU89895.1	4c494a0e5bc0239d20829037294a9ad5	344	PRINTS	PR00237	Rhodopsin-like GPCR superfamily signature	239	263	1.0E-21	T	22-04-2026	IPR000276	G protein-coupled receptor, rhodopsin-like	-	-
GAU89895.1	4c494a0e5bc0239d20829037294a9ad5	344	PRINTS	PR00237	Rhodopsin-like GPCR superfamily signature	276	302	1.0E-21	T	22-04-2026	IPR000276	G protein-coupled receptor, rhodopsin-like	-	-
GAU89895.1	4c494a0e5bc0239d20829037294a9ad5	344	PRINTS	PR00237	Rhodopsin-like GPCR superfamily signature	57	79	1.0E-21	T	22-04-2026	IPR000276	G protein-coupled receptor, rhodopsin-like	-	-
GAU89895.1	4c494a0e5bc0239d20829037294a9ad5	344	PRINTS	PR00237	Rhodopsin-like GPCR superfamily signature	141	164	1.0E-21	T	22-04-2026	IPR000276	G protein-coupled receptor, rhodopsin-like	-	-
GAU89895.1	4c494a0e5bc0239d20829037294a9ad5	344	PRINTS	PR00237	Rhodopsin-like GPCR superfamily signature	93	114	1.0E-21	T	22-04-2026	IPR000276	G protein-coupled receptor, rhodopsin-like	-	-
GAU89895.1	4c494a0e5bc0239d20829037294a9ad5	344	ProSiteProfiles	PS50262	G-protein coupled receptors family 1 profile.	1	294	27.39275	T	22-04-2026	IPR017452	GPCR, rhodopsin-like, 7TM	-	-
GAU89895.1	4c494a0e5bc0239d20829037294a9ad5	344	Pfam	PF00001	7 transmembrane receptor (rhodopsin family)	3	294	3.1E-40	T	22-04-2026	IPR000276	G protein-coupled receptor, rhodopsin-like	-	-
GAU89895.1	4c494a0e5bc0239d20829037294a9ad5	344	SUPERFAMILY	SSF81321	Family A G protein-coupled receptor-like	2	319	3.66E-47	T	22-04-2026	-	-	-	-
GAU89895.1	4c494a0e5bc0239d20829037294a9ad5	344	PANTHER	PTHR24247	5-HYDROXYTRYPTAMINE RECEPTOR	2	315	1.7E-53	T	22-04-2026	-	-	-	-
GAU89895.1	4c494a0e5bc0239d20829037294a9ad5	344	Gene3D	G3DSA:1.20.1070.10	-	1	309	9.1E-57	T	22-04-2026	-	-	-	-
GAV06005.1	d7c5eafb8219a5f307e67d6943fed4c6	409	PRINTS	PR00047	C4-type steroid receptor zinc finger signature	56	72	4.2E-18	T	22-04-2026	IPR001628	Zinc finger, nuclear hormone receptor-type	-	-
GAV06005.1	d7c5eafb8219a5f307e67d6943fed4c6	409	PRINTS	PR00047	C4-type steroid receptor zinc finger signature	105	113	4.2E-18	T	22-04-2026	IPR001628	Zinc finger, nuclear hormone receptor-type	-	-
GAV06005.1	d7c5eafb8219a5f307e67d6943fed4c6	409	PRINTS	PR00047	C4-type steroid receptor zinc finger signature	72	87	4.2E-18	T	22-04-2026	IPR001628	Zinc finger, nuclear hormone receptor-type	-	-
GAV06005.1	d7c5eafb8219a5f307e67d6943fed4c6	409	PRINTS	PR00047	C4-type steroid receptor zinc finger signature	113	121	4.2E-18	T	22-04-2026	IPR001628	Zinc finger, nuclear hormone receptor-type	-	-
GAV06005.1	d7c5eafb8219a5f307e67d6943fed4c6	409	FunFam	G3DSA:3.30.50.10:FF:000016	Nuclear receptor subfamily 2 group F member 1	47	140	9.8E-51	T	22-04-2026	-	-	-	-
GAV06005.1	d7c5eafb8219a5f307e67d6943fed4c6	409	Pfam	PF00105	Zinc finger, C4 type (two domains)	55	123	9.8E-27	T	22-04-2026	IPR001628	Zinc finger, nuclear hormone receptor-type	-	-
GAV06005.1	d7c5eafb8219a5f307e67d6943fed4c6	409	SMART	SM00430	holi	195	359	2.4E-28	T	22-04-2026	IPR000536	Nuclear hormone receptor, ligand-binding domain	-	-
GAV06005.1	d7c5eafb8219a5f307e67d6943fed4c6	409	SMART	SM00399	c4gold	53	124	3.1E-38	T	22-04-2026	IPR001628	Zinc finger, nuclear hormone receptor-type	-	-
GAV06005.1	d7c5eafb8219a5f307e67d6943fed4c6	409	SUPERFAMILY	SSF57716	Glucocorticoid receptor-like (DNA-binding domain)	54	133	7.64E-30	T	22-04-2026	-	-	-	-
GAV06005.1	d7c5eafb8219a5f307e67d6943fed4c6	409	ProSitePatterns	PS00031	Nuclear hormones receptors DNA-binding region signature.	56	82	-	T	22-04-2026	IPR001628	Zinc finger, nuclear hormone receptor-type	-	-
GAV06005.1	d7c5eafb8219a5f307e67d6943fed4c6	409	SUPERFAMILY	SSF48508	Nuclear receptor ligand-binding domain	161	386	1.7E-47	T	22-04-2026	IPR035500	Nuclear hormone receptor-like domain superfamily	-	-
GAV06005.1	d7c5eafb8219a5f307e67d6943fed4c6	409	Gene3D	G3DSA:3.30.50.10	-	46	141	1.6E-33	T	22-04-2026	IPR013088	Zinc finger, NHR/GATA-type	-	-
GAV06005.1	d7c5eafb8219a5f307e67d6943fed4c6	409	MobiDBLite	mobidb-lite	consensus disorder prediction	1	46	-	T	22-04-2026	-	-	-	-
GAV06005.1	d7c5eafb8219a5f307e67d6943fed4c6	409	CDD	cd06958	NR_DBD_COUP_TF	56	128	9.6529E-53	T	22-04-2026	-	-	-	-
GAV06005.1	d7c5eafb8219a5f307e67d6943fed4c6	409	PRINTS	PR00398	Steroid hormone receptor signature	117	127	2.1E-22	T	22-04-2026	IPR001723	Nuclear hormone receptor	-	-
GAV06005.1	d7c5eafb8219a5f307e67d6943fed4c6	409	PRINTS	PR00398	Steroid hormone receptor signature	347	364	2.1E-22	T	22-04-2026	IPR001723	Nuclear hormone receptor	-	-
GAV06005.1	d7c5eafb8219a5f307e67d6943fed4c6	409	PRINTS	PR00398	Steroid hormone receptor signature	217	233	2.1E-22	T	22-04-2026	IPR001723	Nuclear hormone receptor	-	-
GAV06005.1	d7c5eafb8219a5f307e67d6943fed4c6	409	PRINTS	PR00398	Steroid hormone receptor signature	196	217	2.1E-22	T	22-04-2026	IPR001723	Nuclear hormone receptor	-	-
GAV06005.1	d7c5eafb8219a5f307e67d6943fed4c6	409	PRINTS	PR00398	Steroid hormone receptor signature	287	302	2.1E-22	T	22-04-2026	IPR001723	Nuclear hormone receptor	-	-
GAV06005.1	d7c5eafb8219a5f307e67d6943fed4c6	409	Gene3D	G3DSA:1.10.565.10	Retinoid X Receptor	154	391	8.3E-55	T	22-04-2026	IPR035500	Nuclear hormone receptor-like domain superfamily	-	-
GAV06005.1	d7c5eafb8219a5f307e67d6943fed4c6	409	PANTHER	PTHR24083	NUCLEAR HORMONE RECEPTOR	47	385	1.1E-79	T	22-04-2026	-	-	-	-
GAV06005.1	d7c5eafb8219a5f307e67d6943fed4c6	409	Pfam	PF00104	Ligand-binding domain of nuclear hormone receptor	193	371	1.5E-22	T	22-04-2026	IPR000536	Nuclear hormone receptor, ligand-binding domain	-	-
GAV06005.1	d7c5eafb8219a5f307e67d6943fed4c6	409	PRINTS	PR01282	COUP transcription factor (2F nuclear receptor) family signature	158	173	2.0E-11	T	22-04-2026	-	-	-	-
GAV06005.1	d7c5eafb8219a5f307e67d6943fed4c6	409	PRINTS	PR01282	COUP transcription factor (2F nuclear receptor) family signature	303	315	2.0E-11	T	22-04-2026	-	-	-	-
GAV06005.1	d7c5eafb8219a5f307e67d6943fed4c6	409	PRINTS	PR01282	COUP transcription factor (2F nuclear receptor) family signature	353	366	2.0E-11	T	22-04-2026	-	-	-	-
GAV06005.1	d7c5eafb8219a5f307e67d6943fed4c6	409	PRINTS	PR01282	COUP transcription factor (2F nuclear receptor) family signature	124	136	2.0E-11	T	22-04-2026	-	-	-	-
GAV06005.1	d7c5eafb8219a5f307e67d6943fed4c6	409	PRINTS	PR01282	COUP transcription factor (2F nuclear receptor) family signature	189	205	2.0E-11	T	22-04-2026	-	-	-	-
GAV06005.1	d7c5eafb8219a5f307e67d6943fed4c6	409	ProSiteProfiles	PS51843	Nuclear receptor (NR) ligand-binding (LBD) domain profile.	157	388	44.017159	T	22-04-2026	IPR000536	Nuclear hormone receptor, ligand-binding domain	-	-
GAV06005.1	d7c5eafb8219a5f307e67d6943fed4c6	409	ProSiteProfiles	PS51030	Nuclear hormone receptors DNA-binding domain profile.	53	128	20.252073	T	22-04-2026	IPR001628	Zinc finger, nuclear hormone receptor-type	-	-
GAU97113.1	10a1a0ff2e44d960cba6634981f29b16	385	MobiDBLite	mobidb-lite	consensus disorder prediction	333	358	-	T	22-04-2026	-	-	-	-
GAU97113.1	10a1a0ff2e44d960cba6634981f29b16	385	MobiDBLite	mobidb-lite	consensus disorder prediction	1	21	-	T	22-04-2026	-	-	-	-
GAU98160.1	013ce7fe2f7a675e58f56f9e253a02b2	309	CDD	cd00992	PDZ_signaling	98	177	3.02178E-16	T	22-04-2026	IPR001478	PDZ domain	-	-
GAU98160.1	013ce7fe2f7a675e58f56f9e253a02b2	309	CDD	cd00992	PDZ_signaling	231	298	2.63693E-11	T	22-04-2026	IPR001478	PDZ domain	-	-
GAU98160.1	013ce7fe2f7a675e58f56f9e253a02b2	309	Gene3D	G3DSA:1.20.1160.20	-	11	85	2.2E-8	T	22-04-2026	-	-	-	-
GAU98160.1	013ce7fe2f7a675e58f56f9e253a02b2	309	SMART	SM00228	pdz_new	232	301	7.3E-14	T	22-04-2026	IPR001478	PDZ domain	-	-
GAU98160.1	013ce7fe2f7a675e58f56f9e253a02b2	309	SMART	SM00228	pdz_new	108	180	5.1E-11	T	22-04-2026	IPR001478	PDZ domain	-	-
GAU98160.1	013ce7fe2f7a675e58f56f9e253a02b2	309	Gene3D	G3DSA:2.30.42.10	-	233	308	2.1E-13	T	22-04-2026	IPR036034	PDZ superfamily	-	-
GAU98160.1	013ce7fe2f7a675e58f56f9e253a02b2	309	ProSiteProfiles	PS50106	PDZ domain profile.	98	167	13.1493	T	22-04-2026	IPR001478	PDZ domain	-	-
GAU98160.1	013ce7fe2f7a675e58f56f9e253a02b2	309	SUPERFAMILY	SSF50156	PDZ domain-like	221	301	5.13E-16	T	22-04-2026	IPR036034	PDZ superfamily	-	-
GAU98160.1	013ce7fe2f7a675e58f56f9e253a02b2	309	PANTHER	PTHR23116	PDZ DOMAIN CONTAINING WHIRLIN AND HARMONIN-RELATED	14	290	1.9E-35	T	22-04-2026	-	-	-	-
GAU98160.1	013ce7fe2f7a675e58f56f9e253a02b2	309	SUPERFAMILY	SSF50156	PDZ domain-like	97	185	2.76E-16	T	22-04-2026	IPR036034	PDZ superfamily	-	-
GAU98160.1	013ce7fe2f7a675e58f56f9e253a02b2	309	ProSiteProfiles	PS50106	PDZ domain profile.	222	288	12.7473	T	22-04-2026	IPR001478	PDZ domain	-	-
GAU98160.1	013ce7fe2f7a675e58f56f9e253a02b2	309	Pfam	PF13180	PDZ domain	235	300	7.9E-5	T	22-04-2026	IPR001478	PDZ domain	-	-
GAU98160.1	013ce7fe2f7a675e58f56f9e253a02b2	309	Gene3D	G3DSA:2.30.42.10	-	86	201	6.7E-19	T	22-04-2026	IPR036034	PDZ superfamily	-	-
GAU98160.1	013ce7fe2f7a675e58f56f9e253a02b2	309	Pfam	PF00595	PDZ domain	100	164	3.9E-5	T	22-04-2026	IPR001478	PDZ domain	-	-
GAU89625.1	98da17646a7cf48d66d5e27301bc13e8	610	SUPERFAMILY	SSF50923	Hemopexin-like domain	371	562	3.36E-9	T	22-04-2026	IPR036375	Hemopexin-like domain superfamily	-	-
GAU89625.1	98da17646a7cf48d66d5e27301bc13e8	610	Pfam	PF01400	Astacin (Peptidase family M12A)	67	269	1.5E-21	T	22-04-2026	IPR001506	Peptidase M12A	-	-
GAU89625.1	98da17646a7cf48d66d5e27301bc13e8	610	ProSiteProfiles	PS51642	Hemopexin repeat profile.	378	423	9.009556	T	22-04-2026	IPR018487	Hemopexin-like repeats	-	-
GAU89625.1	98da17646a7cf48d66d5e27301bc13e8	610	ProSiteProfiles	PS51864	Astacin-like domain profile.	58	269	26.489384	T	22-04-2026	IPR001506	Peptidase M12A	-	-
GAU89625.1	98da17646a7cf48d66d5e27301bc13e8	610	Gene3D	G3DSA:2.110.10.10	-	363	473	1.7E-9	T	22-04-2026	IPR036375	Hemopexin-like domain superfamily	-	-
GAU89625.1	98da17646a7cf48d66d5e27301bc13e8	610	SMART	SM00235	col_5	64	222	3.1E-5	T	22-04-2026	IPR006026	Peptidase, metallopeptidase	-	-
GAU89625.1	98da17646a7cf48d66d5e27301bc13e8	610	SMART	SM00120	HX_rpt_3	381	425	3.2E-4	T	22-04-2026	IPR018487	Hemopexin-like repeats	-	-
GAU89625.1	98da17646a7cf48d66d5e27301bc13e8	610	SUPERFAMILY	SSF55486	Metalloproteases ("zincins"), catalytic domain	64	268	4.76E-20	T	22-04-2026	-	-	-	-
GAU89625.1	98da17646a7cf48d66d5e27301bc13e8	610	Gene3D	G3DSA:3.40.390.10	Collagenase (Catalytic Domain)	40	271	3.0E-39	T	22-04-2026	IPR024079	Metallopeptidase, catalytic domain superfamily	-	-
GAU89625.1	98da17646a7cf48d66d5e27301bc13e8	610	PANTHER	PTHR10127	DISCOIDIN, CUB, EGF, LAMININ , AND ZINC METALLOPROTEASE DOMAIN CONTAINING	65	377	2.9E-36	T	22-04-2026	-	-	-	-
GAV07971.1	bc82026052490b175b0d12a7fc851494	622	PANTHER	PTHR24264	TRYPSIN-RELATED	297	485	2.4E-81	T	22-04-2026	-	-	-	-
GAV07971.1	bc82026052490b175b0d12a7fc851494	622	FunFam	G3DSA:2.40.10.10:FF:000166	Trypsin	336	483	1.7E-25	T	22-04-2026	-	-	-	-
GAV07971.1	bc82026052490b175b0d12a7fc851494	622	CDD	cd00190	Tryp_SPc	344	617	1.88343E-96	T	22-04-2026	IPR001254	Serine proteases, trypsin domain	-	-
GAV07971.1	bc82026052490b175b0d12a7fc851494	622	SUPERFAMILY	SSF49854	Spermadhesin, CUB domain	196	316	2.49E-20	T	22-04-2026	IPR035914	Spermadhesin, CUB domain superfamily	-	-
GAV07971.1	bc82026052490b175b0d12a7fc851494	622	ProSiteProfiles	PS01180	CUB domain profile.	196	317	19.254059	T	22-04-2026	IPR000859	CUB domain	-	-
GAV07971.1	bc82026052490b175b0d12a7fc851494	622	SUPERFAMILY	SSF50494	Trypsin-like serine proteases	321	619	1.33E-83	T	22-04-2026	IPR009003	Peptidase S1, PA clan	-	-
GAV07971.1	bc82026052490b175b0d12a7fc851494	622	PRINTS	PR00722	Chymotrypsin serine protease family (S1) signature	433	447	1.9E-15	T	22-04-2026	IPR001314	Peptidase S1A, chymotrypsin family	-	-
GAV07971.1	bc82026052490b175b0d12a7fc851494	622	PRINTS	PR00722	Chymotrypsin serine protease family (S1) signature	372	387	1.9E-15	T	22-04-2026	IPR001314	Peptidase S1A, chymotrypsin family	-	-
GAV07971.1	bc82026052490b175b0d12a7fc851494	622	PRINTS	PR00722	Chymotrypsin serine protease family (S1) signature	563	575	1.9E-15	T	22-04-2026	IPR001314	Peptidase S1A, chymotrypsin family	-	-
GAV07971.1	bc82026052490b175b0d12a7fc851494	622	SMART	SM00042	CUB_2	196	317	8.7E-16	T	22-04-2026	IPR000859	CUB domain	-	-
GAV07971.1	bc82026052490b175b0d12a7fc851494	622	SMART	SM00042	CUB_2	46	176	0.082	T	22-04-2026	IPR000859	CUB domain	-	-
GAV07971.1	bc82026052490b175b0d12a7fc851494	622	ProSiteProfiles	PS01180	CUB domain profile.	46	182	10.326427	T	22-04-2026	IPR000859	CUB domain	-	-
GAV07971.1	bc82026052490b175b0d12a7fc851494	622	Pfam	PF00431	CUB domain	204	314	3.5E-9	T	22-04-2026	IPR000859	CUB domain	-	-
GAV07971.1	bc82026052490b175b0d12a7fc851494	622	ProSitePatterns	PS00135	Serine proteases, trypsin family, serine active site.	564	575	-	T	22-04-2026	IPR033116	Serine proteases, trypsin family, serine active site	-	-
GAV07971.1	bc82026052490b175b0d12a7fc851494	622	Gene3D	G3DSA:2.40.10.10	-	522	620	1.2E-33	T	22-04-2026	IPR043504	Peptidase S1, PA clan, chymotrypsin-like fold	-	-
GAV07971.1	bc82026052490b175b0d12a7fc851494	622	FunFam	G3DSA:2.40.10.10:FF:000002	Transmembrane protease serine	514	608	5.3E-29	T	22-04-2026	-	-	-	-
GAV07971.1	bc82026052490b175b0d12a7fc851494	622	SUPERFAMILY	SSF49854	Spermadhesin, CUB domain	45	160	1.83E-6	T	22-04-2026	IPR035914	Spermadhesin, CUB domain superfamily	-	-
GAV07971.1	bc82026052490b175b0d12a7fc851494	622	Gene3D	G3DSA:2.60.120.290	Spermadhesin, CUB domain	41	176	5.7E-8	T	22-04-2026	IPR035914	Spermadhesin, CUB domain superfamily	-	-
GAV07971.1	bc82026052490b175b0d12a7fc851494	622	Gene3D	G3DSA:2.40.10.10	-	344	388	1.5E-17	T	22-04-2026	IPR043504	Peptidase S1, PA clan, chymotrypsin-like fold	-	-
GAV07971.1	bc82026052490b175b0d12a7fc851494	622	CDD	cd00041	CUB	204	316	1.10497E-18	T	22-04-2026	IPR000859	CUB domain	-	-
GAV07971.1	bc82026052490b175b0d12a7fc851494	622	Pfam	PF00089	Trypsin	525	614	8.1E-25	T	22-04-2026	IPR001254	Serine proteases, trypsin domain	-	-
GAV07971.1	bc82026052490b175b0d12a7fc851494	622	Pfam	PF00089	Trypsin	344	486	7.1E-31	T	22-04-2026	IPR001254	Serine proteases, trypsin domain	-	-
GAV07971.1	bc82026052490b175b0d12a7fc851494	622	Gene3D	G3DSA:2.60.120.290	Spermadhesin, CUB domain	190	316	1.2E-21	T	22-04-2026	IPR035914	Spermadhesin, CUB domain superfamily	-	-
GAV07971.1	bc82026052490b175b0d12a7fc851494	622	ProSitePatterns	PS00134	Serine proteases, trypsin family, histidine active site.	382	387	-	T	22-04-2026	IPR018114	Serine proteases, trypsin family, histidine active site	-	-
GAV07971.1	bc82026052490b175b0d12a7fc851494	622	ProSiteProfiles	PS50240	Serine proteases, trypsin domain profile.	344	619	38.225433	T	22-04-2026	IPR001254	Serine proteases, trypsin domain	-	-
GAV07971.1	bc82026052490b175b0d12a7fc851494	622	SMART	SM00020	trypsin_2	343	614	3.6E-84	T	22-04-2026	IPR001254	Serine proteases, trypsin domain	-	-
GAV07971.1	bc82026052490b175b0d12a7fc851494	622	Gene3D	G3DSA:2.40.10.10	-	397	482	1.7E-20	T	22-04-2026	IPR043504	Peptidase S1, PA clan, chymotrypsin-like fold	-	-
GAV02254.1	c13b9cb4c9d862c7ab6a2b5e74e8e3b7	342	Gene3D	G3DSA:3.30.420.10	-	15	315	1.3E-14	T	22-04-2026	IPR036397	Ribonuclease H superfamily	-	-
GAU98506.1	d544cf86cc1889ec2752aa736a65b2e0	582	MobiDBLite	mobidb-lite	consensus disorder prediction	411	432	-	T	22-04-2026	-	-	-	-
GAU98506.1	d544cf86cc1889ec2752aa736a65b2e0	582	Gene3D	G3DSA:1.10.10.10	-	451	581	1.2E-36	T	22-04-2026	IPR036388	Winged helix-like DNA-binding domain superfamily	-	-
GAU98506.1	d544cf86cc1889ec2752aa736a65b2e0	582	SUPERFAMILY	SSF46785	"Winged helix" DNA-binding domain	478	577	3.13E-33	T	22-04-2026	IPR036390	Winged helix DNA-binding domain superfamily	-	-
GAU98506.1	d544cf86cc1889ec2752aa736a65b2e0	582	SMART	SM00413	etsneu2	487	575	4.6E-46	T	22-04-2026	IPR000418	Ets domain	-	-
GAU98506.1	d544cf86cc1889ec2752aa736a65b2e0	582	PRINTS	PR00454	ETS domain signature	515	533	2.2E-19	T	22-04-2026	IPR000418	Ets domain	-	-
GAU98506.1	d544cf86cc1889ec2752aa736a65b2e0	582	PRINTS	PR00454	ETS domain signature	553	571	2.2E-19	T	22-04-2026	IPR000418	Ets domain	-	-
GAU98506.1	d544cf86cc1889ec2752aa736a65b2e0	582	PRINTS	PR00454	ETS domain signature	488	501	2.2E-19	T	22-04-2026	IPR000418	Ets domain	-	-
GAU98506.1	d544cf86cc1889ec2752aa736a65b2e0	582	PRINTS	PR00454	ETS domain signature	534	552	2.2E-19	T	22-04-2026	IPR000418	Ets domain	-	-
GAU98506.1	d544cf86cc1889ec2752aa736a65b2e0	582	FunFam	G3DSA:1.10.10.10:FF:001336	Epithelium specific ets factor 3, ese3, putative	454	578	6.9E-44	T	22-04-2026	-	-	-	-
GAU98506.1	d544cf86cc1889ec2752aa736a65b2e0	582	MobiDBLite	mobidb-lite	consensus disorder prediction	457	481	-	T	22-04-2026	-	-	-	-
GAU98506.1	d544cf86cc1889ec2752aa736a65b2e0	582	Gene3D	G3DSA:1.10.150.50	-	231	303	9.0E-7	T	22-04-2026	IPR013761	Sterile alpha motif/pointed domain superfamily	-	-
GAU98506.1	d544cf86cc1889ec2752aa736a65b2e0	582	MobiDBLite	mobidb-lite	consensus disorder prediction	109	169	-	T	22-04-2026	-	-	-	-
GAU98506.1	d544cf86cc1889ec2752aa736a65b2e0	582	MobiDBLite	mobidb-lite	consensus disorder prediction	51	75	-	T	22-04-2026	-	-	-	-
GAU98506.1	d544cf86cc1889ec2752aa736a65b2e0	582	SUPERFAMILY	SSF47769	SAM/Pointed domain	231	299	9.81E-7	T	22-04-2026	IPR013761	Sterile alpha motif/pointed domain superfamily	-	-
GAU98506.1	d544cf86cc1889ec2752aa736a65b2e0	582	PANTHER	PTHR11849	ETS	372	575	8.8E-36	T	22-04-2026	IPR046328	ETS family	-	-
GAU98506.1	d544cf86cc1889ec2752aa736a65b2e0	582	ProSiteProfiles	PS50061	Ets-domain profile.	488	571	22.779318	T	22-04-2026	IPR000418	Ets domain	-	-
GAU98506.1	d544cf86cc1889ec2752aa736a65b2e0	582	MobiDBLite	mobidb-lite	consensus disorder prediction	51	74	-	T	22-04-2026	-	-	-	-
GAU98506.1	d544cf86cc1889ec2752aa736a65b2e0	582	Pfam	PF00178	Ets-domain	489	570	1.8E-27	T	22-04-2026	IPR000418	Ets domain	-	-
GAU98506.1	d544cf86cc1889ec2752aa736a65b2e0	582	MobiDBLite	mobidb-lite	consensus disorder prediction	93	169	-	T	22-04-2026	-	-	-	-
GAV01356.1	f41cd0987971514ed1f8a71c7fa049b1	580	MobiDBLite	mobidb-lite	consensus disorder prediction	517	566	-	T	22-04-2026	-	-	-	-
GAV01356.1	f41cd0987971514ed1f8a71c7fa049b1	580	SUPERFAMILY	SSF57424	LDL receptor-like module	329	368	4.84E-6	T	22-04-2026	IPR036055	LDL receptor-like superfamily	-	-
GAV01356.1	f41cd0987971514ed1f8a71c7fa049b1	580	CDD	cd00112	LDLa	334	368	5.47636E-6	T	22-04-2026	IPR002172	Low-density lipoprotein (LDL) receptor class A repeat	-	-
GAV01356.1	f41cd0987971514ed1f8a71c7fa049b1	580	SUPERFAMILY	SSF49854	Spermadhesin, CUB domain	200	321	6.02E-13	T	22-04-2026	IPR035914	Spermadhesin, CUB domain superfamily	-	-
GAV01356.1	f41cd0987971514ed1f8a71c7fa049b1	580	MobiDBLite	mobidb-lite	consensus disorder prediction	463	580	-	T	22-04-2026	-	-	-	-
GAV01356.1	f41cd0987971514ed1f8a71c7fa049b1	580	Gene3D	G3DSA:2.60.120.290	Spermadhesin, CUB domain	56	191	1.0E-29	T	22-04-2026	IPR035914	Spermadhesin, CUB domain superfamily	-	-
GAV01356.1	f41cd0987971514ed1f8a71c7fa049b1	580	ProSiteProfiles	PS01180	CUB domain profile.	203	322	16.2876	T	22-04-2026	IPR000859	CUB domain	-	-
GAV01356.1	f41cd0987971514ed1f8a71c7fa049b1	580	SMART	SM00192	LDLa_2	329	370	5.1E-6	T	22-04-2026	IPR002172	Low-density lipoprotein (LDL) receptor class A repeat	-	-
GAV01356.1	f41cd0987971514ed1f8a71c7fa049b1	580	SUPERFAMILY	SSF49854	Spermadhesin, CUB domain	73	186	6.02E-27	T	22-04-2026	IPR035914	Spermadhesin, CUB domain superfamily	-	-
GAV01356.1	f41cd0987971514ed1f8a71c7fa049b1	580	Gene3D	G3DSA:4.10.400.10	-	326	371	1.2E-6	T	22-04-2026	IPR036055	LDL receptor-like superfamily	-	-
GAV01356.1	f41cd0987971514ed1f8a71c7fa049b1	580	Gene3D	G3DSA:2.60.120.290	Spermadhesin, CUB domain	196	323	1.2E-12	T	22-04-2026	IPR035914	Spermadhesin, CUB domain superfamily	-	-
GAV01356.1	f41cd0987971514ed1f8a71c7fa049b1	580	PANTHER	PTHR24251	OVOCHYMASE-RELATED	67	489	2.8E-53	T	22-04-2026	-	-	-	-
GAV01356.1	f41cd0987971514ed1f8a71c7fa049b1	580	CDD	cd00041	CUB	59	187	1.21288E-29	T	22-04-2026	IPR000859	CUB domain	-	-
GAV01356.1	f41cd0987971514ed1f8a71c7fa049b1	580	MobiDBLite	mobidb-lite	consensus disorder prediction	481	497	-	T	22-04-2026	-	-	-	-
GAV01356.1	f41cd0987971514ed1f8a71c7fa049b1	580	ProSiteProfiles	PS01180	CUB domain profile.	59	189	24.720821	T	22-04-2026	IPR000859	CUB domain	-	-
GAV01356.1	f41cd0987971514ed1f8a71c7fa049b1	580	ProSiteProfiles	PS50068	LDL-receptor class A (LDLRA) domain profile.	329	369	9.25	T	22-04-2026	IPR002172	Low-density lipoprotein (LDL) receptor class A repeat	-	-
GAV01356.1	f41cd0987971514ed1f8a71c7fa049b1	580	CDD	cd00041	CUB	234	321	3.98259E-11	T	22-04-2026	IPR000859	CUB domain	-	-
GAV01356.1	f41cd0987971514ed1f8a71c7fa049b1	580	SMART	SM00042	CUB_2	59	189	1.5E-24	T	22-04-2026	IPR000859	CUB domain	-	-
GAV01356.1	f41cd0987971514ed1f8a71c7fa049b1	580	SMART	SM00042	CUB_2	203	322	2.8E-5	T	22-04-2026	IPR000859	CUB domain	-	-
GAV01356.1	f41cd0987971514ed1f8a71c7fa049b1	580	MobiDBLite	mobidb-lite	consensus disorder prediction	498	514	-	T	22-04-2026	-	-	-	-
GAV01356.1	f41cd0987971514ed1f8a71c7fa049b1	580	Pfam	PF00431	CUB domain	68	186	3.7E-16	T	22-04-2026	IPR000859	CUB domain	-	-
GAV01356.1	f41cd0987971514ed1f8a71c7fa049b1	580	Pfam	PF00431	CUB domain	234	309	1.8E-7	T	22-04-2026	IPR000859	CUB domain	-	-
GAU91493.1	6677b824b74a0b26c21f59d3b8cb68e3	611	SMART	SM00042	CUB_2	332	450	2.7E-20	T	22-04-2026	IPR000859	CUB domain	-	-
GAU91493.1	6677b824b74a0b26c21f59d3b8cb68e3	611	SMART	SM00042	CUB_2	212	328	5.9E-19	T	22-04-2026	IPR000859	CUB domain	-	-
GAU91493.1	6677b824b74a0b26c21f59d3b8cb68e3	611	SMART	SM00042	CUB_2	39	159	1.2E-13	T	22-04-2026	IPR000859	CUB domain	-	-
GAU91493.1	6677b824b74a0b26c21f59d3b8cb68e3	611	SMART	SM00042	CUB_2	455	573	5.8E-15	T	22-04-2026	IPR000859	CUB domain	-	-
GAU91493.1	6677b824b74a0b26c21f59d3b8cb68e3	611	SUPERFAMILY	SSF49854	Spermadhesin, CUB domain	340	450	1.7E-22	T	22-04-2026	IPR035914	Spermadhesin, CUB domain superfamily	-	-
GAU91493.1	6677b824b74a0b26c21f59d3b8cb68e3	611	CDD	cd00041	CUB	39	158	2.33317E-13	T	22-04-2026	IPR000859	CUB domain	-	-
GAU91493.1	6677b824b74a0b26c21f59d3b8cb68e3	611	Pfam	PF00431	CUB domain	341	446	4.0E-12	T	22-04-2026	IPR000859	CUB domain	-	-
GAU91493.1	6677b824b74a0b26c21f59d3b8cb68e3	611	Pfam	PF00431	CUB domain	465	569	8.5E-10	T	22-04-2026	IPR000859	CUB domain	-	-
GAU91493.1	6677b824b74a0b26c21f59d3b8cb68e3	611	Pfam	PF00431	CUB domain	221	324	2.3E-13	T	22-04-2026	IPR000859	CUB domain	-	-
GAU91493.1	6677b824b74a0b26c21f59d3b8cb68e3	611	Pfam	PF00431	CUB domain	48	155	1.1E-7	T	22-04-2026	IPR000859	CUB domain	-	-
GAU91493.1	6677b824b74a0b26c21f59d3b8cb68e3	611	CDD	cd00041	CUB	341	449	2.29459E-23	T	22-04-2026	IPR000859	CUB domain	-	-
GAU91493.1	6677b824b74a0b26c21f59d3b8cb68e3	611	Gene3D	G3DSA:2.60.120.290	Spermadhesin, CUB domain	211	331	1.9E-20	T	22-04-2026	IPR035914	Spermadhesin, CUB domain superfamily	-	-
GAU91493.1	6677b824b74a0b26c21f59d3b8cb68e3	611	Gene3D	G3DSA:2.60.120.290	Spermadhesin, CUB domain	457	578	5.5E-18	T	22-04-2026	IPR035914	Spermadhesin, CUB domain superfamily	-	-
GAU91493.1	6677b824b74a0b26c21f59d3b8cb68e3	611	Gene3D	G3DSA:2.60.120.290	Spermadhesin, CUB domain	332	454	1.5E-21	T	22-04-2026	IPR035914	Spermadhesin, CUB domain superfamily	-	-
GAU91493.1	6677b824b74a0b26c21f59d3b8cb68e3	611	SUPERFAMILY	SSF49854	Spermadhesin, CUB domain	225	323	1.15E-20	T	22-04-2026	IPR035914	Spermadhesin, CUB domain superfamily	-	-
GAU91493.1	6677b824b74a0b26c21f59d3b8cb68e3	611	ProSiteProfiles	PS01180	CUB domain profile.	212	328	17.290545	T	22-04-2026	IPR000859	CUB domain	-	-
GAU91493.1	6677b824b74a0b26c21f59d3b8cb68e3	611	ProSiteProfiles	PS01180	CUB domain profile.	330	450	15.51067	T	22-04-2026	IPR000859	CUB domain	-	-
GAU91493.1	6677b824b74a0b26c21f59d3b8cb68e3	611	SUPERFAMILY	SSF49854	Spermadhesin, CUB domain	466	572	4.58E-18	T	22-04-2026	IPR035914	Spermadhesin, CUB domain superfamily	-	-
GAU91493.1	6677b824b74a0b26c21f59d3b8cb68e3	611	PANTHER	PTHR24255	COMPLEMENT COMPONENT 1, S SUBCOMPONENT-RELATED	460	585	8.4E-73	T	22-04-2026	-	-	-	-
GAU91493.1	6677b824b74a0b26c21f59d3b8cb68e3	611	ProSiteProfiles	PS01180	CUB domain profile.	39	159	12.431202	T	22-04-2026	IPR000859	CUB domain	-	-
GAU91493.1	6677b824b74a0b26c21f59d3b8cb68e3	611	ProSiteProfiles	PS01180	CUB domain profile.	467	573	14.52185	T	22-04-2026	IPR000859	CUB domain	-	-
GAU91493.1	6677b824b74a0b26c21f59d3b8cb68e3	611	CDD	cd00041	CUB	457	572	1.22902E-17	T	22-04-2026	IPR000859	CUB domain	-	-
GAU91493.1	6677b824b74a0b26c21f59d3b8cb68e3	611	CDD	cd00041	CUB	225	327	9.18223E-17	T	22-04-2026	IPR000859	CUB domain	-	-
GAU91493.1	6677b824b74a0b26c21f59d3b8cb68e3	611	SUPERFAMILY	SSF49854	Spermadhesin, CUB domain	38	158	5.1E-16	T	22-04-2026	IPR035914	Spermadhesin, CUB domain superfamily	-	-
GAU91493.1	6677b824b74a0b26c21f59d3b8cb68e3	611	Gene3D	G3DSA:2.60.120.290	Spermadhesin, CUB domain	31	157	9.9E-16	T	22-04-2026	IPR035914	Spermadhesin, CUB domain superfamily	-	-
GAU89251.1	e048f7394fcd2023bca292c2844c2c24	1190	Gene3D	G3DSA:2.60.120.260	-	1062	1190	1.2E-8	T	22-04-2026	-	-	-	-
GAU89251.1	e048f7394fcd2023bca292c2844c2c24	1190	Gene3D	G3DSA:2.60.120.260	-	588	744	2.9E-26	T	22-04-2026	-	-	-	-
GAU89251.1	e048f7394fcd2023bca292c2844c2c24	1190	SUPERFAMILY	SSF49785	Galactose-binding domain-like	319	482	1.24E-17	T	22-04-2026	IPR008979	Galactose-binding-like domain superfamily	-	-
GAU89251.1	e048f7394fcd2023bca292c2844c2c24	1190	Pfam	PF00754	F5/8 type C domain	81	212	2.6E-8	T	22-04-2026	IPR000421	Coagulation factor 5/8 C-terminal domain	-	-
GAU89251.1	e048f7394fcd2023bca292c2844c2c24	1190	Pfam	PF00754	F5/8 type C domain	337	474	5.8E-9	T	22-04-2026	IPR000421	Coagulation factor 5/8 C-terminal domain	-	-
GAU89251.1	e048f7394fcd2023bca292c2844c2c24	1190	PANTHER	PTHR46806	F5/8 TYPE C DOMAIN-CONTAINING PROTEIN	305	503	3.0E-39	T	22-04-2026	-	-	-	-
GAU89251.1	e048f7394fcd2023bca292c2844c2c24	1190	Gene3D	G3DSA:2.60.120.260	-	916	1045	3.4E-5	T	22-04-2026	-	-	-	-
GAU89251.1	e048f7394fcd2023bca292c2844c2c24	1190	SUPERFAMILY	SSF49785	Galactose-binding domain-like	589	745	1.24E-20	T	22-04-2026	IPR008979	Galactose-binding-like domain superfamily	-	-
GAU89251.1	e048f7394fcd2023bca292c2844c2c24	1190	SUPERFAMILY	SSF49785	Galactose-binding domain-like	64	226	1.86E-24	T	22-04-2026	IPR008979	Galactose-binding-like domain superfamily	-	-
GAU89251.1	e048f7394fcd2023bca292c2844c2c24	1190	MobiDBLite	mobidb-lite	consensus disorder prediction	1	16	-	T	22-04-2026	-	-	-	-
GAU89251.1	e048f7394fcd2023bca292c2844c2c24	1190	MobiDBLite	mobidb-lite	consensus disorder prediction	1	21	-	T	22-04-2026	-	-	-	-
GAU89251.1	e048f7394fcd2023bca292c2844c2c24	1190	Gene3D	G3DSA:2.60.120.260	-	60	232	2.2E-28	T	22-04-2026	-	-	-	-
GAU89251.1	e048f7394fcd2023bca292c2844c2c24	1190	SMART	SM00607	ftp	589	748	1.1E-10	T	22-04-2026	IPR006585	Fucolectin tachylectin-4 pentraxin-1	-	-
GAU89251.1	e048f7394fcd2023bca292c2844c2c24	1190	ProSiteProfiles	PS50022	Coagulation factors 5/8 type C domain (FA58C) profile.	319	481	17.841095	T	22-04-2026	IPR000421	Coagulation factor 5/8 C-terminal domain	-	-
GAU89251.1	e048f7394fcd2023bca292c2844c2c24	1190	ProSiteProfiles	PS50022	Coagulation factors 5/8 type C domain (FA58C) profile.	64	225	20.872238	T	22-04-2026	IPR000421	Coagulation factor 5/8 C-terminal domain	-	-
GAU89251.1	e048f7394fcd2023bca292c2844c2c24	1190	ProSiteProfiles	PS50948	PAN/Apple domain profile.	225	319	7.741363	T	22-04-2026	IPR003609	PAN/Apple domain	-	-
GAU89251.1	e048f7394fcd2023bca292c2844c2c24	1190	ProSiteProfiles	PS50923	Sushi/CCP/SCR domain profile.	533	586	7.90906	T	22-04-2026	IPR000436	Sushi/SCR/CCP domain	-	-
GAU89251.1	e048f7394fcd2023bca292c2844c2c24	1190	Gene3D	G3DSA:3.50.4.10	Hepatocyte Growth Factor	236	317	7.5E-7	T	22-04-2026	-	-	-	-
GAU89251.1	e048f7394fcd2023bca292c2844c2c24	1190	SUPERFAMILY	SSF57414	Hairpin loop containing domain-like	236	315	5.89E-7	T	22-04-2026	-	-	-	-
GAU89251.1	e048f7394fcd2023bca292c2844c2c24	1190	Gene3D	G3DSA:2.60.120.260	-	751	900	1.2E-11	T	22-04-2026	-	-	-	-
GAU89251.1	e048f7394fcd2023bca292c2844c2c24	1190	Gene3D	G3DSA:2.60.120.260	-	318	488	5.2E-25	T	22-04-2026	-	-	-	-
GAU89251.1	e048f7394fcd2023bca292c2844c2c24	1190	SUPERFAMILY	SSF49785	Galactose-binding domain-like	1072	1189	2.63E-8	T	22-04-2026	IPR008979	Galactose-binding-like domain superfamily	-	-
GAU88729.1	f4e95c9cc2825c40958c54bd30670e28	599	Gene3D	G3DSA:3.40.50.300	-	321	591	3.0E-109	T	22-04-2026	IPR027417	P-loop containing nucleoside triphosphate hydrolase	-	-
GAU88729.1	f4e95c9cc2825c40958c54bd30670e28	599	Gene3D	G3DSA:1.10.8.60	-	493	576	3.0E-109	T	22-04-2026	-	-	-	-
GAU88729.1	f4e95c9cc2825c40958c54bd30670e28	599	MobiDBLite	mobidb-lite	consensus disorder prediction	197	301	-	T	22-04-2026	-	-	-	-
GAU88729.1	f4e95c9cc2825c40958c54bd30670e28	599	FunFam	G3DSA:1.10.8.60:FF:000022	Fidgetin like 1	493	576	6.7E-26	T	22-04-2026	-	-	-	-
GAU88729.1	f4e95c9cc2825c40958c54bd30670e28	599	PANTHER	PTHR23074	AAA DOMAIN-CONTAINING	127	596	3.1E-138	T	22-04-2026	-	-	-	-
GAU88729.1	f4e95c9cc2825c40958c54bd30670e28	599	MobiDBLite	mobidb-lite	consensus disorder prediction	240	267	-	T	22-04-2026	-	-	-	-
GAU88729.1	f4e95c9cc2825c40958c54bd30670e28	599	ProSitePatterns	PS00674	AAA-protein family signature.	464	483	-	T	22-04-2026	IPR003960	ATPase, AAA-type, conserved site	-	-
GAU88729.1	f4e95c9cc2825c40958c54bd30670e28	599	Coils	Coil	Coil	169	189	-	T	22-04-2026	-	-	-	-
GAU88729.1	f4e95c9cc2825c40958c54bd30670e28	599	Gene3D	G3DSA:1.20.58.80	-	94	192	3.1E-20	T	22-04-2026	-	-	-	-
GAU88729.1	f4e95c9cc2825c40958c54bd30670e28	599	MobiDBLite	mobidb-lite	consensus disorder prediction	79	100	-	T	22-04-2026	-	-	-	-
GAU88729.1	f4e95c9cc2825c40958c54bd30670e28	599	SUPERFAMILY	SSF52540	P-loop containing nucleoside triphosphate hydrolases	322	594	2.46E-57	T	22-04-2026	IPR027417	P-loop containing nucleoside triphosphate hydrolase	-	-
GAU88729.1	f4e95c9cc2825c40958c54bd30670e28	599	Pfam	PF17862	AAA+ lid domain	517	551	2.5E-7	T	22-04-2026	IPR041569	AAA ATPase, AAA+ lid domain	-	-
GAU88729.1	f4e95c9cc2825c40958c54bd30670e28	599	Pfam	PF00004	ATPase family associated with various cellular activities (AAA)	362	491	4.1E-33	T	22-04-2026	IPR003959	ATPase, AAA-type, core	-	-
GAU88729.1	f4e95c9cc2825c40958c54bd30670e28	599	Pfam	PF09336	Vps4 C terminal oligomerisation domain	561	596	0.12	T	22-04-2026	IPR015415	Spastin/Vps4, C-terminal	-	-
GAU88729.1	f4e95c9cc2825c40958c54bd30670e28	599	SMART	SM00382	AAA_5	358	494	5.3E-17	T	22-04-2026	IPR003593	AAA+ ATPase domain	-	-
GAU88729.1	f4e95c9cc2825c40958c54bd30670e28	599	MobiDBLite	mobidb-lite	consensus disorder prediction	197	224	-	T	22-04-2026	-	-	-	-
GAU88729.1	f4e95c9cc2825c40958c54bd30670e28	599	FunFam	G3DSA:3.40.50.300:FF:000093	Fidgetin-like 1	321	505	1.9E-87	T	22-04-2026	-	-	-	-
GAU91222.1	8deb79da1e27aa29de755fd2e8a9c677	698	SUPERFAMILY	SSF90112	Neurotransmitter-gated ion-channel transmembrane pore	284	688	3.01E-47	T	22-04-2026	IPR036719	Neurotransmitter-gated ion-channel transmembrane domain superfamily	-	-
GAU91222.1	8deb79da1e27aa29de755fd2e8a9c677	698	Gene3D	G3DSA:2.70.170.10	-	71	279	5.7E-63	T	22-04-2026	IPR036734	Neurotransmitter-gated ion-channel ligand-binding domain superfamily	-	-
GAU91222.1	8deb79da1e27aa29de755fd2e8a9c677	698	SUPERFAMILY	SSF63712	Nicotinic receptor ligand binding domain-like	71	281	3.4E-50	T	22-04-2026	IPR036734	Neurotransmitter-gated ion-channel ligand-binding domain superfamily	-	-
GAU91222.1	8deb79da1e27aa29de755fd2e8a9c677	698	PANTHER	PTHR18945	NEUROTRANSMITTER GATED ION CHANNEL	75	431	1.3E-70	T	22-04-2026	IPR006201	Neurotransmitter-gated ion-channel	-	-
GAU91222.1	8deb79da1e27aa29de755fd2e8a9c677	698	MobiDBLite	mobidb-lite	consensus disorder prediction	426	466	-	T	22-04-2026	-	-	-	-
GAU91222.1	8deb79da1e27aa29de755fd2e8a9c677	698	Pfam	PF02931	Neurotransmitter-gated ion-channel ligand binding domain	72	257	1.9E-40	T	22-04-2026	IPR006202	Neurotransmitter-gated ion-channel ligand-binding domain	-	-
GAU91222.1	8deb79da1e27aa29de755fd2e8a9c677	698	MobiDBLite	mobidb-lite	consensus disorder prediction	379	407	-	T	22-04-2026	-	-	-	-
GAU91222.1	8deb79da1e27aa29de755fd2e8a9c677	698	MobiDBLite	mobidb-lite	consensus disorder prediction	628	642	-	T	22-04-2026	-	-	-	-
GAU91222.1	8deb79da1e27aa29de755fd2e8a9c677	698	MobiDBLite	mobidb-lite	consensus disorder prediction	434	451	-	T	22-04-2026	-	-	-	-
GAU91222.1	8deb79da1e27aa29de755fd2e8a9c677	698	ProSitePatterns	PS00236	Neurotransmitter-gated ion-channels signature.	201	215	-	T	22-04-2026	IPR018000	Neurotransmitter-gated ion-channel, conserved site	-	-
GAU91222.1	8deb79da1e27aa29de755fd2e8a9c677	698	PRINTS	PR00252	Neurotransmitter-gated ion channel family signature	155	166	2.8E-12	T	22-04-2026	IPR006201	Neurotransmitter-gated ion-channel	-	-
GAU91222.1	8deb79da1e27aa29de755fd2e8a9c677	698	PRINTS	PR00252	Neurotransmitter-gated ion channel family signature	276	288	2.8E-12	T	22-04-2026	IPR006201	Neurotransmitter-gated ion-channel	-	-
GAU91222.1	8deb79da1e27aa29de755fd2e8a9c677	698	PRINTS	PR00252	Neurotransmitter-gated ion channel family signature	201	215	2.8E-12	T	22-04-2026	IPR006201	Neurotransmitter-gated ion-channel	-	-
GAU91222.1	8deb79da1e27aa29de755fd2e8a9c677	698	PRINTS	PR00252	Neurotransmitter-gated ion channel family signature	123	139	2.8E-12	T	22-04-2026	IPR006201	Neurotransmitter-gated ion-channel	-	-
GAU91222.1	8deb79da1e27aa29de755fd2e8a9c677	698	PRINTS	PR00253	Gamma-aminobutyric acid A (GABAA) receptor signature	311	332	1.3E-37	T	22-04-2026	IPR006028	Gamma-aminobutyric acid A receptor/Glycine receptor alpha	-	-
GAU91222.1	8deb79da1e27aa29de755fd2e8a9c677	698	PRINTS	PR00253	Gamma-aminobutyric acid A (GABAA) receptor signature	667	687	1.3E-37	T	22-04-2026	IPR006028	Gamma-aminobutyric acid A receptor/Glycine receptor alpha	-	-
GAU91222.1	8deb79da1e27aa29de755fd2e8a9c677	698	PRINTS	PR00253	Gamma-aminobutyric acid A (GABAA) receptor signature	285	305	1.3E-37	T	22-04-2026	IPR006028	Gamma-aminobutyric acid A receptor/Glycine receptor alpha	-	-
GAU91222.1	8deb79da1e27aa29de755fd2e8a9c677	698	PRINTS	PR00253	Gamma-aminobutyric acid A (GABAA) receptor signature	345	366	1.3E-37	T	22-04-2026	IPR006028	Gamma-aminobutyric acid A receptor/Glycine receptor alpha	-	-
GAU91222.1	8deb79da1e27aa29de755fd2e8a9c677	698	FunFam	G3DSA:2.70.170.10:FF:000045	Predicted protein	97	279	2.5E-49	T	22-04-2026	-	-	-	-
GAU91222.1	8deb79da1e27aa29de755fd2e8a9c677	698	Gene3D	G3DSA:1.20.58.390	-	610	693	5.8E-6	T	22-04-2026	IPR038050	Neuronal acetylcholine receptor	-	-
GAU91222.1	8deb79da1e27aa29de755fd2e8a9c677	698	Gene3D	G3DSA:1.20.58.390	-	280	399	1.2E-47	T	22-04-2026	IPR038050	Neuronal acetylcholine receptor	-	-
GAU91222.1	8deb79da1e27aa29de755fd2e8a9c677	698	MobiDBLite	mobidb-lite	consensus disorder prediction	624	644	-	T	22-04-2026	-	-	-	-
GAU91222.1	8deb79da1e27aa29de755fd2e8a9c677	698	Pfam	PF02932	Neurotransmitter-gated ion-channel transmembrane region	289	463	1.0E-28	T	22-04-2026	IPR006029	Neurotransmitter-gated ion-channel transmembrane domain	-	-
GAU91222.1	8deb79da1e27aa29de755fd2e8a9c677	698	NCBIfam	TIGR00860	cation transporter family protein	72	440	7.1E-117	T	22-04-2026	IPR006201	Neurotransmitter-gated ion-channel	-	-
GAU91222.1	8deb79da1e27aa29de755fd2e8a9c677	698	CDD	cd18993	LGIC_ECD_GluCl	100	281	5.42808E-110	T	22-04-2026	-	-	-	-
GAU91222.1	8deb79da1e27aa29de755fd2e8a9c677	698	MobiDBLite	mobidb-lite	consensus disorder prediction	379	398	-	T	22-04-2026	-	-	-	-
GAU91222.1	8deb79da1e27aa29de755fd2e8a9c677	698	CDD	cd19062	LGIC_TM_GluCl	284	374	6.154E-55	T	22-04-2026	IPR044721	Glutamate gated chloride channel, transmembrane domain	-	-
GAU94479.1	4e3d8b0e288568b4220d46858f2d7166	267	MobiDBLite	mobidb-lite	consensus disorder prediction	112	158	-	T	22-04-2026	-	-	-	-
GAU94479.1	4e3d8b0e288568b4220d46858f2d7166	267	Gene3D	G3DSA:2.170.140.10	Chitin binding domain	171	236	2.6E-8	T	22-04-2026	-	-	-	-
GAU94479.1	4e3d8b0e288568b4220d46858f2d7166	267	Pfam	PF01607	Chitin binding Peritrophin-A domain	181	225	0.0043	T	22-04-2026	IPR002557	Chitin binding domain	-	-
GAU94479.1	4e3d8b0e288568b4220d46858f2d7166	267	SUPERFAMILY	SSF57625	Invertebrate chitin-binding proteins	175	225	2.33E-7	T	22-04-2026	IPR036508	Chitin binding domain superfamily	-	-
GAU94479.1	4e3d8b0e288568b4220d46858f2d7166	267	ProSiteProfiles	PS50940	Chitin-binding type-2 domain profile.	175	234	8.712235	T	22-04-2026	IPR002557	Chitin binding domain	-	-
GAU88225.1	c9068be420430efea13bf3e5a3b7beaa	169	SUPERFAMILY	SSF53098	Ribonuclease H-like	28	145	3.42E-24	T	22-04-2026	IPR012337	Ribonuclease H-like superfamily	-	-
GAU88225.1	c9068be420430efea13bf3e5a3b7beaa	169	SMART	SM00479	exoiiiendus	31	163	0.0011	T	22-04-2026	IPR013520	Exonuclease, RNase T/DNA polymerase III	-	-
GAU88225.1	c9068be420430efea13bf3e5a3b7beaa	169	Pfam	PF00929	Exonuclease	33	148	7.6E-9	T	22-04-2026	IPR013520	Exonuclease, RNase T/DNA polymerase III	-	-
GAU88225.1	c9068be420430efea13bf3e5a3b7beaa	169	CDD	cd06135	Orn	32	162	2.03049E-61	T	22-04-2026	IPR022894	Oligoribonuclease	-	-
GAU88225.1	c9068be420430efea13bf3e5a3b7beaa	169	PANTHER	PTHR11046	OLIGORIBONUCLEASE, MITOCHONDRIAL	27	143	3.1E-15	T	22-04-2026	IPR022894	Oligoribonuclease	-	-
GAU88225.1	c9068be420430efea13bf3e5a3b7beaa	169	Gene3D	G3DSA:3.30.420.10	-	23	146	7.0E-41	T	22-04-2026	IPR036397	Ribonuclease H superfamily	-	-
GAV08081.1	0681feb1c23432722a16440852dc70dc	491	CDD	cd18787	SF2_C_DEAD	308	450	1.091E-49	T	22-04-2026	-	-	-	-
GAV08081.1	0681feb1c23432722a16440852dc70dc	491	MobiDBLite	mobidb-lite	consensus disorder prediction	17	53	-	T	22-04-2026	-	-	-	-
GAV08081.1	0681feb1c23432722a16440852dc70dc	491	SUPERFAMILY	SSF52540	P-loop containing nucleoside triphosphate hydrolases	163	460	3.07E-56	T	22-04-2026	IPR027417	P-loop containing nucleoside triphosphate hydrolase	-	-
GAV08081.1	0681feb1c23432722a16440852dc70dc	491	MobiDBLite	mobidb-lite	consensus disorder prediction	17	38	-	T	22-04-2026	-	-	-	-
GAV08081.1	0681feb1c23432722a16440852dc70dc	491	Gene3D	G3DSA:3.40.50.300	-	305	486	6.9E-50	T	22-04-2026	IPR027417	P-loop containing nucleoside triphosphate hydrolase	-	-
GAV08081.1	0681feb1c23432722a16440852dc70dc	491	SMART	SM00490	helicmild6	348	441	9.2E-28	T	22-04-2026	IPR001650	Helicase, C-terminal domain-like	-	-
GAV08081.1	0681feb1c23432722a16440852dc70dc	491	Coils	Coil	Coil	467	487	-	T	22-04-2026	-	-	-	-
GAV08081.1	0681feb1c23432722a16440852dc70dc	491	ProSiteProfiles	PS51194	Superfamilies 1 and 2 helicase C-terminal domain profile.	324	481	20.129131	T	22-04-2026	IPR001650	Helicase, C-terminal domain-like	-	-
GAV08081.1	0681feb1c23432722a16440852dc70dc	491	ProSiteProfiles	PS51195	DEAD-box RNA helicase Q motif profile.	92	121	9.625502	T	22-04-2026	IPR014014	RNA helicase, DEAD-box type, Q motif	-	-
GAV08081.1	0681feb1c23432722a16440852dc70dc	491	PANTHER	PTHR47958	ATP-DEPENDENT RNA HELICASE DBP3	91	467	1.5E-90	T	22-04-2026	-	-	-	-
GAV08081.1	0681feb1c23432722a16440852dc70dc	491	ProSiteProfiles	PS51192	Superfamilies 1 and 2 helicase ATP-binding type-1 domain profile.	125	296	22.530592	T	22-04-2026	IPR014001	Helicase superfamily 1/2, ATP-binding domain	-	-
GAV08081.1	0681feb1c23432722a16440852dc70dc	491	SMART	SM00487	ultradead3	112	311	9.8E-37	T	22-04-2026	IPR014001	Helicase superfamily 1/2, ATP-binding domain	-	-
GAV08081.1	0681feb1c23432722a16440852dc70dc	491	Pfam	PF00270	DEAD/DEAH box helicase	117	283	5.5E-29	T	22-04-2026	IPR011545	DEAD/DEAH box helicase domain	-	-
GAV08081.1	0681feb1c23432722a16440852dc70dc	491	Gene3D	G3DSA:3.40.50.300	-	74	303	2.6E-55	T	22-04-2026	IPR027417	P-loop containing nucleoside triphosphate hydrolase	-	-
GAV08081.1	0681feb1c23432722a16440852dc70dc	491	Pfam	PF00271	Helicase conserved C-terminal domain	321	441	8.4E-23	T	22-04-2026	IPR001650	Helicase, C-terminal domain-like	-	-
GAV08673.1	71536a2f3f12cf1e0576eda48799e929	315	Pfam	PF10149	Transmembrane protein 231	3	301	6.0E-56	T	22-04-2026	IPR019306	Transmembrane protein 231	-	-
GAV08673.1	71536a2f3f12cf1e0576eda48799e929	315	PANTHER	PTHR14605	CHST5 PROTEIN	3	306	1.1E-54	T	22-04-2026	IPR019306	Transmembrane protein 231	-	-
GAV09508.1	40bde967d31858207ec412182ddedfd2	388	Gene3D	G3DSA:2.40.10.10	-	174	378	1.5E-28	T	22-04-2026	IPR043504	Peptidase S1, PA clan, chymotrypsin-like fold	-	-
GAV09508.1	40bde967d31858207ec412182ddedfd2	388	ProSiteProfiles	PS50240	Serine proteases, trypsin domain profile.	178	388	15.178221	T	22-04-2026	IPR001254	Serine proteases, trypsin domain	-	-
GAV09508.1	40bde967d31858207ec412182ddedfd2	388	Pfam	PF00089	Trypsin	190	368	1.0E-13	T	22-04-2026	IPR001254	Serine proteases, trypsin domain	-	-
GAV09508.1	40bde967d31858207ec412182ddedfd2	388	PANTHER	PTHR24276	POLYSERASE-RELATED	116	369	2.1E-22	T	22-04-2026	-	-	-	-
GAV09508.1	40bde967d31858207ec412182ddedfd2	388	SMART	SM00020	trypsin_2	177	382	1.9E-8	T	22-04-2026	IPR001254	Serine proteases, trypsin domain	-	-
GAV09508.1	40bde967d31858207ec412182ddedfd2	388	SUPERFAMILY	SSF50494	Trypsin-like serine proteases	173	369	4.05E-30	T	22-04-2026	IPR009003	Peptidase S1, PA clan	-	-
GAV01798.1	4ce9657c758c226ea37ad589bcb50a53	149	MobiDBLite	mobidb-lite	consensus disorder prediction	92	149	-	T	22-04-2026	-	-	-	-
GAV01798.1	4ce9657c758c226ea37ad589bcb50a53	149	MobiDBLite	mobidb-lite	consensus disorder prediction	58	149	-	T	22-04-2026	-	-	-	-
GAU98487.1	955ce0a7edfed580aefdf137a1d0d51a	667	ProSiteProfiles	PS51686	SAM-dependent MTase RsmB/NOP-type domain profile.	277	564	73.568756	T	22-04-2026	IPR001678	SAM-dependent methyltransferase RsmB-F/NOP2-type domain	-	-
GAU98487.1	955ce0a7edfed580aefdf137a1d0d51a	667	MobiDBLite	mobidb-lite	consensus disorder prediction	606	623	-	T	22-04-2026	-	-	-	-
GAU98487.1	955ce0a7edfed580aefdf137a1d0d51a	667	PRINTS	PR02008	RNA (C5-cytosine) methyltransferase signature	486	502	8.1E-29	T	22-04-2026	IPR023267	RNA (C5-cytosine) methyltransferase	-	-
GAU98487.1	955ce0a7edfed580aefdf137a1d0d51a	667	PRINTS	PR02008	RNA (C5-cytosine) methyltransferase signature	546	563	8.1E-29	T	22-04-2026	IPR023267	RNA (C5-cytosine) methyltransferase	-	-
GAU98487.1	955ce0a7edfed580aefdf137a1d0d51a	667	PRINTS	PR02008	RNA (C5-cytosine) methyltransferase signature	366	376	8.1E-29	T	22-04-2026	IPR023267	RNA (C5-cytosine) methyltransferase	-	-
GAU98487.1	955ce0a7edfed580aefdf137a1d0d51a	667	PRINTS	PR02008	RNA (C5-cytosine) methyltransferase signature	337	351	8.1E-29	T	22-04-2026	IPR023267	RNA (C5-cytosine) methyltransferase	-	-
GAU98487.1	955ce0a7edfed580aefdf137a1d0d51a	667	PRINTS	PR02008	RNA (C5-cytosine) methyltransferase signature	432	444	8.1E-29	T	22-04-2026	IPR023267	RNA (C5-cytosine) methyltransferase	-	-
GAU98487.1	955ce0a7edfed580aefdf137a1d0d51a	667	MobiDBLite	mobidb-lite	consensus disorder prediction	1	177	-	T	22-04-2026	-	-	-	-
GAU98487.1	955ce0a7edfed580aefdf137a1d0d51a	667	ProSitePatterns	PS01153	NOL1/NOP2/sun family signature.	431	442	-	T	22-04-2026	IPR018314	Bacterial Fmu (Sun)/eukaryotic nucleolar NOL1/Nop2p, conserved site	-	-
GAU98487.1	955ce0a7edfed580aefdf137a1d0d51a	667	SUPERFAMILY	SSF53335	S-adenosyl-L-methionine-dependent methyltransferases	249	564	2.58E-69	T	22-04-2026	IPR029063	S-adenosyl-L-methionine-dependent methyltransferase superfamily	-	-
GAU98487.1	955ce0a7edfed580aefdf137a1d0d51a	667	Pfam	PF01189	16S rRNA methyltransferase RsmB/F	354	562	3.4E-70	T	22-04-2026	IPR049560	SAM-dependent methyltransferase RsmB-F/NOP2-type, catalytic core	-	-
GAU98487.1	955ce0a7edfed580aefdf137a1d0d51a	667	Gene3D	G3DSA:3.30.70.1170	Sun protein; domain 3	244	350	2.7E-27	T	22-04-2026	-	-	-	-
GAU98487.1	955ce0a7edfed580aefdf137a1d0d51a	667	Gene3D	G3DSA:3.40.50.150	Vaccinia Virus protein VP39	353	660	4.9E-75	T	22-04-2026	IPR029063	S-adenosyl-L-methionine-dependent methyltransferase superfamily	-	-
GAU98487.1	955ce0a7edfed580aefdf137a1d0d51a	667	MobiDBLite	mobidb-lite	consensus disorder prediction	58	83	-	T	22-04-2026	-	-	-	-
GAU98487.1	955ce0a7edfed580aefdf137a1d0d51a	667	NCBIfam	TIGR00446	NOL1/NOP2/sun family putative RNA methylase	289	563	1.1E-96	T	22-04-2026	IPR011023	Nop2p	-	-
GAU98487.1	955ce0a7edfed580aefdf137a1d0d51a	667	MobiDBLite	mobidb-lite	consensus disorder prediction	150	168	-	T	22-04-2026	-	-	-	-
GAU98487.1	955ce0a7edfed580aefdf137a1d0d51a	667	FunFam	G3DSA:3.30.70.1170:FF:000001	Ribosomal RNA methyltransferase Nop2	244	350	2.3E-53	T	22-04-2026	-	-	-	-
GAU98487.1	955ce0a7edfed580aefdf137a1d0d51a	667	PRINTS	PR02012	RNA (C5-cytosine) methyltransferase NOP2 subfamily signature	296	309	8.9E-20	T	22-04-2026	IPR023273	RNA (C5-cytosine) methyltransferase, NOP2	-	-
GAU98487.1	955ce0a7edfed580aefdf137a1d0d51a	667	PRINTS	PR02012	RNA (C5-cytosine) methyltransferase NOP2 subfamily signature	273	285	8.9E-20	T	22-04-2026	IPR023273	RNA (C5-cytosine) methyltransferase, NOP2	-	-
GAU98487.1	955ce0a7edfed580aefdf137a1d0d51a	667	PRINTS	PR02012	RNA (C5-cytosine) methyltransferase NOP2 subfamily signature	240	260	8.9E-20	T	22-04-2026	IPR023273	RNA (C5-cytosine) methyltransferase, NOP2	-	-
GAU98487.1	955ce0a7edfed580aefdf137a1d0d51a	667	MobiDBLite	mobidb-lite	consensus disorder prediction	108	124	-	T	22-04-2026	-	-	-	-
GAU98487.1	955ce0a7edfed580aefdf137a1d0d51a	667	PANTHER	PTHR22807	NOP2 YEAST -RELATED NOL1/NOP2/FMU SUN  DOMAIN-CONTAINING	97	567	1.2E-125	T	22-04-2026	IPR023267	RNA (C5-cytosine) methyltransferase	-	-
GAU98487.1	955ce0a7edfed580aefdf137a1d0d51a	667	MobiDBLite	mobidb-lite	consensus disorder prediction	93	107	-	T	22-04-2026	-	-	-	-
GAU98487.1	955ce0a7edfed580aefdf137a1d0d51a	667	MobiDBLite	mobidb-lite	consensus disorder prediction	568	667	-	T	22-04-2026	-	-	-	-
GAU98487.1	955ce0a7edfed580aefdf137a1d0d51a	667	Pfam	PF17125	N-terminal domain of 16S rRNA methyltransferase RsmF	264	350	0.0055	T	22-04-2026	IPR031341	Ribosomal RNA small subunit methyltransferase F, N-terminal	-	-
GAU98487.1	955ce0a7edfed580aefdf137a1d0d51a	667	MobiDBLite	mobidb-lite	consensus disorder prediction	19	49	-	T	22-04-2026	-	-	-	-
GAV09527.1	ff149d23c330b29cbaf4f65e53aa5353	555	PANTHER	PTHR23506	-	33	436	2.4E-35	T	22-04-2026	-	-	-	-
GAV09527.1	ff149d23c330b29cbaf4f65e53aa5353	555	Gene3D	G3DSA:1.20.1250.20	MFS general substrate transporter like domains	239	441	2.7E-6	T	22-04-2026	IPR036259	MFS transporter superfamily	-	-
GAV09527.1	ff149d23c330b29cbaf4f65e53aa5353	555	Pfam	PF07690	Major Facilitator Superfamily	48	361	1.2E-17	T	22-04-2026	IPR011701	Major facilitator superfamily	-	-
GAV09527.1	ff149d23c330b29cbaf4f65e53aa5353	555	SUPERFAMILY	SSF103473	MFS general substrate transporter	26	441	2.35E-32	T	22-04-2026	IPR036259	MFS transporter superfamily	-	-
GAV09527.1	ff149d23c330b29cbaf4f65e53aa5353	555	Gene3D	G3DSA:1.20.1250.20	MFS general substrate transporter like domains	32	227	1.3E-16	T	22-04-2026	IPR036259	MFS transporter superfamily	-	-
GAV06438.1	b4f0362b0a5882d4e0ec80bf10dfdf2c	1151	MobiDBLite	mobidb-lite	consensus disorder prediction	84	139	-	T	22-04-2026	-	-	-	-
GAV06438.1	b4f0362b0a5882d4e0ec80bf10dfdf2c	1151	ProSiteProfiles	PS50106	PDZ domain profile.	379	437	15.6417	T	22-04-2026	IPR001478	PDZ domain	-	-
GAV06438.1	b4f0362b0a5882d4e0ec80bf10dfdf2c	1151	MobiDBLite	mobidb-lite	consensus disorder prediction	874	1003	-	T	22-04-2026	-	-	-	-
GAV06438.1	b4f0362b0a5882d4e0ec80bf10dfdf2c	1151	SUPERFAMILY	SSF50156	PDZ domain-like	1055	1131	7.62E-16	T	22-04-2026	IPR036034	PDZ superfamily	-	-
GAV06438.1	b4f0362b0a5882d4e0ec80bf10dfdf2c	1151	MobiDBLite	mobidb-lite	consensus disorder prediction	1	36	-	T	22-04-2026	-	-	-	-
GAV06438.1	b4f0362b0a5882d4e0ec80bf10dfdf2c	1151	MobiDBLite	mobidb-lite	consensus disorder prediction	57	146	-	T	22-04-2026	-	-	-	-
GAV06438.1	b4f0362b0a5882d4e0ec80bf10dfdf2c	1151	FunFam	G3DSA:2.30.42.10:FF:000087	Whirlin a	354	469	3.3E-30	T	22-04-2026	-	-	-	-
GAV06438.1	b4f0362b0a5882d4e0ec80bf10dfdf2c	1151	MobiDBLite	mobidb-lite	consensus disorder prediction	300	321	-	T	22-04-2026	-	-	-	-
GAV06438.1	b4f0362b0a5882d4e0ec80bf10dfdf2c	1151	Gene3D	G3DSA:2.30.42.10	-	353	470	1.2E-23	T	22-04-2026	IPR036034	PDZ superfamily	-	-
GAV06438.1	b4f0362b0a5882d4e0ec80bf10dfdf2c	1151	MobiDBLite	mobidb-lite	consensus disorder prediction	249	271	-	T	22-04-2026	-	-	-	-
GAV06438.1	b4f0362b0a5882d4e0ec80bf10dfdf2c	1151	MobiDBLite	mobidb-lite	consensus disorder prediction	249	321	-	T	22-04-2026	-	-	-	-
GAV06438.1	b4f0362b0a5882d4e0ec80bf10dfdf2c	1151	Gene3D	G3DSA:1.20.1160.20	-	571	645	1.2E-10	T	22-04-2026	-	-	-	-
GAV06438.1	b4f0362b0a5882d4e0ec80bf10dfdf2c	1151	Pfam	PF00595	PDZ domain	1065	1129	4.2E-7	T	22-04-2026	IPR001478	PDZ domain	-	-
GAV06438.1	b4f0362b0a5882d4e0ec80bf10dfdf2c	1151	Pfam	PF00595	PDZ domain	167	236	8.3E-7	T	22-04-2026	IPR001478	PDZ domain	-	-
GAV06438.1	b4f0362b0a5882d4e0ec80bf10dfdf2c	1151	Pfam	PF00595	PDZ domain	379	444	2.2E-8	T	22-04-2026	IPR001478	PDZ domain	-	-
GAV06438.1	b4f0362b0a5882d4e0ec80bf10dfdf2c	1151	ProSiteProfiles	PS50106	PDZ domain profile.	157	228	13.491	T	22-04-2026	IPR001478	PDZ domain	-	-
GAV06438.1	b4f0362b0a5882d4e0ec80bf10dfdf2c	1151	MobiDBLite	mobidb-lite	consensus disorder prediction	922	941	-	T	22-04-2026	-	-	-	-
GAV06438.1	b4f0362b0a5882d4e0ec80bf10dfdf2c	1151	CDD	cd00992	PDZ_signaling	155	236	2.57667E-17	T	22-04-2026	IPR001478	PDZ domain	-	-
GAV06438.1	b4f0362b0a5882d4e0ec80bf10dfdf2c	1151	SUPERFAMILY	SSF50156	PDZ domain-like	367	455	2.37E-21	T	22-04-2026	IPR036034	PDZ superfamily	-	-
GAV06438.1	b4f0362b0a5882d4e0ec80bf10dfdf2c	1151	ProSiteProfiles	PS50106	PDZ domain profile.	1056	1129	13.691999	T	22-04-2026	IPR001478	PDZ domain	-	-
GAV06438.1	b4f0362b0a5882d4e0ec80bf10dfdf2c	1151	PANTHER	PTHR23116	PDZ DOMAIN CONTAINING WHIRLIN AND HARMONIN-RELATED	114	1146	4.1E-109	T	22-04-2026	-	-	-	-
GAV06438.1	b4f0362b0a5882d4e0ec80bf10dfdf2c	1151	MobiDBLite	mobidb-lite	consensus disorder prediction	942	959	-	T	22-04-2026	-	-	-	-
GAV06438.1	b4f0362b0a5882d4e0ec80bf10dfdf2c	1151	SMART	SM00228	pdz_new	1067	1147	1.7E-5	T	22-04-2026	IPR001478	PDZ domain	-	-
GAV06438.1	b4f0362b0a5882d4e0ec80bf10dfdf2c	1151	SMART	SM00228	pdz_new	167	239	2.9E-13	T	22-04-2026	IPR001478	PDZ domain	-	-
GAV06438.1	b4f0362b0a5882d4e0ec80bf10dfdf2c	1151	SMART	SM00228	pdz_new	377	449	8.7E-15	T	22-04-2026	IPR001478	PDZ domain	-	-
GAV06438.1	b4f0362b0a5882d4e0ec80bf10dfdf2c	1151	CDD	cd00992	PDZ_signaling	366	446	2.43839E-20	T	22-04-2026	IPR001478	PDZ domain	-	-
GAV06438.1	b4f0362b0a5882d4e0ec80bf10dfdf2c	1151	Gene3D	G3DSA:2.30.42.10	-	159	250	4.3E-16	T	22-04-2026	IPR036034	PDZ superfamily	-	-
GAV06438.1	b4f0362b0a5882d4e0ec80bf10dfdf2c	1151	MobiDBLite	mobidb-lite	consensus disorder prediction	973	988	-	T	22-04-2026	-	-	-	-
GAV06438.1	b4f0362b0a5882d4e0ec80bf10dfdf2c	1151	CDD	cd00992	PDZ_signaling	1057	1144	2.40935E-12	T	22-04-2026	IPR001478	PDZ domain	-	-
GAV06438.1	b4f0362b0a5882d4e0ec80bf10dfdf2c	1151	Gene3D	G3DSA:2.30.42.10	-	1054	1151	9.2E-19	T	22-04-2026	IPR036034	PDZ superfamily	-	-
GAV06438.1	b4f0362b0a5882d4e0ec80bf10dfdf2c	1151	SUPERFAMILY	SSF50156	PDZ domain-like	151	237	3.02E-16	T	22-04-2026	IPR036034	PDZ superfamily	-	-
GAV05760.1	d513348ad1647d12dcb283f42cf73bb9	284	SUPERFAMILY	SSF57501	Cystine-knot cytokines	75	196	3.76E-16	T	22-04-2026	IPR029034	Cystine-knot cytokine	-	-
GAV05760.1	d513348ad1647d12dcb283f42cf73bb9	284	Gene3D	G3DSA:2.10.90.10	-	91	203	2.8E-24	T	22-04-2026	IPR029034	Cystine-knot cytokine	-	-
GAV05760.1	d513348ad1647d12dcb283f42cf73bb9	284	PANTHER	PTHR23199	UNCHARACTERIZED	34	197	4.3E-24	T	22-04-2026	-	-	-	-
GAV05760.1	d513348ad1647d12dcb283f42cf73bb9	284	MobiDBLite	mobidb-lite	consensus disorder prediction	246	278	-	T	22-04-2026	-	-	-	-
GAV05760.1	d513348ad1647d12dcb283f42cf73bb9	284	Pfam	PF16077	Spaetzle	96	194	7.2E-16	T	22-04-2026	IPR032104	Spaetzle	-	-
GAU90956.1	5d4300e2aa410272129cf28bcc78a41d	358	MobiDBLite	mobidb-lite	consensus disorder prediction	288	320	-	T	22-04-2026	-	-	-	-
GAU90956.1	5d4300e2aa410272129cf28bcc78a41d	358	MobiDBLite	mobidb-lite	consensus disorder prediction	62	106	-	T	22-04-2026	-	-	-	-
GAU90956.1	5d4300e2aa410272129cf28bcc78a41d	358	ProSiteProfiles	PS50071	'Homeobox' domain profile.	108	168	20.811384	T	22-04-2026	IPR001356	Homeobox domain	-	-
GAU90956.1	5d4300e2aa410272129cf28bcc78a41d	358	Pfam	PF00046	Homeodomain	111	167	1.8E-20	T	22-04-2026	IPR001356	Homeobox domain	-	-
GAU90956.1	5d4300e2aa410272129cf28bcc78a41d	358	MobiDBLite	mobidb-lite	consensus disorder prediction	33	49	-	T	22-04-2026	-	-	-	-
GAU90956.1	5d4300e2aa410272129cf28bcc78a41d	358	Pfam	PF03826	OAR motif	335	353	7.4E-4	T	22-04-2026	IPR003654	OAR domain	-	-
GAU90956.1	5d4300e2aa410272129cf28bcc78a41d	358	ProSiteProfiles	PS50803	OAR domain profile.	339	352	10.642478	T	22-04-2026	IPR003654	OAR domain	-	-
GAU90956.1	5d4300e2aa410272129cf28bcc78a41d	358	PANTHER	PTHR46770	HOMEOBOX PROTEIN ORTHOPEDIA	53	357	3.5E-74	T	22-04-2026	-	-	-	-
GAU90956.1	5d4300e2aa410272129cf28bcc78a41d	358	MobiDBLite	mobidb-lite	consensus disorder prediction	22	114	-	T	22-04-2026	-	-	-	-
GAU90956.1	5d4300e2aa410272129cf28bcc78a41d	358	CDD	cd00086	homeodomain	111	162	5.72205E-19	T	22-04-2026	IPR001356	Homeobox domain	-	-
GAU90956.1	5d4300e2aa410272129cf28bcc78a41d	358	Gene3D	G3DSA:1.10.10.60	-	104	180	7.6E-29	T	22-04-2026	-	-	-	-
GAU90956.1	5d4300e2aa410272129cf28bcc78a41d	358	ProSitePatterns	PS00027	'Homeobox' domain signature.	143	166	-	T	22-04-2026	IPR017970	Homeobox, conserved site	-	-
GAU90956.1	5d4300e2aa410272129cf28bcc78a41d	358	SMART	SM00389	HOX_1	110	172	4.4E-26	T	22-04-2026	IPR001356	Homeobox domain	-	-
GAU90956.1	5d4300e2aa410272129cf28bcc78a41d	358	SUPERFAMILY	SSF46689	Homeodomain-like	97	170	1.58E-26	T	22-04-2026	IPR009057	Homeobox-like domain superfamily	-	-
GAU90956.1	5d4300e2aa410272129cf28bcc78a41d	358	FunFam	G3DSA:1.10.10.60:FF:000057	Short stature homeobox 2	108	173	1.2E-30	T	22-04-2026	-	-	-	-
GAU96012.1	a060715b827ccc79440764c2dbd5b9ab	248	PANTHER	PTHR33562	ATILLA, ISOFORM B-RELATED-RELATED	83	197	6.6E-10	T	22-04-2026	-	-	-	-
GAU96012.1	a060715b827ccc79440764c2dbd5b9ab	248	MobiDBLite	mobidb-lite	consensus disorder prediction	57	79	-	T	22-04-2026	-	-	-	-
GAU96012.1	a060715b827ccc79440764c2dbd5b9ab	248	Pfam	PF17064	Quiver family u-PAR/Ly-6-like domain	94	184	0.0042	T	22-04-2026	IPR031424	Quiver family	-	-
GAV04445.1	eb413c4c416a9b7383aa3367eb42fae2	537	Gene3D	G3DSA:3.30.500.40	-	384	537	2.6E-39	T	22-04-2026	-	-	-	-
GAV04445.1	eb413c4c416a9b7383aa3367eb42fae2	537	Pfam	PF11979	Smad anchor for receptor activation-like, C-terminal	148	513	2.2E-118	T	22-04-2026	IPR022557	Smad anchor for receptor activation-like, C-terminal	-	-
GAV04445.1	eb413c4c416a9b7383aa3367eb42fae2	537	Gene3D	G3DSA:3.30.1360.220	-	220	281	4.1E-9	T	22-04-2026	-	-	-	-
GAV04445.1	eb413c4c416a9b7383aa3367eb42fae2	537	Gene3D	G3DSA:3.30.1360.220	-	282	383	1.6E-18	T	22-04-2026	-	-	-	-
GAV04445.1	eb413c4c416a9b7383aa3367eb42fae2	537	PANTHER	PTHR46319	ZINC FINGER FYVE DOMAIN-CONTAINING PROTEIN	6	534	1.8E-175	T	22-04-2026	-	-	-	-
GAV04445.1	eb413c4c416a9b7383aa3367eb42fae2	537	SMART	SM01421	DUF3480_2	148	513	1.2E-144	T	22-04-2026	IPR022557	Smad anchor for receptor activation-like, C-terminal	-	-
GAU94234.1	192acd2b8b58eda61ceaece77f579a41	225	Gene3D	G3DSA:1.20.1070.10	-	31	198	3.8E-10	T	22-04-2026	-	-	-	-
GAU94234.1	192acd2b8b58eda61ceaece77f579a41	225	Pfam	PF00001	7 transmembrane receptor (rhodopsin family)	45	175	3.1E-5	T	22-04-2026	IPR000276	G protein-coupled receptor, rhodopsin-like	-	-
GAU94234.1	192acd2b8b58eda61ceaece77f579a41	225	CDD	cd00637	7tm_classA_rhodopsin-like	34	165	1.225E-6	T	22-04-2026	-	-	-	-
GAU94234.1	192acd2b8b58eda61ceaece77f579a41	225	SUPERFAMILY	SSF81321	Family A G protein-coupled receptor-like	38	181	1.37E-8	T	22-04-2026	-	-	-	-
GAV06856.1	8e3323cec183f7947c514e0fffe43ce5	393	MobiDBLite	mobidb-lite	consensus disorder prediction	140	154	-	T	22-04-2026	-	-	-	-
GAV06856.1	8e3323cec183f7947c514e0fffe43ce5	393	MobiDBLite	mobidb-lite	consensus disorder prediction	34	334	-	T	22-04-2026	-	-	-	-
GAV06856.1	8e3323cec183f7947c514e0fffe43ce5	393	MobiDBLite	mobidb-lite	consensus disorder prediction	199	228	-	T	22-04-2026	-	-	-	-
GAV06856.1	8e3323cec183f7947c514e0fffe43ce5	393	MobiDBLite	mobidb-lite	consensus disorder prediction	54	130	-	T	22-04-2026	-	-	-	-
GAV06856.1	8e3323cec183f7947c514e0fffe43ce5	393	MobiDBLite	mobidb-lite	consensus disorder prediction	236	250	-	T	22-04-2026	-	-	-	-
GAU98159.1	f42c6ea1dd866bda16fab698cf530abf	915	SUPERFAMILY	SSF48334	DNA repair protein MutS, domain III	274	595	1.57E-44	T	22-04-2026	IPR036187	DNA mismatch repair protein MutS, core domain superfamily	-	-
GAU98159.1	f42c6ea1dd866bda16fab698cf530abf	915	ProSitePatterns	PS00486	DNA mismatch repair proteins mutS family signature.	718	734	-	T	22-04-2026	IPR000432	DNA mismatch repair protein MutS, C-terminal	-	-
GAU98159.1	f42c6ea1dd866bda16fab698cf530abf	915	Pfam	PF00488	MutS domain V	641	749	1.8E-30	T	22-04-2026	IPR000432	DNA mismatch repair protein MutS, C-terminal	-	-
GAU98159.1	f42c6ea1dd866bda16fab698cf530abf	915	Pfam	PF00488	MutS domain V	783	858	0.001	T	22-04-2026	IPR000432	DNA mismatch repair protein MutS, C-terminal	-	-
GAU98159.1	f42c6ea1dd866bda16fab698cf530abf	915	SMART	SM00534	mutATP5	637	856	5.1E-48	T	22-04-2026	IPR000432	DNA mismatch repair protein MutS, C-terminal	-	-
GAU98159.1	f42c6ea1dd866bda16fab698cf530abf	915	SMART	SM00533	DNAend	300	621	2.4E-41	T	22-04-2026	IPR007696	DNA mismatch repair protein MutS, core	-	-
GAU98159.1	f42c6ea1dd866bda16fab698cf530abf	915	PIRSF	PIRSF037677	Msh6	777	878	8.0E-8	T	22-04-2026	IPR017261	DNA mismatch repair protein MutS/MSH	-	-
GAU98159.1	f42c6ea1dd866bda16fab698cf530abf	915	PIRSF	PIRSF037677	Msh6	65	758	1.2E-69	T	22-04-2026	IPR017261	DNA mismatch repair protein MutS/MSH	-	-
GAU98159.1	f42c6ea1dd866bda16fab698cf530abf	915	Gene3D	G3DSA:3.40.50.300	-	600	876	2.6E-68	T	22-04-2026	IPR027417	P-loop containing nucleoside triphosphate hydrolase	-	-
GAU98159.1	f42c6ea1dd866bda16fab698cf530abf	915	PANTHER	PTHR11361	DNA MISMATCH REPAIR PROTEIN MUTS FAMILY MEMBER	66	865	1.9E-124	T	22-04-2026	IPR045076	DNA mismatch repair MutS family	-	-
GAU98159.1	f42c6ea1dd866bda16fab698cf530abf	915	Gene3D	G3DSA:1.10.1420.10	-	272	494	6.5E-32	T	22-04-2026	-	-	-	-
GAU98159.1	f42c6ea1dd866bda16fab698cf530abf	915	SUPERFAMILY	SSF52540	P-loop containing nucleoside triphosphate hydrolases	597	859	1.69E-33	T	22-04-2026	IPR027417	P-loop containing nucleoside triphosphate hydrolase	-	-
GAU98159.1	f42c6ea1dd866bda16fab698cf530abf	915	MobiDBLite	mobidb-lite	consensus disorder prediction	1	26	-	T	22-04-2026	-	-	-	-
GAU98159.1	f42c6ea1dd866bda16fab698cf530abf	915	Pfam	PF05192	MutS domain III	277	589	7.0E-22	T	22-04-2026	IPR007696	DNA mismatch repair protein MutS, core	-	-
GAV06529.1	81d551e1fdd5bfb4c30bd1ee2c847082	148	Gene3D	G3DSA:2.40.128.20	-	4	147	1.8E-7	T	22-04-2026	IPR012674	Calycin	-	-
GAV06529.1	81d551e1fdd5bfb4c30bd1ee2c847082	148	MobiDBLite	mobidb-lite	consensus disorder prediction	8	38	-	T	22-04-2026	-	-	-	-
GAV06529.1	81d551e1fdd5bfb4c30bd1ee2c847082	148	MobiDBLite	mobidb-lite	consensus disorder prediction	1	47	-	T	22-04-2026	-	-	-	-
GAU88736.1	091fbdca96c6cd38821617d185af5d5d	600	SUPERFAMILY	SSF50998	Quinoprotein alcohol dehydrogenase-like	2	332	1.33E-12	T	22-04-2026	IPR011047	Quinoprotein alcohol dehydrogenase-like superfamily	-	-
GAU88736.1	091fbdca96c6cd38821617d185af5d5d	600	PANTHER	PTHR44215	WD REPEAT-CONTAINING PROTEIN 75	3	516	1.4E-69	T	22-04-2026	-	-	-	-
GAU88736.1	091fbdca96c6cd38821617d185af5d5d	600	Gene3D	G3DSA:2.130.10.10	-	135	396	2.7E-5	T	22-04-2026	IPR015943	WD40/YVTN repeat-like-containing domain superfamily	-	-
GAU88736.1	091fbdca96c6cd38821617d185af5d5d	600	Gene3D	G3DSA:2.130.10.10	-	1	134	8.0E-6	T	22-04-2026	IPR015943	WD40/YVTN repeat-like-containing domain superfamily	-	-
GAU88517.1	687c96df106e6cc92b9b08ed8d72b782	78	MobiDBLite	mobidb-lite	consensus disorder prediction	7	22	-	T	22-04-2026	-	-	-	-
GAU88517.1	687c96df106e6cc92b9b08ed8d72b782	78	Pfam	PF02188	GoLoco motif	26	46	4.2E-7	T	22-04-2026	IPR003109	GoLoco motif	-	-
GAU88517.1	687c96df106e6cc92b9b08ed8d72b782	78	ProSiteProfiles	PS50877	GoLoco/GPR motif profile.	25	47	10.926715	T	22-04-2026	IPR003109	GoLoco motif	-	-
GAU88517.1	687c96df106e6cc92b9b08ed8d72b782	78	MobiDBLite	mobidb-lite	consensus disorder prediction	41	69	-	T	22-04-2026	-	-	-	-
GAU88517.1	687c96df106e6cc92b9b08ed8d72b782	78	MobiDBLite	mobidb-lite	consensus disorder prediction	1	78	-	T	22-04-2026	-	-	-	-
GAU88517.1	687c96df106e6cc92b9b08ed8d72b782	78	Gene3D	G3DSA:1.25.40.10	Tetratricopeptide repeat domain	9	72	3.9E-7	T	22-04-2026	IPR011990	Tetratricopeptide-like helical domain superfamily	-	-
GAU88517.1	687c96df106e6cc92b9b08ed8d72b782	78	SMART	SM00390	LGN_4	25	47	2.5E-7	T	22-04-2026	IPR003109	GoLoco motif	-	-
GAU90252.1	eb946e4cd9826e5e23f58e8cae2dd8d5	601	Pfam	PF00083	Sugar (and other) transporter	30	361	1.5E-73	T	22-04-2026	IPR005828	Major facilitator, sugar transporter-like	-	-
GAU90252.1	eb946e4cd9826e5e23f58e8cae2dd8d5	601	Pfam	PF00083	Sugar (and other) transporter	454	560	2.6E-20	T	22-04-2026	IPR005828	Major facilitator, sugar transporter-like	-	-
GAU90252.1	eb946e4cd9826e5e23f58e8cae2dd8d5	601	Coils	Coil	Coil	217	237	-	T	22-04-2026	-	-	-	-
GAU90252.1	eb946e4cd9826e5e23f58e8cae2dd8d5	601	SUPERFAMILY	SSF103473	MFS general substrate transporter	9	557	6.54E-69	T	22-04-2026	IPR036259	MFS transporter superfamily	-	-
GAU90252.1	eb946e4cd9826e5e23f58e8cae2dd8d5	601	PRINTS	PR00171	Sugar transporter signature	283	293	1.6E-17	T	22-04-2026	IPR003663	Sugar/inositol transporter	-	-
GAU90252.1	eb946e4cd9826e5e23f58e8cae2dd8d5	601	PRINTS	PR00171	Sugar transporter signature	37	47	1.6E-17	T	22-04-2026	IPR003663	Sugar/inositol transporter	-	-
GAU90252.1	eb946e4cd9826e5e23f58e8cae2dd8d5	601	PRINTS	PR00171	Sugar transporter signature	461	482	1.6E-17	T	22-04-2026	IPR003663	Sugar/inositol transporter	-	-
GAU90252.1	eb946e4cd9826e5e23f58e8cae2dd8d5	601	PRINTS	PR00171	Sugar transporter signature	484	496	1.6E-17	T	22-04-2026	IPR003663	Sugar/inositol transporter	-	-
GAU90252.1	eb946e4cd9826e5e23f58e8cae2dd8d5	601	PRINTS	PR00171	Sugar transporter signature	120	139	1.6E-17	T	22-04-2026	IPR003663	Sugar/inositol transporter	-	-
GAU90252.1	eb946e4cd9826e5e23f58e8cae2dd8d5	601	ProSitePatterns	PS00216	Sugar transport proteins signature 1.	83	100	-	T	22-04-2026	IPR005829	Sugar transporter, conserved site	-	-
GAU90252.1	eb946e4cd9826e5e23f58e8cae2dd8d5	601	Gene3D	G3DSA:1.20.1250.20	MFS general substrate transporter like domains	434	569	2.8E-29	T	22-04-2026	IPR036259	MFS transporter superfamily	-	-
GAU90252.1	eb946e4cd9826e5e23f58e8cae2dd8d5	601	Gene3D	G3DSA:1.20.1250.20	MFS general substrate transporter like domains	17	382	1.1E-88	T	22-04-2026	IPR036259	MFS transporter superfamily	-	-
GAU90252.1	eb946e4cd9826e5e23f58e8cae2dd8d5	601	PANTHER	PTHR48020	PROTON MYO-INOSITOL COTRANSPORTER	24	569	3.1E-143	T	22-04-2026	-	-	-	-
GAU90252.1	eb946e4cd9826e5e23f58e8cae2dd8d5	601	NCBIfam	TIGR00879	sugar porter family MFS transporter	17	358	5.4E-69	T	22-04-2026	IPR003663	Sugar/inositol transporter	-	-
GAU90252.1	eb946e4cd9826e5e23f58e8cae2dd8d5	601	ProSiteProfiles	PS50850	Major facilitator superfamily (MFS) profile.	29	549	51.297714	T	22-04-2026	IPR020846	Major facilitator superfamily domain	-	-
GAU90252.1	eb946e4cd9826e5e23f58e8cae2dd8d5	601	ProSitePatterns	PS00216	Sugar transport proteins signature 1.	328	344	-	T	22-04-2026	IPR005829	Sugar transporter, conserved site	-	-
GAV08548.1	923bbdb564ee2134f34f65cdf8e13e45	306	Gene3D	G3DSA:2.60.120.1020	Peptide N glycanase, PAW domain	100	306	4.3E-40	T	22-04-2026	IPR038680	PAW domain superfamily	-	-
GAV08548.1	923bbdb564ee2134f34f65cdf8e13e45	306	SUPERFAMILY	SSF49785	Galactose-binding domain-like	107	303	2.3E-17	T	22-04-2026	IPR008979	Galactose-binding-like domain superfamily	-	-
GAV08548.1	923bbdb564ee2134f34f65cdf8e13e45	306	MobiDBLite	mobidb-lite	consensus disorder prediction	46	66	-	T	22-04-2026	-	-	-	-
GAV08548.1	923bbdb564ee2134f34f65cdf8e13e45	306	Pfam	PF04721	PNGase C-terminal domain, mannose-binding module PAW	102	303	2.2E-18	T	22-04-2026	IPR006588	Peptide N glycanase, PAW domain	-	-
GAV08548.1	923bbdb564ee2134f34f65cdf8e13e45	306	MobiDBLite	mobidb-lite	consensus disorder prediction	36	66	-	T	22-04-2026	-	-	-	-
GAV02756.1	09218707474c03007f2e4275706f89c4	247	Pfam	PF14740	Domain of unknown function (DUF4471)	2	222	1.8E-34	T	22-04-2026	IPR028235	Dynein assembly factor 3, C-terminal domain	-	-
GAV02756.1	09218707474c03007f2e4275706f89c4	247	PANTHER	PTHR22118	DYNEIN ASSEMBLY FACTOR 3, AXONEMAL	2	226	1.2E-33	T	22-04-2026	IPR039304	Dynein assembly factor 3, axonemal	-	-
GAV02599.1	ea7f9198fbc50e6c3ed812768b544997	116	Gene3D	G3DSA:3.30.70.1230	Nucleotide cyclase	1	42	1.3E-7	T	22-04-2026	IPR029787	Nucleotide cyclase	-	-
GAV02599.1	ea7f9198fbc50e6c3ed812768b544997	116	MobiDBLite	mobidb-lite	consensus disorder prediction	67	83	-	T	22-04-2026	-	-	-	-
GAV02599.1	ea7f9198fbc50e6c3ed812768b544997	116	MobiDBLite	mobidb-lite	consensus disorder prediction	97	116	-	T	22-04-2026	-	-	-	-
GAV02599.1	ea7f9198fbc50e6c3ed812768b544997	116	SUPERFAMILY	SSF55073	Nucleotide cyclase	2	46	1.18E-5	T	22-04-2026	IPR029787	Nucleotide cyclase	-	-
GAV02599.1	ea7f9198fbc50e6c3ed812768b544997	116	MobiDBLite	mobidb-lite	consensus disorder prediction	67	88	-	T	22-04-2026	-	-	-	-
GAV03832.1	517dc9a0d483d64003e6a145dde085f8	710	MobiDBLite	mobidb-lite	consensus disorder prediction	492	506	-	T	22-04-2026	-	-	-	-
GAV03832.1	517dc9a0d483d64003e6a145dde085f8	710	MobiDBLite	mobidb-lite	consensus disorder prediction	127	213	-	T	22-04-2026	-	-	-	-
GAV03832.1	517dc9a0d483d64003e6a145dde085f8	710	SUPERFAMILY	SSF50044	SH3-domain	528	585	1.17E-6	T	22-04-2026	IPR036028	SH3-like domain superfamily	-	-
GAV03832.1	517dc9a0d483d64003e6a145dde085f8	710	MobiDBLite	mobidb-lite	consensus disorder prediction	434	523	-	T	22-04-2026	-	-	-	-
GAV03832.1	517dc9a0d483d64003e6a145dde085f8	710	ProSiteProfiles	PS50001	Src homology 2 (SH2) domain profile.	605	705	17.671049	T	22-04-2026	IPR000980	SH2 domain	-	-
GAV03832.1	517dc9a0d483d64003e6a145dde085f8	710	PANTHER	PTHR19969	SH2-SH3 ADAPTOR PROTEIN-RELATED	546	694	1.3E-13	T	22-04-2026	-	-	-	-
GAV03832.1	517dc9a0d483d64003e6a145dde085f8	710	MobiDBLite	mobidb-lite	consensus disorder prediction	325	343	-	T	22-04-2026	-	-	-	-
GAV03832.1	517dc9a0d483d64003e6a145dde085f8	710	Pfam	PF00017	SH2 domain	605	688	2.7E-8	T	22-04-2026	IPR000980	SH2 domain	-	-
GAV03832.1	517dc9a0d483d64003e6a145dde085f8	710	MobiDBLite	mobidb-lite	consensus disorder prediction	184	201	-	T	22-04-2026	-	-	-	-
GAV03832.1	517dc9a0d483d64003e6a145dde085f8	710	MobiDBLite	mobidb-lite	consensus disorder prediction	144	167	-	T	22-04-2026	-	-	-	-
GAV03832.1	517dc9a0d483d64003e6a145dde085f8	710	SMART	SM00252	SH2_5	603	694	9.2E-17	T	22-04-2026	IPR000980	SH2 domain	-	-
GAV03832.1	517dc9a0d483d64003e6a145dde085f8	710	MobiDBLite	mobidb-lite	consensus disorder prediction	301	317	-	T	22-04-2026	-	-	-	-
GAV03832.1	517dc9a0d483d64003e6a145dde085f8	710	SUPERFAMILY	SSF55550	SH2 domain	595	701	1.8E-17	T	22-04-2026	IPR036860	SH2 domain superfamily	-	-
GAV03832.1	517dc9a0d483d64003e6a145dde085f8	710	Gene3D	G3DSA:2.30.30.40	SH3 Domains	526	592	1.6E-5	T	22-04-2026	-	-	-	-
GAV03832.1	517dc9a0d483d64003e6a145dde085f8	710	Gene3D	G3DSA:3.30.505.10	SH2 domain	593	707	5.7E-18	T	22-04-2026	IPR036860	SH2 domain superfamily	-	-
GAV03832.1	517dc9a0d483d64003e6a145dde085f8	710	MobiDBLite	mobidb-lite	consensus disorder prediction	254	350	-	T	22-04-2026	-	-	-	-
GAV03832.1	517dc9a0d483d64003e6a145dde085f8	710	MobiDBLite	mobidb-lite	consensus disorder prediction	440	470	-	T	22-04-2026	-	-	-	-
GAV03832.1	517dc9a0d483d64003e6a145dde085f8	710	MobiDBLite	mobidb-lite	consensus disorder prediction	68	109	-	T	22-04-2026	-	-	-	-
GAV03832.1	517dc9a0d483d64003e6a145dde085f8	710	MobiDBLite	mobidb-lite	consensus disorder prediction	1	45	-	T	22-04-2026	-	-	-	-
GAV03832.1	517dc9a0d483d64003e6a145dde085f8	710	MobiDBLite	mobidb-lite	consensus disorder prediction	254	279	-	T	22-04-2026	-	-	-	-
GAV03832.1	517dc9a0d483d64003e6a145dde085f8	710	PRINTS	PR00401	SH2 domain signature	677	691	9.7E-7	T	22-04-2026	-	-	-	-
GAV03832.1	517dc9a0d483d64003e6a145dde085f8	710	PRINTS	PR00401	SH2 domain signature	605	619	9.7E-7	T	22-04-2026	-	-	-	-
GAV03832.1	517dc9a0d483d64003e6a145dde085f8	710	PRINTS	PR00401	SH2 domain signature	637	648	9.7E-7	T	22-04-2026	-	-	-	-
GAV03832.1	517dc9a0d483d64003e6a145dde085f8	710	PRINTS	PR00401	SH2 domain signature	649	659	9.7E-7	T	22-04-2026	-	-	-	-
GAV03832.1	517dc9a0d483d64003e6a145dde085f8	710	PRINTS	PR00401	SH2 domain signature	625	635	9.7E-7	T	22-04-2026	-	-	-	-
GAV04919.1	ab485c5ab7205db6a55db21603b9c360	153	MobiDBLite	mobidb-lite	consensus disorder prediction	36	54	-	T	22-04-2026	-	-	-	-
GAV04919.1	ab485c5ab7205db6a55db21603b9c360	153	MobiDBLite	mobidb-lite	consensus disorder prediction	1	54	-	T	22-04-2026	-	-	-	-
GAV04919.1	ab485c5ab7205db6a55db21603b9c360	153	MobiDBLite	mobidb-lite	consensus disorder prediction	9	26	-	T	22-04-2026	-	-	-	-
GAV04458.1	4347b6de051605bae4a54cb8dc1786bc	754	MobiDBLite	mobidb-lite	consensus disorder prediction	645	712	-	T	22-04-2026	-	-	-	-
GAV04458.1	4347b6de051605bae4a54cb8dc1786bc	754	FunFam	G3DSA:1.25.10.10:FF:000331	Phosphoprotein phosphatase, putative	193	588	2.8E-89	T	22-04-2026	-	-	-	-
GAV04458.1	4347b6de051605bae4a54cb8dc1786bc	754	MobiDBLite	mobidb-lite	consensus disorder prediction	725	746	-	T	22-04-2026	-	-	-	-
GAV04458.1	4347b6de051605bae4a54cb8dc1786bc	754	MobiDBLite	mobidb-lite	consensus disorder prediction	724	754	-	T	22-04-2026	-	-	-	-
GAV04458.1	4347b6de051605bae4a54cb8dc1786bc	754	Gene3D	G3DSA:1.25.10.10	-	193	592	4.5E-157	T	22-04-2026	IPR011989	Armadillo-like helical	-	-
GAV04458.1	4347b6de051605bae4a54cb8dc1786bc	754	SUPERFAMILY	SSF48371	ARM repeat	197	579	2.88E-135	T	22-04-2026	IPR016024	Armadillo-type fold	-	-
GAV04458.1	4347b6de051605bae4a54cb8dc1786bc	754	PANTHER	PTHR10257	SERINE/THREONINE PROTEIN PHOSPHATASE 2A  PP2A  REGULATORY SUBUNIT B	179	591	1.2E-164	T	22-04-2026	IPR002554	Protein phosphatase 2A, regulatory B subunit, B56	-	-
GAV04458.1	4347b6de051605bae4a54cb8dc1786bc	754	MobiDBLite	mobidb-lite	consensus disorder prediction	665	712	-	T	22-04-2026	-	-	-	-
GAV04458.1	4347b6de051605bae4a54cb8dc1786bc	754	Pfam	PF01603	Protein phosphatase 2A regulatory B subunit (B56 family)	190	595	4.7E-147	T	22-04-2026	IPR002554	Protein phosphatase 2A, regulatory B subunit, B56	-	-
GAU92948.1	e211167a287f02912a100e669805e51f	262	Pfam	PF17124	ThiJ/PfpI family-like	12	173	5.3E-26	T	22-04-2026	IPR032633	ThiJ/PfpI family-like	-	-
GAU92948.1	e211167a287f02912a100e669805e51f	262	SUPERFAMILY	SSF52317	Class I glutamine amidotransferase-like	6	254	2.81E-35	T	22-04-2026	IPR029062	Class I glutamine amidotransferase-like	-	-
GAU92948.1	e211167a287f02912a100e669805e51f	262	Gene3D	G3DSA:3.40.50.880	-	4	260	1.8E-47	T	22-04-2026	IPR029062	Class I glutamine amidotransferase-like	-	-
GAU92948.1	e211167a287f02912a100e669805e51f	262	PANTHER	PTHR43068	SLR1854 PROTEIN	6	258	7.2E-43	T	22-04-2026	-	-	-	-
GAV05520.1	ee5e57a1ba64f4a932112542abcc1fd7	755	PANTHER	PTHR12933	ORF PROTEIN-RELATED	98	749	2.1E-196	T	22-04-2026	IPR010678	U3 small nucleolar RNA-associated protein 25	-	-
GAV05520.1	ee5e57a1ba64f4a932112542abcc1fd7	755	Pfam	PF06862	Utp25, U3 small nucleolar RNA-associated SSU processome protein 25	285	748	3.3E-159	T	22-04-2026	IPR010678	U3 small nucleolar RNA-associated protein 25	-	-
GAV05520.1	ee5e57a1ba64f4a932112542abcc1fd7	755	Gene3D	G3DSA:3.40.50.300	-	311	552	8.2E-11	T	22-04-2026	IPR027417	P-loop containing nucleoside triphosphate hydrolase	-	-
GAV05520.1	ee5e57a1ba64f4a932112542abcc1fd7	755	SUPERFAMILY	SSF52540	P-loop containing nucleoside triphosphate hydrolases	348	551	2.8E-6	T	22-04-2026	IPR027417	P-loop containing nucleoside triphosphate hydrolase	-	-
GAV05520.1	ee5e57a1ba64f4a932112542abcc1fd7	755	MobiDBLite	mobidb-lite	consensus disorder prediction	78	127	-	T	22-04-2026	-	-	-	-
GAV05520.1	ee5e57a1ba64f4a932112542abcc1fd7	755	MobiDBLite	mobidb-lite	consensus disorder prediction	78	95	-	T	22-04-2026	-	-	-	-
GAV05520.1	ee5e57a1ba64f4a932112542abcc1fd7	755	MobiDBLite	mobidb-lite	consensus disorder prediction	104	119	-	T	22-04-2026	-	-	-	-
GAV05520.1	ee5e57a1ba64f4a932112542abcc1fd7	755	MobiDBLite	mobidb-lite	consensus disorder prediction	145	211	-	T	22-04-2026	-	-	-	-
GAV05520.1	ee5e57a1ba64f4a932112542abcc1fd7	755	MobiDBLite	mobidb-lite	consensus disorder prediction	170	200	-	T	22-04-2026	-	-	-	-
GAU88688.1	330f548277ac158733b068daecab7f8f	231	MobiDBLite	mobidb-lite	consensus disorder prediction	1	144	-	T	22-04-2026	-	-	-	-
GAU88688.1	330f548277ac158733b068daecab7f8f	231	MobiDBLite	mobidb-lite	consensus disorder prediction	14	118	-	T	22-04-2026	-	-	-	-
GAV01581.1	513da5ae0aaafa703b3838f6f1840e9b	428	ProSitePatterns	PS01044	Squalene and phytoene synthases signature 1.	172	187	-	T	22-04-2026	IPR019845	Squalene/phytoene synthase, conserved site	-	-
GAV01581.1	513da5ae0aaafa703b3838f6f1840e9b	428	Gene3D	G3DSA:1.10.600.10	Farnesyl Diphosphate Synthase	29	369	1.4E-106	T	22-04-2026	IPR008949	Isoprenoid synthase domain superfamily	-	-
GAV01581.1	513da5ae0aaafa703b3838f6f1840e9b	428	SUPERFAMILY	SSF48576	Terpenoid synthases	39	363	1.97E-79	T	22-04-2026	IPR008949	Isoprenoid synthase domain superfamily	-	-
GAV01581.1	513da5ae0aaafa703b3838f6f1840e9b	428	CDD	cd00683	Trans_IPPS_HH	41	322	1.77071E-74	T	22-04-2026	IPR033904	Trans-isoprenyl diphosphate synthases, head-to-head	-	-
GAV01581.1	513da5ae0aaafa703b3838f6f1840e9b	428	ProSitePatterns	PS01045	Squalene and phytoene synthases signature 2.	208	233	-	T	22-04-2026	IPR019845	Squalene/phytoene synthase, conserved site	-	-
GAV01581.1	513da5ae0aaafa703b3838f6f1840e9b	428	Pfam	PF00494	Squalene/phytoene synthase	48	319	4.5E-45	T	22-04-2026	IPR002060	Squalene/phytoene synthase	-	-
GAV01581.1	513da5ae0aaafa703b3838f6f1840e9b	428	NCBIfam	TIGR01559	squalene synthase	39	365	3.2E-131	T	22-04-2026	IPR006449	Squalene synthase-like	-	-
GAV01581.1	513da5ae0aaafa703b3838f6f1840e9b	428	PANTHER	PTHR11626	FARNESYL-DIPHOSPHATE FARNESYLTRANSFERASE	3	366	9.2E-148	T	22-04-2026	IPR044844	Trans-isoprenyl diphosphate synthases, eukaryotic-type	-	-
GAV01581.1	513da5ae0aaafa703b3838f6f1840e9b	428	SFLD	SFLDG01018	Squalene/Phytoene Synthase Like	35	328	0.0	T	22-04-2026	IPR002060	Squalene/phytoene synthase	-	-
GAV01581.1	513da5ae0aaafa703b3838f6f1840e9b	428	FunFam	G3DSA:1.10.600.10:FF:000003	Farnesyl-diphosphate farnesyltransferase 1	37	370	4.7E-143	T	22-04-2026	-	-	-	-
GAV01581.1	513da5ae0aaafa703b3838f6f1840e9b	428	SFLD	SFLDS00005	Isoprenoid Synthase Type I	35	328	0.0	T	22-04-2026	-	-	-	-
GAV01275.1	ad016d1399452d46d35a8d46f06e2648	174	Gene3D	G3DSA:3.40.50.1000	-	81	172	3.8E-5	T	22-04-2026	IPR023214	HAD superfamily	-	-
GAV01275.1	ad016d1399452d46d35a8d46f06e2648	174	Pfam	PF13242	HAD-hyrolase-like	83	143	1.6E-11	T	22-04-2026	-	-	-	-
GAV01275.1	ad016d1399452d46d35a8d46f06e2648	174	Gene3D	G3DSA:3.40.50.1000	-	2	80	1.4E-26	T	22-04-2026	IPR023214	HAD superfamily	-	-
GAV01275.1	ad016d1399452d46d35a8d46f06e2648	174	PANTHER	PTHR19288	4-NITROPHENYLPHOSPHATASE-RELATED	16	165	1.1E-34	T	22-04-2026	-	-	-	-
GAV01275.1	ad016d1399452d46d35a8d46f06e2648	174	SUPERFAMILY	SSF56784	HAD-like	9	163	2.63E-28	T	22-04-2026	IPR036412	HAD-like superfamily	-	-
GAV08498.1	29a7c1366de381cc05f3e8ed13099679	390	MobiDBLite	mobidb-lite	consensus disorder prediction	304	390	-	T	22-04-2026	-	-	-	-
GAU89150.1	c983186dd937415ea955b716f03f52a5	162	MobiDBLite	mobidb-lite	consensus disorder prediction	39	81	-	T	22-04-2026	-	-	-	-
GAU89150.1	c983186dd937415ea955b716f03f52a5	162	MobiDBLite	mobidb-lite	consensus disorder prediction	46	60	-	T	22-04-2026	-	-	-	-
GAU90111.1	436f70ddbd5d31bb6ff91fe5747d6b5c	551	Pfam	PF20645	Rrn7/TAF1B, C-terminal cyclin domain	190	326	2.8E-7	T	22-04-2026	IPR048538	Rrn7/TAF1B, C-terminal cyclin domain	-	-
GAU90111.1	436f70ddbd5d31bb6ff91fe5747d6b5c	551	PANTHER	PTHR31576	TATA BOX-BINDING PROTEIN-ASSOCIATED FACTOR RNA POLYMERASE I SUBUNIT B	8	341	1.1E-20	T	22-04-2026	IPR033599	RNA polymerase I transcription initiation factor TAF1B/Rrn7	-	-
GAU94120.1	8c76ddcb20e583e4c7dfaf556a86dcdb	492	ProSiteProfiles	PS50908	RWD domain profile.	7	110	15.284138	T	22-04-2026	IPR006575	RWD domain	-	-
GAU94120.1	8c76ddcb20e583e4c7dfaf556a86dcdb	492	SMART	SM00591	RWD2001b	7	110	4.8E-5	T	22-04-2026	IPR006575	RWD domain	-	-
GAU94120.1	8c76ddcb20e583e4c7dfaf556a86dcdb	492	SUPERFAMILY	SSF55144	LigT-like	295	487	2.49E-14	T	22-04-2026	IPR009097	Cyclic phosphodiesterase	-	-
GAU94120.1	8c76ddcb20e583e4c7dfaf556a86dcdb	492	Gene3D	G3DSA:3.10.110.10	Ubiquitin Conjugating Enzyme	2	114	2.1E-11	T	22-04-2026	IPR016135	Ubiquitin-conjugating enzyme/RWD-like	-	-
GAU94120.1	8c76ddcb20e583e4c7dfaf556a86dcdb	492	Gene3D	G3DSA:3.90.1140.10	Cyclic phosphodiesterase	291	490	1.7E-35	T	22-04-2026	-	-	-	-
GAU94120.1	8c76ddcb20e583e4c7dfaf556a86dcdb	492	MobiDBLite	mobidb-lite	consensus disorder prediction	125	149	-	T	22-04-2026	-	-	-	-
GAU94120.1	8c76ddcb20e583e4c7dfaf556a86dcdb	492	SUPERFAMILY	SSF54495	UBC-like	4	108	1.49E-9	T	22-04-2026	IPR016135	Ubiquitin-conjugating enzyme/RWD-like	-	-
GAU94120.1	8c76ddcb20e583e4c7dfaf556a86dcdb	492	Pfam	PF04457	MJ1316 RNA cyclic group end recognition domain	153	226	6.9E-18	T	22-04-2026	IPR040459	MJ1316 RNA cyclic group end recognition domain	-	-
GAU94120.1	8c76ddcb20e583e4c7dfaf556a86dcdb	492	PANTHER	PTHR46729	LEUKOCYTE RECEPTOR CLUSTER MEMBER 9	123	488	3.1E-82	T	22-04-2026	IPR042653	Leukocyte receptor cluster member 9	-	-
GAU94120.1	8c76ddcb20e583e4c7dfaf556a86dcdb	492	Pfam	PF05773	RWD domain	9	106	5.3E-5	T	22-04-2026	IPR006575	RWD domain	-	-
GAU94120.1	8c76ddcb20e583e4c7dfaf556a86dcdb	492	Pfam	PF10469	AKAP7 2'5' RNA ligase-like domain	293	487	7.5E-31	T	22-04-2026	IPR019510	A-kinase anchor protein 7-like, phosphoesterase domain	-	-
GAV04358.1	bc0377097c2a9ec05e687161647a2030	560	Gene3D	G3DSA:2.110.10.10	-	342	543	1.2E-38	T	22-04-2026	IPR036375	Hemopexin-like domain superfamily	-	-
GAV04358.1	bc0377097c2a9ec05e687161647a2030	560	CDD	cd04280	ZnMc_astacin_like	94	278	4.82697E-85	T	22-04-2026	IPR034035	Astacin-like metallopeptidase domain	-	-
GAV04358.1	bc0377097c2a9ec05e687161647a2030	560	PRINTS	PR00480	Astacin family signature	225	240	4.3E-25	T	22-04-2026	IPR001506	Peptidase M12A	-	-
GAV04358.1	bc0377097c2a9ec05e687161647a2030	560	PRINTS	PR00480	Astacin family signature	113	131	4.3E-25	T	22-04-2026	IPR001506	Peptidase M12A	-	-
GAV04358.1	bc0377097c2a9ec05e687161647a2030	560	PRINTS	PR00480	Astacin family signature	167	185	4.3E-25	T	22-04-2026	IPR001506	Peptidase M12A	-	-
GAV04358.1	bc0377097c2a9ec05e687161647a2030	560	PRINTS	PR00480	Astacin family signature	186	203	4.3E-25	T	22-04-2026	IPR001506	Peptidase M12A	-	-
GAV04358.1	bc0377097c2a9ec05e687161647a2030	560	PRINTS	PR00480	Astacin family signature	266	279	4.3E-25	T	22-04-2026	IPR001506	Peptidase M12A	-	-
GAV04358.1	bc0377097c2a9ec05e687161647a2030	560	Gene3D	G3DSA:3.40.390.10	Collagenase (Catalytic Domain)	47	282	1.1E-73	T	22-04-2026	IPR024079	Metallopeptidase, catalytic domain superfamily	-	-
GAV04358.1	bc0377097c2a9ec05e687161647a2030	560	SMART	SM00235	col_5	88	230	7.8E-43	T	22-04-2026	IPR006026	Peptidase, metallopeptidase	-	-
GAV04358.1	bc0377097c2a9ec05e687161647a2030	560	ProSiteProfiles	PS51642	Hemopexin repeat profile.	438	484	9.896065	T	22-04-2026	IPR018487	Hemopexin-like repeats	-	-
GAV04358.1	bc0377097c2a9ec05e687161647a2030	560	SUPERFAMILY	SSF55486	Metalloproteases ("zincins"), catalytic domain	87	281	2.94E-55	T	22-04-2026	-	-	-	-
GAV04358.1	bc0377097c2a9ec05e687161647a2030	560	ProSiteProfiles	PS51864	Astacin-like domain profile.	82	281	80.194542	T	22-04-2026	IPR001506	Peptidase M12A	-	-
GAV04358.1	bc0377097c2a9ec05e687161647a2030	560	Pfam	PF00045	Hemopexin	441	478	0.069	T	22-04-2026	IPR018487	Hemopexin-like repeats	-	-
GAV04358.1	bc0377097c2a9ec05e687161647a2030	560	Pfam	PF00045	Hemopexin	395	438	1.4E-12	T	22-04-2026	IPR018487	Hemopexin-like repeats	-	-
GAV04358.1	bc0377097c2a9ec05e687161647a2030	560	PANTHER	PTHR10127	DISCOIDIN, CUB, EGF, LAMININ , AND ZINC METALLOPROTEASE DOMAIN CONTAINING	56	298	2.1E-79	T	22-04-2026	-	-	-	-
GAV04358.1	bc0377097c2a9ec05e687161647a2030	560	ProSiteProfiles	PS51642	Hemopexin repeat profile.	392	437	17.688019	T	22-04-2026	IPR018487	Hemopexin-like repeats	-	-
GAV04358.1	bc0377097c2a9ec05e687161647a2030	560	SMART	SM00120	HX_rpt_3	441	485	2.1E-4	T	22-04-2026	IPR018487	Hemopexin-like repeats	-	-
GAV04358.1	bc0377097c2a9ec05e687161647a2030	560	SMART	SM00120	HX_rpt_3	395	439	5.9E-15	T	22-04-2026	IPR018487	Hemopexin-like repeats	-	-
GAV04358.1	bc0377097c2a9ec05e687161647a2030	560	Pfam	PF01400	Astacin (Peptidase family M12A)	90	281	1.4E-59	T	22-04-2026	IPR001506	Peptidase M12A	-	-
GAV04358.1	bc0377097c2a9ec05e687161647a2030	560	SUPERFAMILY	SSF50923	Hemopexin-like domain	343	542	1.14E-39	T	22-04-2026	IPR036375	Hemopexin-like domain superfamily	-	-
GAU91378.1	966d5b8291adf2684096a0e70949a8dc	334	Pfam	PF11788	39S mitochondrial ribosomal protein L46	72	173	5.3E-10	T	22-04-2026	IPR021757	Large ribosomal subunit protein mL46, N-terminal	-	-
GAU91378.1	966d5b8291adf2684096a0e70949a8dc	334	SUPERFAMILY	SSF55811	Nudix	190	308	4.48E-10	T	22-04-2026	IPR015797	NUDIX hydrolase-like domain superfamily	-	-
GAU91378.1	966d5b8291adf2684096a0e70949a8dc	334	Pfam	PF00293	NUDIX domain	190	299	0.084	T	22-04-2026	IPR000086	NUDIX hydrolase domain	-	-
GAU91378.1	966d5b8291adf2684096a0e70949a8dc	334	Gene3D	G3DSA:3.90.79.10	Nucleoside Triphosphate Pyrophosphohydrolase	177	314	3.5E-43	T	22-04-2026	-	-	-	-
GAU91378.1	966d5b8291adf2684096a0e70949a8dc	334	PANTHER	PTHR13124	39S RIBOSOMAL PROTEIN L46, MITOCHONDRIAL PRECURSOR-RELATED	47	311	1.2E-64	T	22-04-2026	IPR040008	Large ribosomal subunit protein mL46	-	-
GAU91378.1	966d5b8291adf2684096a0e70949a8dc	334	FunFam	G3DSA:3.90.79.10:FF:000018	39S ribosomal protein L46, mitochondrial	177	313	4.5E-43	T	22-04-2026	-	-	-	-
GAU91378.1	966d5b8291adf2684096a0e70949a8dc	334	ProSiteProfiles	PS51462	Nudix hydrolase domain profile.	165	312	8.793532	T	22-04-2026	IPR000086	NUDIX hydrolase domain	-	-
GAU98887.1	239bdfbace7e635bfa1f4d78bc3447f1	465	Gene3D	G3DSA:3.30.540.10	-	78	301	1.1E-71	T	22-04-2026	-	-	-	-
GAU98887.1	239bdfbace7e635bfa1f4d78bc3447f1	465	Gene3D	G3DSA:4.10.460.10	-	152	198	1.1E-71	T	22-04-2026	IPR044897	Inositol polyphosphate 1-phosphatase, domain 1	-	-
GAU98887.1	239bdfbace7e635bfa1f4d78bc3447f1	465	ProSitePatterns	PS00630	Inositol monophosphatase family signature 2.	375	389	-	T	22-04-2026	IPR020550	Inositol monophosphatase, conserved site	-	-
GAU98887.1	239bdfbace7e635bfa1f4d78bc3447f1	465	Gene3D	G3DSA:3.40.190.80	-	307	461	1.9E-36	T	22-04-2026	-	-	-	-
GAU98887.1	239bdfbace7e635bfa1f4d78bc3447f1	465	PANTHER	PTHR43028	3'(2'),5'-BISPHOSPHATE NUCLEOTIDASE 1	69	451	9.4E-57	T	22-04-2026	-	-	-	-
GAU98887.1	239bdfbace7e635bfa1f4d78bc3447f1	465	SUPERFAMILY	SSF56655	Carbohydrate phosphatase	76	402	6.41E-38	T	22-04-2026	-	-	-	-
GAU98887.1	239bdfbace7e635bfa1f4d78bc3447f1	465	Pfam	PF00459	Inositol monophosphatase family	208	400	1.9E-22	T	22-04-2026	IPR000760	Inositol monophosphatase-like	-	-
GAU94056.1	4db59a245777ed135fe170a7dcfc32dc	141	Coils	Coil	Coil	96	130	-	T	22-04-2026	-	-	-	-
GAU94056.1	4db59a245777ed135fe170a7dcfc32dc	141	Pfam	PF14931	Intraflagellar transport complex B, subunit 20	18	132	3.4E-4	T	22-04-2026	IPR028172	Intraflagellar transport protein 20	-	-
GAU99504.1	4858eae20e8c3bb7ddfd466a4dd795bb	438	SMART	SM00235	col_5	53	213	0.0028	T	22-04-2026	IPR006026	Peptidase, metallopeptidase	-	-
GAU99504.1	4858eae20e8c3bb7ddfd466a4dd795bb	438	Pfam	PF01400	Astacin (Peptidase family M12A)	56	229	1.3E-4	T	22-04-2026	IPR001506	Peptidase M12A	-	-
GAU99504.1	4858eae20e8c3bb7ddfd466a4dd795bb	438	PANTHER	PTHR10127	DISCOIDIN, CUB, EGF, LAMININ , AND ZINC METALLOPROTEASE DOMAIN CONTAINING	34	290	1.5E-15	T	22-04-2026	-	-	-	-
GAU99504.1	4858eae20e8c3bb7ddfd466a4dd795bb	438	Gene3D	G3DSA:3.40.390.10	Collagenase (Catalytic Domain)	27	275	2.8E-22	T	22-04-2026	IPR024079	Metallopeptidase, catalytic domain superfamily	-	-
GAU99504.1	4858eae20e8c3bb7ddfd466a4dd795bb	438	MobiDBLite	mobidb-lite	consensus disorder prediction	286	300	-	T	22-04-2026	-	-	-	-
GAU99504.1	4858eae20e8c3bb7ddfd466a4dd795bb	438	MobiDBLite	mobidb-lite	consensus disorder prediction	286	389	-	T	22-04-2026	-	-	-	-
GAU99504.1	4858eae20e8c3bb7ddfd466a4dd795bb	438	SUPERFAMILY	SSF55486	Metalloproteases ("zincins"), catalytic domain	54	271	1.98E-7	T	22-04-2026	-	-	-	-
GAV08061.1	3a3d5da58461dda73a2c3a9f95a01dab	337	SUPERFAMILY	SSF49742	PHM/PNGase F	178	324	3.14E-43	T	22-04-2026	IPR008977	PHM/PNGase F domain superfamily	-	-
GAV08061.1	3a3d5da58461dda73a2c3a9f95a01dab	337	PANTHER	PTHR10680	PEPTIDYL-GLYCINE ALPHA-AMIDATING MONOOXYGENASE	111	302	1.3E-25	T	22-04-2026	-	-	-	-
GAV08061.1	3a3d5da58461dda73a2c3a9f95a01dab	337	Pfam	PF01082	Copper type II ascorbate-dependent monooxygenase, N-terminal domain	34	152	5.5E-20	T	22-04-2026	IPR000323	Copper type II, ascorbate-dependent monooxygenase, N-terminal	-	-
GAV08061.1	3a3d5da58461dda73a2c3a9f95a01dab	337	Pfam	PF03712	Copper type II ascorbate-dependent monooxygenase, C-terminal domain	179	323	7.7E-34	T	22-04-2026	IPR024548	Copper type II ascorbate-dependent monooxygenase, C-terminal	-	-
GAV08061.1	3a3d5da58461dda73a2c3a9f95a01dab	337	SUPERFAMILY	SSF49742	PHM/PNGase F	28	172	5.23E-35	T	22-04-2026	IPR008977	PHM/PNGase F domain superfamily	-	-
GAV08061.1	3a3d5da58461dda73a2c3a9f95a01dab	337	PRINTS	PR00790	Peptidyl-glycine alpha-amidating monooxygenase signature	62	83	9.5E-15	T	22-04-2026	IPR000720	Peptidylglycine alpha-hydroxylating monooxygenase/peptidyl-hydroxyglycine alpha-amidating lyase	-	-
GAV08061.1	3a3d5da58461dda73a2c3a9f95a01dab	337	PRINTS	PR00790	Peptidyl-glycine alpha-amidating monooxygenase signature	283	302	9.5E-15	T	22-04-2026	IPR000720	Peptidylglycine alpha-hydroxylating monooxygenase/peptidyl-hydroxyglycine alpha-amidating lyase	-	-
GAV08061.1	3a3d5da58461dda73a2c3a9f95a01dab	337	PRINTS	PR00790	Peptidyl-glycine alpha-amidating monooxygenase signature	237	256	9.5E-15	T	22-04-2026	IPR000720	Peptidylglycine alpha-hydroxylating monooxygenase/peptidyl-hydroxyglycine alpha-amidating lyase	-	-
GAV08061.1	3a3d5da58461dda73a2c3a9f95a01dab	337	Gene3D	G3DSA:2.60.120.310	-	23	177	3.7E-37	T	22-04-2026	IPR036939	Copper type II, ascorbate-dependent monooxygenase, N-terminal domain superfamily	-	-
GAV08061.1	3a3d5da58461dda73a2c3a9f95a01dab	337	FunFam	G3DSA:2.60.120.310:FF:000005	Peptidylglycine alpha-hydroxylating monooxygenase	22	180	2.6E-50	T	22-04-2026	-	-	-	-
GAV08061.1	3a3d5da58461dda73a2c3a9f95a01dab	337	ProSitePatterns	PS00085	Copper type II, ascorbate-dependent monooxygenases signature 2.	212	224	-	T	22-04-2026	IPR014783	Copper type II, ascorbate-dependent monooxygenase, histidine-cluster-2 conserved site	-	-
GAV08061.1	3a3d5da58461dda73a2c3a9f95a01dab	337	Gene3D	G3DSA:2.60.120.230	-	181	325	5.9E-35	T	22-04-2026	IPR014784	Copper type II, ascorbate-dependent monooxygenase-like, C-terminal	-	-
GAV00038.1	fb8749d8b43c77826a2046d46fdaaf32	334	CDD	cd00637	7tm_classA_rhodopsin-like	31	284	2.31145E-11	T	22-04-2026	-	-	-	-
GAV00038.1	fb8749d8b43c77826a2046d46fdaaf32	334	PANTHER	PTHR24246	OLFACTORY RECEPTOR AND ADENOSINE RECEPTOR	11	310	1.5E-18	T	22-04-2026	-	-	-	-
GAV00038.1	fb8749d8b43c77826a2046d46fdaaf32	334	Gene3D	G3DSA:1.20.1070.10	-	10	307	9.9E-24	T	22-04-2026	-	-	-	-
GAV00038.1	fb8749d8b43c77826a2046d46fdaaf32	334	Pfam	PF00001	7 transmembrane receptor (rhodopsin family)	37	282	7.5E-7	T	22-04-2026	IPR000276	G protein-coupled receptor, rhodopsin-like	-	-
GAV00038.1	fb8749d8b43c77826a2046d46fdaaf32	334	SUPERFAMILY	SSF81321	Family A G protein-coupled receptor-like	8	317	3.48E-23	T	22-04-2026	-	-	-	-
GAV00038.1	fb8749d8b43c77826a2046d46fdaaf32	334	ProSiteProfiles	PS50262	G-protein coupled receptors family 1 profile.	36	282	16.018414	T	22-04-2026	IPR017452	GPCR, rhodopsin-like, 7TM	-	-
GAU97870.1	8c7c6dae6ece6ebd81cb485d52fe33ad	408	MobiDBLite	mobidb-lite	consensus disorder prediction	364	408	-	T	22-04-2026	-	-	-	-
GAU97870.1	8c7c6dae6ece6ebd81cb485d52fe33ad	408	PANTHER	PTHR22883	ZINC FINGER DHHC DOMAIN CONTAINING PROTEIN	82	362	2.6E-53	T	22-04-2026	-	-	-	-
GAU97870.1	8c7c6dae6ece6ebd81cb485d52fe33ad	408	MobiDBLite	mobidb-lite	consensus disorder prediction	1	24	-	T	22-04-2026	-	-	-	-
GAU97870.1	8c7c6dae6ece6ebd81cb485d52fe33ad	408	MobiDBLite	mobidb-lite	consensus disorder prediction	364	395	-	T	22-04-2026	-	-	-	-
GAU97870.1	8c7c6dae6ece6ebd81cb485d52fe33ad	408	Pfam	PF01529	DHHC palmitoyltransferase	181	305	5.2E-33	T	22-04-2026	IPR001594	Palmitoyltransferase, DHHC domain	-	-
GAU97870.1	8c7c6dae6ece6ebd81cb485d52fe33ad	408	ProSiteProfiles	PS50216	DHHC domain profile.	183	233	27.563492	T	22-04-2026	-	-	-	-
GAU97870.1	8c7c6dae6ece6ebd81cb485d52fe33ad	408	MobiDBLite	mobidb-lite	consensus disorder prediction	1	15	-	T	22-04-2026	-	-	-	-
