gene,category,gene_base.x,cds_header,cds_seqname,locus_tag,protein_desc_from_cds,protein_id,gene_base.y,locus_base,protein_header,protein_desc_from_protein,protein_present_in_faa,match_type,gene.y,gene.x,gene_base
RvY_07877-1,Instability-only,RvY_07877,lcl|BDGG01000003.1_cds_GAU96428.1_9326 [gene=RvY_07877-1] [locus_tag=RvY_07877] [protein=hypothetical protein] [protein_id=GAU96428.1] [location=3990397..3990612] [gbkey=CDS],lcl|BDGG01000003.1_cds_GAU96428.1_9326,RvY_07877,hypothetical protein,GAU96428.1,RvY_07877,RvY_07877,GAU96428.1 hypothetical protein RvY_07877 [Ramazzottius varieornatus],hypothetical protein RvY_07877,TRUE,exact_gene,NA,NA,NA
RvY_02420-1,Instability-only,RvY_02420,"lcl|BDGG01000001.1_cds_GAU89928.1_2826 [gene=RvY_02420-1] [locus_tag=RvY_02420] [protein=SAHS5] [protein_id=GAU89928.1] [location=complement(join(6735909..6735968,6736037..6736144,6736243..6736415,6736484..6736606,6736683..6736716))] [gbkey=CDS]",lcl|BDGG01000001.1_cds_GAU89928.1_2826,RvY_02420,SAHS5,GAU89928.1,RvY_02420,RvY_02420,GAU89928.1 SAHS5 [Ramazzottius varieornatus],SAHS5,TRUE,exact_gene,NA,NA,NA
RvY_03909,Instability-only,RvY_03909,"lcl|BDGG01000002.1_cds_GAU91702.1_4600 [gene=RvY_03909] [locus_tag=RvY_03909-1] [protein=hypothetical protein] [protein_id=GAU91702.1] [location=complement(join(1447252..1447503,1447754..1447787,1448295..1448475,1448770..1448842))] [gbkey=CDS]",lcl|BDGG01000002.1_cds_GAU91702.1_4600,RvY_03909-1,hypothetical protein,GAU91702.1,RvY_03909,RvY_03909,GAU91702.1 hypothetical protein RvY_03909-1 [Ramazzottius varieornatus],hypothetical protein RvY_03909-1,TRUE,exact_gene,NA,NA,NA
RvY_01282-1,Instability-only,RvY_01282,"lcl|BDGG01000001.1_cds_GAU88613.1_1511 [gene=RvY_01282-1] [locus_tag=RvY_01282] [protein=hypothetical protein] [protein_id=GAU88613.1] [location=join(3733501..3733579,3733675..3733843,3733921..3734198,3734287..3734517,3734648..3734745)] [gbkey=CDS]",lcl|BDGG01000001.1_cds_GAU88613.1_1511,RvY_01282,hypothetical protein,GAU88613.1,RvY_01282,RvY_01282,GAU88613.1 hypothetical protein RvY_01282 [Ramazzottius varieornatus],hypothetical protein RvY_01282,TRUE,exact_gene,NA,NA,NA
RvY_19428-1,Instability-only,RvY_19428,"lcl|BDGG01000072.1_cds_GAV09949.1_22846 [gene=RvY_19428-1] [locus_tag=RvY_19428] [protein=hypothetical protein] [protein_id=GAV09949.1] [location=join(425..929,1078..1445)] [gbkey=CDS]",lcl|BDGG01000072.1_cds_GAV09949.1_22846,RvY_19428,hypothetical protein,GAV09949.1,RvY_19428,RvY_19428,GAV09949.1 hypothetical protein RvY_19428 [Ramazzottius varieornatus],hypothetical protein RvY_19428,TRUE,exact_gene,NA,NA,NA
RvY_02443-1,Instability-only,RvY_02443,"lcl|BDGG01000001.1_cds_GAU89953.1_2851 [gene=RvY_02443-1] [locus_tag=RvY_02443] [protein=hypothetical protein] [protein_id=GAU89953.1] [location=complement(join(6798406..6798622,6798700..6798824,6798909..6799087,6799167..6799292,6799389..6799571,6799652..6799853,6800002..6800526))] [gbkey=CDS]",lcl|BDGG01000001.1_cds_GAU89953.1_2851,RvY_02443,hypothetical protein,GAU89953.1,RvY_02443,RvY_02443,GAU89953.1 hypothetical protein RvY_02443 [Ramazzottius varieornatus],hypothetical protein RvY_02443,TRUE,exact_gene,NA,NA,NA
RvY_15742-1,Instability-only,RvY_15742,"lcl|BDGG01000012.1_cds_GAV05642.1_18539 [gene=RvY_15742-1] [locus_tag=RvY_15742] [protein=hypothetical protein] [protein_id=GAV05642.1] [location=complement(join(1024635..1024805,1025095..1025286))] [gbkey=CDS]",lcl|BDGG01000012.1_cds_GAV05642.1_18539,RvY_15742,hypothetical protein,GAV05642.1,RvY_15742,RvY_15742,GAV05642.1 hypothetical protein RvY_15742 [Ramazzottius varieornatus],hypothetical protein RvY_15742,TRUE,exact_gene,NA,NA,NA
RvY_07465-1,Instability-only,RvY_07465,"lcl|BDGG01000003.1_cds_GAU95949.1_8847 [gene=RvY_07465-1] [locus_tag=RvY_07465] [protein=hypothetical protein] [protein_id=GAU95949.1] [location=complement(join(2891465..2891606,2891674..2891729,2891791..2891857,2891937..2892841,2892925..2892990))] [gbkey=CDS]",lcl|BDGG01000003.1_cds_GAU95949.1_8847,RvY_07465,hypothetical protein,GAU95949.1,RvY_07465,RvY_07465,GAU95949.1 hypothetical protein RvY_07465 [Ramazzottius varieornatus],hypothetical protein RvY_07465,TRUE,exact_gene,NA,NA,NA
RvY_11878-1,Instability-only,RvY_11878,"lcl|BDGG01000007.1_cds_GAV01117.1_14014 [gene=RvY_11878-1] [locus_tag=RvY_11878] [protein=hypothetical protein] [protein_id=GAV01117.1] [location=complement(join(58824..59377,59453..59600))] [gbkey=CDS]",lcl|BDGG01000007.1_cds_GAV01117.1_14014,RvY_11878,hypothetical protein,GAV01117.1,RvY_11878,RvY_11878,GAV01117.1 hypothetical protein RvY_11878 [Ramazzottius varieornatus],hypothetical protein RvY_11878,TRUE,exact_gene,NA,NA,NA
RvY_02824-1,Instability-only,RvY_02824,"lcl|BDGG01000001.1_cds_GAU90404.1_3302 [gene=RvY_02824-1] [locus_tag=RvY_02824] [protein=hypothetical protein] [protein_id=GAU90404.1] [location=join(7861812..7861983,7862065..7862292,7862362..7862445,7862522..7862604)] [gbkey=CDS]",lcl|BDGG01000001.1_cds_GAU90404.1_3302,RvY_02824,hypothetical protein,GAU90404.1,RvY_02824,RvY_02824,GAU90404.1 hypothetical protein RvY_02824 [Ramazzottius varieornatus],hypothetical protein RvY_02824,TRUE,exact_gene,NA,NA,NA
RvY_16120,Instability-only,RvY_16120,lcl|BDGG01000013.1_cds_GAV06085.1_18982 [gene=RvY_16120] [locus_tag=RvY_16120-1] [protein=hypothetical protein] [protein_id=GAV06085.1] [location=301921..302436] [gbkey=CDS],lcl|BDGG01000013.1_cds_GAV06085.1_18982,RvY_16120-1,hypothetical protein,GAV06085.1,RvY_16120,RvY_16120,GAV06085.1 hypothetical protein RvY_16120-1 [Ramazzottius varieornatus],hypothetical protein RvY_16120-1,TRUE,exact_gene,NA,NA,NA
RvY_04438-1,Instability-only,RvY_04438,"lcl|BDGG01000002.1_cds_GAU92345.1_5243 [gene=RvY_04438-1] [locus_tag=RvY_04438] [protein=hypothetical protein] [protein_id=GAU92345.1] [location=complement(join(3001156..3001883,3002004..3002034))] [gbkey=CDS]",lcl|BDGG01000002.1_cds_GAU92345.1_5243,RvY_04438,hypothetical protein,GAU92345.1,RvY_04438,RvY_04438,GAU92345.1 hypothetical protein RvY_04438 [Ramazzottius varieornatus],hypothetical protein RvY_04438,TRUE,exact_gene,NA,NA,NA
RvY_14730-1,Instability-only,RvY_14730,"lcl|BDGG01000011.1_cds_GAV04458.1_17355 [gene=RvY_14730-1] [locus_tag=RvY_14730] [protein=hypothetical protein] [protein_id=GAV04458.1] [location=complement(join(5093..5642,5700..6484,6934..7587,7677..7952))] [gbkey=CDS]",lcl|BDGG01000011.1_cds_GAV04458.1_17355,RvY_14730,hypothetical protein,GAV04458.1,RvY_14730,RvY_14730,GAV04458.1 hypothetical protein RvY_14730 [Ramazzottius varieornatus],hypothetical protein RvY_14730,TRUE,exact_gene,NA,NA,NA
RvY_19217-1,Instability-only,RvY_19217,lcl|BDGG01000026.1_cds_GAV09728.1_22625 [gene=RvY_19217-1] [locus_tag=RvY_19217] [protein=hypothetical protein] [protein_id=GAV09728.1] [location=complement(22878..23219)] [gbkey=CDS],lcl|BDGG01000026.1_cds_GAV09728.1_22625,RvY_19217,hypothetical protein,GAV09728.1,RvY_19217,RvY_19217,GAV09728.1 hypothetical protein RvY_19217 [Ramazzottius varieornatus],hypothetical protein RvY_19217,TRUE,exact_gene,NA,NA,NA
RvY_09977,Instability-only,RvY_09977,"lcl|BDGG01000005.1_cds_GAU98895.1_11793 [gene=RvY_09977] [locus_tag=RvY_09977-2] [protein=hypothetical protein] [protein_id=GAU98895.1] [location=join(425114..425536,425621..425842)] [gbkey=CDS]",lcl|BDGG01000005.1_cds_GAU98895.1_11793,RvY_09977-2,hypothetical protein,GAU98895.1,RvY_09977,RvY_09977,GAU98895.1 hypothetical protein RvY_09977-2 [Ramazzottius varieornatus],hypothetical protein RvY_09977-2,TRUE,exact_gene,NA,NA,NA
RvY_02617,Instability-only,RvY_02617,"lcl|BDGG01000001.1_cds_GAU90157.1_3055 [gene=RvY_02617] [locus_tag=RvY_02617-2] [protein=hypothetical protein] [protein_id=GAU90157.1] [location=join(7312859..7312959,7315489..7315682,7317445..7317791,7321466..7321617,7329158..7329170)] [gbkey=CDS]",lcl|BDGG01000001.1_cds_GAU90157.1_3055,RvY_02617-2,hypothetical protein,GAU90157.1,RvY_02617,RvY_02617,GAU90157.1 hypothetical protein RvY_02617-2 [Ramazzottius varieornatus],hypothetical protein RvY_02617-2,TRUE,exact_gene,NA,NA,NA
RvY_14133,Instability-only,RvY_14133,"lcl|BDGG01000010.1_cds_GAV03750.1_16647 [gene=RvY_14133] [locus_tag=RvY_14133-1] [protein=hypothetical protein] [protein_id=GAV03750.1] [location=complement(join(163205..163977,164352..164523,164616..164783,165294..165473,165662..165844))] [gbkey=CDS]",lcl|BDGG01000010.1_cds_GAV03750.1_16647,RvY_14133-1,hypothetical protein,GAV03750.1,RvY_14133,RvY_14133,GAV03750.1 hypothetical protein RvY_14133-1 [Ramazzottius varieornatus],hypothetical protein RvY_14133-1,TRUE,exact_gene,NA,NA,NA
RvY_19489-1,Instability-only,RvY_19489,"lcl|BDGG01000104.1_cds_GAV10004.1_22901 [gene=RvY_19489-1] [locus_tag=RvY_19489] [protein=hypothetical protein] [protein_id=GAV10004.1] [location=complement(join(329..589,666..788,981..1337,1462..1551,1745..1909))] [gbkey=CDS]",lcl|BDGG01000104.1_cds_GAV10004.1_22901,RvY_19489,hypothetical protein,GAV10004.1,RvY_19489,RvY_19489,GAV10004.1 hypothetical protein RvY_19489 [Ramazzottius varieornatus],hypothetical protein RvY_19489,TRUE,exact_gene,NA,NA,NA
RvY_05756-1,Instability-only,RvY_05756,"lcl|BDGG01000002.1_cds_GAU93891.1_6789 [gene=RvY_05756-1] [locus_tag=RvY_05756] [protein=hypothetical protein] [protein_id=GAU93891.1] [location=complement(join(7101960..7102035,7102173..7102453))] [gbkey=CDS]",lcl|BDGG01000002.1_cds_GAU93891.1_6789,RvY_05756,hypothetical protein,GAU93891.1,RvY_05756,RvY_05756,GAU93891.1 hypothetical protein RvY_05756 [Ramazzottius varieornatus],hypothetical protein RvY_05756,TRUE,exact_gene,NA,NA,NA
RvY_00460-1,Instability-only,RvY_00460,"lcl|BDGG01000001.1_cds_GAU87645.1_543 [gene=RvY_00460-1] [locus_tag=RvY_00460] [protein=hypothetical protein] [protein_id=GAU87645.1] [location=complement(join(1318968..1319214,1319315..1319419,1319526..1319953,1320216..1320539,1320606..1320962,1321121..1321291,1321391..1321555,1321677..1321826,1321924..1322498,1322599..1322641))] [gbkey=CDS]",lcl|BDGG01000001.1_cds_GAU87645.1_543,RvY_00460,hypothetical protein,GAU87645.1,RvY_00460,RvY_00460,GAU87645.1 hypothetical protein RvY_00460 [Ramazzottius varieornatus],hypothetical protein RvY_00460,TRUE,exact_gene,NA,NA,NA
RvY_06540-1,Instability-only,RvY_06540,"lcl|BDGG01000003.1_cds_GAU94830.1_7728 [gene=RvY_06540-1] [locus_tag=RvY_06540] [protein=hypothetical protein] [protein_id=GAU94830.1] [location=complement(join(285767..286072,286244..286406,286472..286631,286718..286919,286991..287171,287483..287971,288065..288360,288456..288496,288562..288612,288733..289078))] [gbkey=CDS]",lcl|BDGG01000003.1_cds_GAU94830.1_7728,RvY_06540,hypothetical protein,GAU94830.1,RvY_06540,RvY_06540,GAU94830.1 hypothetical protein RvY_06540 [Ramazzottius varieornatus],hypothetical protein RvY_06540,TRUE,exact_gene,NA,NA,NA
RvY_17121-1,Instability-only,RvY_17121,"lcl|BDGG01000014.1_cds_GAV07261.1_20158 [gene=RvY_17121-1] [locus_tag=RvY_17121] [protein=hypothetical protein] [protein_id=GAV07261.1] [location=complement(join(1521428..1521619,1521736..1521759))] [gbkey=CDS]",lcl|BDGG01000014.1_cds_GAV07261.1_20158,RvY_17121,hypothetical protein,GAV07261.1,RvY_17121,RvY_17121,GAV07261.1 hypothetical protein RvY_17121 [Ramazzottius varieornatus],hypothetical protein RvY_17121,TRUE,exact_gene,NA,NA,NA
RvY_19669-1,Instability-only,RvY_19669,"lcl|BDGG01000179.1_cds_GAV10094.1_22991 [gene=RvY_19669-1] [locus_tag=RvY_19669] [protein=hypothetical protein] [partial=5'] [protein_id=GAV10094.1] [location=complement(join(399..639,709..>842))] [gbkey=CDS]",lcl|BDGG01000179.1_cds_GAV10094.1_22991,RvY_19669,hypothetical protein,GAV10094.1,RvY_19669,RvY_19669,"GAV10094.1 hypothetical protein RvY_19669, partial [Ramazzottius varieornatus]","hypothetical protein RvY_19669, partial",TRUE,exact_gene,NA,NA,NA
RvY_10593-1,Instability-only,RvY_10593,"lcl|BDGG01000005.1_cds_GAU99625.1_12523 [gene=RvY_10593-1] [locus_tag=RvY_10593] [protein=hypothetical protein] [protein_id=GAU99625.1] [location=complement(join(2133253..2133593,2133672..2133761,2133834..2134023,2134097..2134228,2134302..2134521,2134611..2134709,2134781..2134994,2135075..2135111))] [gbkey=CDS]",lcl|BDGG01000005.1_cds_GAU99625.1_12523,RvY_10593,hypothetical protein,GAU99625.1,RvY_10593,RvY_10593,GAU99625.1 hypothetical protein RvY_10593 [Ramazzottius varieornatus],hypothetical protein RvY_10593,TRUE,exact_gene,NA,NA,NA
RvY_01202,Instability-only,RvY_01202,"lcl|BDGG01000001.1_cds_GAU88515.1_1413 [gene=RvY_01202] [locus_tag=RvY_01202-1] [protein=hypothetical protein] [protein_id=GAU88515.1] [location=join(3475669..3475966,3476301..3476433,3476507..3476678,3476738..3477334)] [gbkey=CDS]",lcl|BDGG01000001.1_cds_GAU88515.1_1413,RvY_01202-1,hypothetical protein,GAU88515.1,RvY_01202,RvY_01202,GAU88515.1 hypothetical protein RvY_01202-1 [Ramazzottius varieornatus],hypothetical protein RvY_01202-1,TRUE,exact_gene,NA,NA,NA
RvY_13378-1,Instability-only,RvY_13378,"lcl|BDGG01000008.1_cds_GAV02866.1_15763 [gene=RvY_13378-1] [locus_tag=RvY_13378] [protein=hypothetical protein] [protein_id=GAV02866.1] [location=complement(join(1966266..1966407,1966472..1967447,1967653..1967887))] [gbkey=CDS]",lcl|BDGG01000008.1_cds_GAV02866.1_15763,RvY_13378,hypothetical protein,GAV02866.1,RvY_13378,RvY_13378,GAV02866.1 hypothetical protein RvY_13378 [Ramazzottius varieornatus],hypothetical protein RvY_13378,TRUE,exact_gene,NA,NA,NA
RvY_12589-1,Instability-only,RvY_12589,"lcl|BDGG01000007.1_cds_GAV01966.1_14863 [gene=RvY_12589-1] [locus_tag=RvY_12589] [protein=hypothetical protein] [protein_id=GAV01966.1] [location=join(2077875..2077959,2078050..2078084,2078157..2078262,2078350..2078428,2080040..2080113,2080221..2080277,2080344..2080407,2080529..2080604,2080683..2081783)] [gbkey=CDS]",lcl|BDGG01000007.1_cds_GAV01966.1_14863,RvY_12589,hypothetical protein,GAV01966.1,RvY_12589,RvY_12589,GAV01966.1 hypothetical protein RvY_12589 [Ramazzottius varieornatus],hypothetical protein RvY_12589,TRUE,exact_gene,NA,NA,NA
RvY_12426-1,Instability-only,RvY_12426,"lcl|BDGG01000007.1_cds_GAV01768.1_14665 [gene=RvY_12426-1] [locus_tag=RvY_12426] [protein=hypothetical protein] [protein_id=GAV01768.1] [location=complement(join(1669128..1669525,1669596..1669797,1669898..1670047,1670122..1670464,1670570..1670969,1671049..1671181))] [gbkey=CDS]",lcl|BDGG01000007.1_cds_GAV01768.1_14665,RvY_12426,hypothetical protein,GAV01768.1,RvY_12426,RvY_12426,GAV01768.1 hypothetical protein RvY_12426 [Ramazzottius varieornatus],hypothetical protein RvY_12426,TRUE,exact_gene,NA,NA,NA
RvY_05865-1,Instability-only,RvY_05865,"lcl|BDGG01000002.1_cds_GAU94017.1_6915 [gene=RvY_05865-1] [locus_tag=RvY_05865] [protein=hypothetical protein] [protein_id=GAU94017.1] [location=join(7388574..7389105,7389184..7389260,7389359..7389418,7389485..7389786,7389848..7389941,7390008..7390073)] [gbkey=CDS]",lcl|BDGG01000002.1_cds_GAU94017.1_6915,RvY_05865,hypothetical protein,GAU94017.1,RvY_05865,RvY_05865,GAU94017.1 hypothetical protein RvY_05865 [Ramazzottius varieornatus],hypothetical protein RvY_05865,TRUE,exact_gene,NA,NA,NA
RvY_08410,Instability-only,RvY_08410,"lcl|BDGG01000004.1_cds_GAU97050.1_9948 [gene=RvY_08410] [locus_tag=RvY_08410-2] [protein=hypothetical protein] [protein_id=GAU97050.1] [location=complement(join(123134..123371,123430..123751,124095..124338))] [gbkey=CDS]",lcl|BDGG01000004.1_cds_GAU97050.1_9948,RvY_08410-2,hypothetical protein,GAU97050.1,RvY_08410,RvY_08410,GAU97050.1 hypothetical protein RvY_08410-2 [Ramazzottius varieornatus],hypothetical protein RvY_08410-2,TRUE,exact_gene,NA,NA,NA
RvY_18994-1,Instability-only,RvY_18994,"lcl|BDGG01000022.1_cds_GAV09450.1_22347 [gene=RvY_18994-1] [locus_tag=RvY_18994] [protein=hypothetical protein] [protein_id=GAV09450.1] [location=complement(join(259395..259639,259725..259911,259975..260125,260187..260578,260669..260767,261068..261144,261221..261487,261556..261822,261903..262358,262427..262589))] [gbkey=CDS]",lcl|BDGG01000022.1_cds_GAV09450.1_22347,RvY_18994,hypothetical protein,GAV09450.1,RvY_18994,RvY_18994,GAV09450.1 hypothetical protein RvY_18994 [Ramazzottius varieornatus],hypothetical protein RvY_18994,TRUE,exact_gene,NA,NA,NA
RvY_14535-1,Instability-only,RvY_14535,"lcl|BDGG01000010.1_cds_GAV04223.1_17120 [gene=RvY_14535-1] [locus_tag=RvY_14535] [protein=hypothetical protein] [protein_id=GAV04223.1] [location=join(1322313..1322355,1322503..1322799,1322862..1323110,1323184..1323417,1323480..1323955,1324038..1324824,1324977..1325507,1325719..1326222,1326427..1327293,1327488..1327694,1327778..1327873,1327947..1328204,1328265..1328431)] [gbkey=CDS]",lcl|BDGG01000010.1_cds_GAV04223.1_17120,RvY_14535,hypothetical protein,GAV04223.1,RvY_14535,RvY_14535,GAV04223.1 hypothetical protein RvY_14535 [Ramazzottius varieornatus],hypothetical protein RvY_14535,TRUE,exact_gene,NA,NA,NA
RvY_10290,Instability-only,RvY_10290,"lcl|BDGG01000005.1_cds_GAU99261.1_12159 [gene=RvY_10290] [locus_tag=RvY_10290-1] [protein=hypothetical protein] [protein_id=GAU99261.1] [location=join(1303089..1303267,1303336..1303470,1303544..1303754,1303818..1303975,1304056..1304092,1304159..1304284,1304369..1304446,1304537..1304592,1304655..1304786,1304848..1305027,1305214..1305627,1306071..1306152)] [gbkey=CDS]",lcl|BDGG01000005.1_cds_GAU99261.1_12159,RvY_10290-1,hypothetical protein,GAU99261.1,RvY_10290,RvY_10290,GAU99261.1 hypothetical protein RvY_10290-1 [Ramazzottius varieornatus],hypothetical protein RvY_10290-1,TRUE,exact_gene,NA,NA,NA
RvY_03382,Instability-only,RvY_03382,"lcl|BDGG01000002.1_cds_GAU91053.1_3951 [gene=RvY_03382] [locus_tag=RvY_03382-1] [protein=hypothetical protein] [protein_id=GAU91053.1] [location=complement(join(411..449,568..729,822..983,1046..1266,1389..1809))] [gbkey=CDS]",lcl|BDGG01000002.1_cds_GAU91053.1_3951,RvY_03382-1,hypothetical protein,GAU91053.1,RvY_03382,RvY_03382,GAU91053.1 hypothetical protein RvY_03382-1 [Ramazzottius varieornatus],hypothetical protein RvY_03382-1,TRUE,exact_gene,NA,NA,NA
RvY_04310-1,Instability-only,RvY_04310,"lcl|BDGG01000002.1_cds_GAU92197.1_5095 [gene=RvY_04310-1] [locus_tag=RvY_04310] [protein=hypothetical protein] [protein_id=GAU92197.1] [location=complement(join(2646073..2646671,2646867..2647078,2647171..2647300,2647502..2648131,2648292..2648343))] [gbkey=CDS]",lcl|BDGG01000002.1_cds_GAU92197.1_5095,RvY_04310,hypothetical protein,GAU92197.1,RvY_04310,RvY_04310,GAU92197.1 hypothetical protein RvY_04310 [Ramazzottius varieornatus],hypothetical protein RvY_04310,TRUE,exact_gene,NA,NA,NA
RvY_01734-1,Instability-only,RvY_01734,lcl|BDGG01000001.1_cds_GAU89150.1_2048 [gene=RvY_01734-1] [locus_tag=RvY_01734] [protein=hypothetical protein] [protein_id=GAU89150.1] [location=4998034..4998522] [gbkey=CDS],lcl|BDGG01000001.1_cds_GAU89150.1_2048,RvY_01734,hypothetical protein,GAU89150.1,RvY_01734,RvY_01734,GAU89150.1 hypothetical protein RvY_01734 [Ramazzottius varieornatus],hypothetical protein RvY_01734,TRUE,exact_gene,NA,NA,NA
RvY_13663-1,Instability-only,RvY_13663,"lcl|BDGG01000009.1_cds_GAV03204.1_16101 [gene=RvY_13663-1] [locus_tag=RvY_13663] [protein=hypothetical protein] [protein_id=GAV03204.1] [location=complement(join(712998..713170,713252..713339))] [gbkey=CDS]",lcl|BDGG01000009.1_cds_GAV03204.1_16101,RvY_13663,hypothetical protein,GAV03204.1,RvY_13663,RvY_13663,GAV03204.1 hypothetical protein RvY_13663 [Ramazzottius varieornatus],hypothetical protein RvY_13663,TRUE,exact_gene,NA,NA,NA
RvY_03054,Instability-only,RvY_03054,"lcl|BDGG01000001.1_cds_GAU90668.1_3566 [gene=RvY_03054] [locus_tag=RvY_03054-1] [protein=hypothetical protein] [protein_id=GAU90668.1] [location=join(8475241..8475453,8475715..8475807,8476034..8476258)] [gbkey=CDS]",lcl|BDGG01000001.1_cds_GAU90668.1_3566,RvY_03054-1,hypothetical protein,GAU90668.1,RvY_03054,RvY_03054,GAU90668.1 hypothetical protein RvY_03054-1 [Ramazzottius varieornatus],hypothetical protein RvY_03054-1,TRUE,exact_gene,NA,NA,NA
RvY_18153-1,Instability-only,RvY_18153,"lcl|BDGG01000017.1_cds_GAV08470.1_21367 [gene=RvY_18153-1] [locus_tag=RvY_18153] [protein=hypothetical protein] [protein_id=GAV08470.1] [location=join(762039..762206,762293..762382,762642..762755,762828..762953,763099..763152)] [gbkey=CDS]",lcl|BDGG01000017.1_cds_GAV08470.1_21367,RvY_18153,hypothetical protein,GAV08470.1,RvY_18153,RvY_18153,GAV08470.1 hypothetical protein RvY_18153 [Ramazzottius varieornatus],hypothetical protein RvY_18153,TRUE,exact_gene,NA,NA,NA
RvY_03078-1,Instability-only,RvY_03078,"lcl|BDGG01000001.1_cds_GAU90698.1_3596 [gene=RvY_03078-1] [locus_tag=RvY_03078] [protein=hypothetical protein] [protein_id=GAU90698.1] [location=complement(join(8528723..8528807,8528870..8529279))] [gbkey=CDS]",lcl|BDGG01000001.1_cds_GAU90698.1_3596,RvY_03078,hypothetical protein,GAU90698.1,RvY_03078,RvY_03078,GAU90698.1 hypothetical protein RvY_03078 [Ramazzottius varieornatus],hypothetical protein RvY_03078,TRUE,exact_gene,NA,NA,NA
RvY_11656-1,Instability-only,RvY_11656,"lcl|BDGG01000006.1_cds_GAV00868.1_13765 [gene=RvY_11656-1] [locus_tag=RvY_11656] [protein=hypothetical protein] [protein_id=GAV00868.1] [location=join(1906391..1906521,1906576..1907008)] [gbkey=CDS]",lcl|BDGG01000006.1_cds_GAV00868.1_13765,RvY_11656,hypothetical protein,GAV00868.1,RvY_11656,RvY_11656,GAV00868.1 hypothetical protein RvY_11656 [Ramazzottius varieornatus],hypothetical protein RvY_11656,TRUE,exact_gene,NA,NA,NA
RvY_16778-1,Instability-only,RvY_16778,"lcl|BDGG01000014.1_cds_GAV06863.1_19760 [gene=RvY_16778-1] [locus_tag=RvY_16778] [protein=hypothetical protein] [protein_id=GAV06863.1] [location=complement(join(575312..576063,576174..576306))] [gbkey=CDS]",lcl|BDGG01000014.1_cds_GAV06863.1_19760,RvY_16778,hypothetical protein,GAV06863.1,RvY_16778,RvY_16778,GAV06863.1 hypothetical protein RvY_16778 [Ramazzottius varieornatus],hypothetical protein RvY_16778,TRUE,exact_gene,NA,NA,NA
RvY_03711-1,Instability-only,RvY_03711,"lcl|BDGG01000002.1_cds_GAU91465.1_4363 [gene=RvY_03711-1] [locus_tag=RvY_03711] [protein=hypothetical protein] [protein_id=GAU91465.1] [location=complement(join(921616..921686,921806..922277))] [gbkey=CDS]",lcl|BDGG01000002.1_cds_GAU91465.1_4363,RvY_03711,hypothetical protein,GAU91465.1,RvY_03711,RvY_03711,GAU91465.1 hypothetical protein RvY_03711 [Ramazzottius varieornatus],hypothetical protein RvY_03711,TRUE,exact_gene,NA,NA,NA
RvY_17009-1,Instability-only,RvY_17009,lcl|BDGG01000014.1_cds_GAV07133.1_20030 [gene=RvY_17009-1] [locus_tag=RvY_17009] [protein=hypothetical protein] [protein_id=GAV07133.1] [location=1177745..1177996] [gbkey=CDS],lcl|BDGG01000014.1_cds_GAV07133.1_20030,RvY_17009,hypothetical protein,GAV07133.1,RvY_17009,RvY_17009,GAV07133.1 hypothetical protein RvY_17009 [Ramazzottius varieornatus],hypothetical protein RvY_17009,TRUE,exact_gene,NA,NA,NA
RvY_01402-1,Instability-only,RvY_01402,"lcl|BDGG01000001.1_cds_GAU88765.1_1663 [gene=RvY_01402-1] [locus_tag=RvY_01402] [protein=hypothetical protein] [protein_id=GAU88765.1] [location=join(4046789..4047500,4047592..4047955,4048016..4048278,4048336..4048493,4048572..4048733)] [gbkey=CDS]",lcl|BDGG01000001.1_cds_GAU88765.1_1663,RvY_01402,hypothetical protein,GAU88765.1,RvY_01402,RvY_01402,GAU88765.1 hypothetical protein RvY_01402 [Ramazzottius varieornatus],hypothetical protein RvY_01402,TRUE,exact_gene,NA,NA,NA
RvY_11683-1,Instability-only,RvY_11683,"lcl|BDGG01000006.1_cds_GAV00898.1_13795 [gene=RvY_11683-1] [locus_tag=RvY_11683] [protein=hypothetical protein] [protein_id=GAV00898.1] [location=complement(join(1997100..1997579,1997876..1998444,1998786..1999197))] [gbkey=CDS]",lcl|BDGG01000006.1_cds_GAV00898.1_13795,RvY_11683,hypothetical protein,GAV00898.1,RvY_11683,RvY_11683,GAV00898.1 hypothetical protein RvY_11683 [Ramazzottius varieornatus],hypothetical protein RvY_11683,TRUE,exact_gene,NA,NA,NA
RvY_13098-1,Instability-only,RvY_13098,"lcl|BDGG01000008.1_cds_GAV02551.1_15448 [gene=RvY_13098-1] [locus_tag=RvY_13098] [protein=hypothetical protein] [protein_id=GAV02551.1] [location=join(1154549..1154630,1154706..1154894,1155028..1155132,1155245..1155307,1155388..1155761)] [gbkey=CDS]",lcl|BDGG01000008.1_cds_GAV02551.1_15448,RvY_13098,hypothetical protein,GAV02551.1,RvY_13098,RvY_13098,GAV02551.1 hypothetical protein RvY_13098 [Ramazzottius varieornatus],hypothetical protein RvY_13098,TRUE,exact_gene,NA,NA,NA
RvY_04007,Instability-only,RvY_04007,"lcl|BDGG01000002.1_cds_GAU91823.1_4721 [gene=RvY_04007] [locus_tag=RvY_04007-3] [protein=hypothetical protein] [partial=3'] [protein_id=GAU91823.1] [location=complement(join(<1770539..1770723,1770800..1771076))] [gbkey=CDS]",lcl|BDGG01000002.1_cds_GAU91823.1_4721,RvY_04007-3,hypothetical protein,GAU91823.1,RvY_04007,RvY_04007,"GAU91823.1 hypothetical protein RvY_04007-3, partial [Ramazzottius varieornatus]","hypothetical protein RvY_04007-3, partial",TRUE,exact_gene,NA,NA,NA
RvY_08139-1,Instability-only,RvY_08139,"lcl|BDGG01000003.1_cds_GAU96740.1_9638 [gene=RvY_08139-1] [locus_tag=RvY_08139] [protein=hypothetical protein] [protein_id=GAU96740.1] [location=join(4726065..4726239,4726518..4726810,4727028..4727192,4727286..4727936,4728218..4728420,4728491..4729053,4729333..4729664)] [gbkey=CDS]",lcl|BDGG01000003.1_cds_GAU96740.1_9638,RvY_08139,hypothetical protein,GAU96740.1,RvY_08139,RvY_08139,GAU96740.1 hypothetical protein RvY_08139 [Ramazzottius varieornatus],hypothetical protein RvY_08139,TRUE,exact_gene,NA,NA,NA
RvY_16041,Instability-only,RvY_16041,lcl|BDGG01000013.1_cds_GAV05997.1_18894 [gene=RvY_16041] [locus_tag=RvY_16041-2] [protein=hypothetical protein] [protein_id=GAV05997.1] [location=complement(54444..54773)] [gbkey=CDS],lcl|BDGG01000013.1_cds_GAV05997.1_18894,RvY_16041-2,hypothetical protein,GAV05997.1,RvY_16041,RvY_16041,GAV05997.1 hypothetical protein RvY_16041-2 [Ramazzottius varieornatus],hypothetical protein RvY_16041-2,TRUE,exact_gene,NA,NA,NA
RvY_19360-1,Instability-only,RvY_19360,lcl|BDGG01000043.1_cds_GAV09893.1_22790 [gene=RvY_19360-1] [locus_tag=RvY_19360] [protein=hypothetical protein] [protein_id=GAV09893.1] [location=5143..5580] [gbkey=CDS],lcl|BDGG01000043.1_cds_GAV09893.1_22790,RvY_19360,hypothetical protein,GAV09893.1,RvY_19360,RvY_19360,GAV09893.1 hypothetical protein RvY_19360 [Ramazzottius varieornatus],hypothetical protein RvY_19360,TRUE,exact_gene,NA,NA,NA
RvY_07969-1,Instability-only,RvY_07969,"lcl|BDGG01000003.1_cds_GAU96539.1_9437 [gene=RvY_07969-1] [locus_tag=RvY_07969] [protein=hypothetical protein] [protein_id=GAU96539.1] [location=join(4220512..4220698,4220768..4221677,4221877..4222029,4222099..4222165)] [gbkey=CDS]",lcl|BDGG01000003.1_cds_GAU96539.1_9437,RvY_07969,hypothetical protein,GAU96539.1,RvY_07969,RvY_07969,GAU96539.1 hypothetical protein RvY_07969 [Ramazzottius varieornatus],hypothetical protein RvY_07969,TRUE,exact_gene,NA,NA,NA
RvY_17911-1,Instability-only,RvY_17911,"lcl|BDGG01000017.1_cds_GAV08180.1_21077 [gene=RvY_17911-1] [locus_tag=RvY_17911] [protein=hypothetical protein] [protein_id=GAV08180.1] [location=complement(join(75448..75677,75783..75911,76004..76094))] [gbkey=CDS]",lcl|BDGG01000017.1_cds_GAV08180.1_21077,RvY_17911,hypothetical protein,GAV08180.1,RvY_17911,RvY_17911,GAV08180.1 hypothetical protein RvY_17911 [Ramazzottius varieornatus],hypothetical protein RvY_17911,TRUE,exact_gene,NA,NA,NA
RvY_02577-1,Instability-only,RvY_02577,"lcl|BDGG01000001.1_cds_GAU90111.1_3009 [gene=RvY_02577-1] [locus_tag=RvY_02577] [protein=hypothetical protein] [protein_id=GAU90111.1] [location=join(7184420..7184523,7184687..7186238)] [gbkey=CDS]",lcl|BDGG01000001.1_cds_GAU90111.1_3009,RvY_02577,hypothetical protein,GAU90111.1,RvY_02577,RvY_02577,GAU90111.1 hypothetical protein RvY_02577 [Ramazzottius varieornatus],hypothetical protein RvY_02577,TRUE,exact_gene,NA,NA,NA
RvY_10077-1,Instability-only,RvY_10077,lcl|BDGG01000005.1_cds_GAU99016.1_11914 [gene=RvY_10077-1] [locus_tag=RvY_10077] [protein=hypothetical protein] [protein_id=GAU99016.1] [location=complement(746788..747186)] [gbkey=CDS],lcl|BDGG01000005.1_cds_GAU99016.1_11914,RvY_10077,hypothetical protein,GAU99016.1,RvY_10077,RvY_10077,GAU99016.1 hypothetical protein RvY_10077 [Ramazzottius varieornatus],hypothetical protein RvY_10077,TRUE,exact_gene,NA,NA,NA
RvY_17017-1,Instability-only,RvY_17017,"lcl|BDGG01000014.1_cds_GAV07142.1_20039 [gene=RvY_17017-1] [locus_tag=RvY_17017] [protein=hypothetical protein] [protein_id=GAV07142.1] [location=join(1217688..1218004,1219302..1220154)] [gbkey=CDS]",lcl|BDGG01000014.1_cds_GAV07142.1_20039,RvY_17017,hypothetical protein,GAV07142.1,RvY_17017,RvY_17017,GAV07142.1 hypothetical protein RvY_17017 [Ramazzottius varieornatus],hypothetical protein RvY_17017,TRUE,exact_gene,NA,NA,NA
RvY_00302-1,Instability-only,RvY_00302,lcl|BDGG01000001.1_cds_GAU87467.1_365 [gene=RvY_00302-1] [locus_tag=RvY_00302] [protein=hypothetical protein] [protein_id=GAU87467.1] [location=912055..912369] [gbkey=CDS],lcl|BDGG01000001.1_cds_GAU87467.1_365,RvY_00302,hypothetical protein,GAU87467.1,RvY_00302,RvY_00302,GAU87467.1 hypothetical protein RvY_00302 [Ramazzottius varieornatus],hypothetical protein RvY_00302,TRUE,exact_gene,NA,NA,NA
RvY_06583,Instability-only,RvY_06583,"lcl|BDGG01000003.1_cds_GAU94879.1_7777 [gene=RvY_06583] [locus_tag=RvY_06583-1] [protein=hypothetical protein] [protein_id=GAU94879.1] [location=complement(join(404441..404626,404690..404839,404904..405579,405634..405762,405858..406387,406590..406718))] [gbkey=CDS]",lcl|BDGG01000003.1_cds_GAU94879.1_7777,RvY_06583-1,hypothetical protein,GAU94879.1,RvY_06583,RvY_06583,GAU94879.1 hypothetical protein RvY_06583-1 [Ramazzottius varieornatus],hypothetical protein RvY_06583-1,TRUE,exact_gene,NA,NA,NA
RvY_10146-1,Instability-only,RvY_10146,"lcl|BDGG01000005.1_cds_GAU99102.1_12000 [gene=RvY_10146-1] [locus_tag=RvY_10146] [protein=hypothetical protein] [protein_id=GAU99102.1] [location=complement(join(923682..924030,924334..924917))] [gbkey=CDS]",lcl|BDGG01000005.1_cds_GAU99102.1_12000,RvY_10146,hypothetical protein,GAU99102.1,RvY_10146,RvY_10146,GAU99102.1 hypothetical protein RvY_10146 [Ramazzottius varieornatus],hypothetical protein RvY_10146,TRUE,exact_gene,NA,NA,NA
RvY_13484,Instability-only,RvY_13484,"lcl|BDGG01000009.1_cds_GAV02991.1_15888 [gene=RvY_13484] [locus_tag=RvY_13484-1] [protein=hypothetical protein] [protein_id=GAV02991.1] [location=complement(join(249670..249871,249937..250096,251599..251744,252115..252386))] [gbkey=CDS]",lcl|BDGG01000009.1_cds_GAV02991.1_15888,RvY_13484-1,hypothetical protein,GAV02991.1,RvY_13484,RvY_13484,GAV02991.1 hypothetical protein RvY_13484-1 [Ramazzottius varieornatus],hypothetical protein RvY_13484-1,TRUE,exact_gene,NA,NA,NA
RvY_17613,Instability-only,RvY_17613,"lcl|BDGG01000016.1_cds_GAV07822.1_20719 [gene=RvY_17613] [locus_tag=RvY_17613-1] [protein=hypothetical protein] [protein_id=GAV07822.1] [location=complement(join(144901..145161,145232..145514,145593..145639,145904..145992,146068..146161,146301..146418,146651..146719,147660..147746,147811..148055))] [gbkey=CDS]",lcl|BDGG01000016.1_cds_GAV07822.1_20719,RvY_17613-1,hypothetical protein,GAV07822.1,RvY_17613,RvY_17613,GAV07822.1 hypothetical protein RvY_17613-1 [Ramazzottius varieornatus],hypothetical protein RvY_17613-1,TRUE,exact_gene,NA,NA,NA
RvY_17169-1,Instability-only,RvY_17169,"lcl|BDGG01000015.1_cds_GAV07323.1_20220 [gene=RvY_17169-1] [locus_tag=RvY_17169] [protein=hypothetical protein] [protein_id=GAV07323.1] [location=join(164135..164687,165212..165316,165488..166527)] [gbkey=CDS]",lcl|BDGG01000015.1_cds_GAV07323.1_20220,RvY_17169,hypothetical protein,GAV07323.1,RvY_17169,RvY_17169,GAV07323.1 hypothetical protein RvY_17169 [Ramazzottius varieornatus],hypothetical protein RvY_17169,TRUE,exact_gene,NA,NA,NA
RvY_16508-1,Instability-only,RvY_16508,"lcl|BDGG01000013.1_cds_GAV06540.1_19437 [gene=RvY_16508-1] [locus_tag=RvY_16508] [protein=hypothetical protein] [protein_id=GAV06540.1] [location=join(1403453..1403481,1403794..1404022)] [gbkey=CDS]",lcl|BDGG01000013.1_cds_GAV06540.1_19437,RvY_16508,hypothetical protein,GAV06540.1,RvY_16508,RvY_16508,GAV06540.1 hypothetical protein RvY_16508 [Ramazzottius varieornatus],hypothetical protein RvY_16508,TRUE,exact_gene,NA,NA,NA
RvY_07351-1,Instability-only,RvY_07351,"lcl|BDGG01000003.1_cds_GAU95796.1_8694 [gene=RvY_07351-1] [locus_tag=RvY_07351] [protein=hypothetical protein] [protein_id=GAU95796.1] [location=complement(join(2641597..2641964,2642022..2642064))] [gbkey=CDS]",lcl|BDGG01000003.1_cds_GAU95796.1_8694,RvY_07351,hypothetical protein,GAU95796.1,RvY_07351,RvY_07351,GAU95796.1 hypothetical protein RvY_07351 [Ramazzottius varieornatus],hypothetical protein RvY_07351,TRUE,exact_gene,NA,NA,NA
RvY_07904,Instability-only,RvY_07904,"lcl|BDGG01000003.1_cds_GAU96462.1_9360 [gene=RvY_07904] [locus_tag=RvY_07904-1] [protein=hypothetical protein] [protein_id=GAU96462.1] [location=join(4059608..4059700,4059777..4059828,4059902..4059931,4060011..4060032,4060102..4060152,4060222..4060324,4060392..4060425,4060491..4060589,4060668..4060764,4060841..4060925,4060983..4061324)] [gbkey=CDS]",lcl|BDGG01000003.1_cds_GAU96462.1_9360,RvY_07904-1,hypothetical protein,GAU96462.1,RvY_07904,RvY_07904,GAU96462.1 hypothetical protein RvY_07904-1 [Ramazzottius varieornatus],hypothetical protein RvY_07904-1,TRUE,exact_gene,NA,NA,NA
RvY_06298-1,Instability-only,RvY_06298,"lcl|BDGG01000002.1_cds_GAU94543.1_7441 [gene=RvY_06298-1] [locus_tag=RvY_06298] [protein=hypothetical protein] [protein_id=GAU94543.1] [location=complement(join(8645870..8646155,8646280..8646608))] [gbkey=CDS]",lcl|BDGG01000002.1_cds_GAU94543.1_7441,RvY_06298,hypothetical protein,GAU94543.1,RvY_06298,RvY_06298,GAU94543.1 hypothetical protein RvY_06298 [Ramazzottius varieornatus],hypothetical protein RvY_06298,TRUE,exact_gene,NA,NA,NA
RvY_12845-1,Instability-only,RvY_12845,lcl|BDGG01000008.1_cds_GAV02254.1_15151 [gene=RvY_12845-1] [locus_tag=RvY_12845] [protein=hypothetical protein] [protein_id=GAV02254.1] [location=complement(447078..448106)] [gbkey=CDS],lcl|BDGG01000008.1_cds_GAV02254.1_15151,RvY_12845,hypothetical protein,GAV02254.1,RvY_12845,RvY_12845,GAV02254.1 hypothetical protein RvY_12845 [Ramazzottius varieornatus],hypothetical protein RvY_12845,TRUE,exact_gene,NA,NA,NA
RvY_14824-1,Instability-only,RvY_14824,"lcl|BDGG01000011.1_cds_GAV04557.1_17454 [gene=RvY_14824-1] [locus_tag=RvY_14824] [protein=hypothetical protein] [protein_id=GAV04557.1] [location=complement(join(263779..264068,264151..264240,264306..264447,264782..264874))] [gbkey=CDS]",lcl|BDGG01000011.1_cds_GAV04557.1_17454,RvY_14824,hypothetical protein,GAV04557.1,RvY_14824,RvY_14824,GAV04557.1 hypothetical protein RvY_14824 [Ramazzottius varieornatus],hypothetical protein RvY_14824,TRUE,exact_gene,NA,NA,NA
RvY_14697-1,Instability-only,RvY_14697,lcl|BDGG01000010.1_cds_GAV04418.1_17315 [gene=RvY_14697-1] [locus_tag=RvY_14697] [protein=hypothetical protein] [protein_id=GAV04418.1] [location=1790855..1791448] [gbkey=CDS],lcl|BDGG01000010.1_cds_GAV04418.1_17315,RvY_14697,hypothetical protein,GAV04418.1,RvY_14697,RvY_14697,GAV04418.1 hypothetical protein RvY_14697 [Ramazzottius varieornatus],hypothetical protein RvY_14697,TRUE,exact_gene,NA,NA,NA
RvY_08869-1,Instability-only,RvY_08869,lcl|BDGG01000004.1_cds_GAU97596.1_10494 [gene=RvY_08869-1] [locus_tag=RvY_08869] [protein=hypothetical protein] [protein_id=GAU97596.1] [location=complement(1588076..1588381)] [gbkey=CDS],lcl|BDGG01000004.1_cds_GAU97596.1_10494,RvY_08869,hypothetical protein,GAU97596.1,RvY_08869,RvY_08869,GAU97596.1 hypothetical protein RvY_08869 [Ramazzottius varieornatus],hypothetical protein RvY_08869,TRUE,exact_gene,NA,NA,NA
RvY_04206,Instability-only,RvY_04206,"lcl|BDGG01000002.1_cds_GAU92071.1_4969 [gene=RvY_04206] [locus_tag=RvY_04206-1] [protein=hypothetical protein] [protein_id=GAU92071.1] [location=join(2333754..2333779,2333879..2333962,2334105..2334257,2334340..2334397)] [gbkey=CDS]",lcl|BDGG01000002.1_cds_GAU92071.1_4969,RvY_04206-1,hypothetical protein,GAU92071.1,RvY_04206,RvY_04206,GAU92071.1 hypothetical protein RvY_04206-1 [Ramazzottius varieornatus],hypothetical protein RvY_04206-1,TRUE,exact_gene,NA,NA,NA
RvY_15840-1,Instability-only,RvY_15840,"lcl|BDGG01000012.1_cds_GAV05760.1_18657 [gene=RvY_15840-1] [locus_tag=RvY_15840] [protein=hypothetical protein] [protein_id=GAV05760.1] [location=complement(join(1284099..1284546,1284621..1284774,1284862..1284968,1285049..1285194))] [gbkey=CDS]",lcl|BDGG01000012.1_cds_GAV05760.1_18657,RvY_15840,hypothetical protein,GAV05760.1,RvY_15840,RvY_15840,GAV05760.1 hypothetical protein RvY_15840 [Ramazzottius varieornatus],hypothetical protein RvY_15840,TRUE,exact_gene,NA,NA,NA
RvY_02643,Instability-only,RvY_02643,"lcl|BDGG01000001.1_cds_GAU90190.1_3088 [gene=RvY_02643] [locus_tag=RvY_02643-1] [protein=hypothetical protein] [partial=3'] [protein_id=GAU90190.1] [location=join(7387704..7387785,7387909..7387998,7388069..7388194,7388293..>7389557)] [gbkey=CDS]",lcl|BDGG01000001.1_cds_GAU90190.1_3088,RvY_02643-1,hypothetical protein,GAU90190.1,RvY_02643,RvY_02643,"GAU90190.1 hypothetical protein RvY_02643-1, partial [Ramazzottius varieornatus]","hypothetical protein RvY_02643-1, partial",TRUE,exact_gene,NA,NA,NA
RvY_16446,Instability-only,RvY_16446,"lcl|BDGG01000013.1_cds_GAV06458.1_19355 [gene=RvY_16446] [locus_tag=RvY_16446-1] [protein=hypothetical protein] [protein_id=GAV06458.1] [location=join(1215707..1215745,1215832..1215928,1216018..1216061,1216156..1216237,1216297..1216421,1216489..1216617,1216690..1216770,1216886..1217047)] [gbkey=CDS]",lcl|BDGG01000013.1_cds_GAV06458.1_19355,RvY_16446-1,hypothetical protein,GAV06458.1,RvY_16446,RvY_16446,GAV06458.1 hypothetical protein RvY_16446-1 [Ramazzottius varieornatus],hypothetical protein RvY_16446-1,TRUE,exact_gene,NA,NA,NA
RvY_05282-1,Instability-only,RvY_05282,"lcl|BDGG01000002.1_cds_GAU93322.1_6220 [gene=RvY_05282-1] [locus_tag=RvY_05282] [protein=hypothetical protein] [protein_id=GAU93322.1] [location=join(5529462..5529685,5529768..5530085,5530319..5530920,5530994..5531707,5531784..5532194,5532365..5532557,5532645..5532810,5532876..5533274)] [gbkey=CDS]",lcl|BDGG01000002.1_cds_GAU93322.1_6220,RvY_05282,hypothetical protein,GAU93322.1,RvY_05282,RvY_05282,GAU93322.1 hypothetical protein RvY_05282 [Ramazzottius varieornatus],hypothetical protein RvY_05282,TRUE,exact_gene,NA,NA,NA
RvY_16695,Instability-only,RvY_16695,lcl|BDGG01000014.1_cds_GAV06762.1_19659 [gene=RvY_16695] [locus_tag=RvY_16695-3] [protein=hypothetical protein] [protein_id=GAV06762.1] [location=321583..322008] [gbkey=CDS],lcl|BDGG01000014.1_cds_GAV06762.1_19659,RvY_16695-3,hypothetical protein,GAV06762.1,RvY_16695,RvY_16695,GAV06762.1 hypothetical protein RvY_16695-3 [Ramazzottius varieornatus],hypothetical protein RvY_16695-3,TRUE,exact_gene,NA,NA,NA
RvY_07093,Instability-only,RvY_07093,"lcl|BDGG01000003.1_cds_GAU95481.1_8379 [gene=RvY_07093] [locus_tag=RvY_07093-2] [protein=hypothetical protein] [protein_id=GAU95481.1] [location=complement(join(1903816..1903868,1903932..1904090,1904173..1904323))] [gbkey=CDS]",lcl|BDGG01000003.1_cds_GAU95481.1_8379,RvY_07093-2,hypothetical protein,GAU95481.1,RvY_07093,RvY_07093,GAU95481.1 hypothetical protein RvY_07093-2 [Ramazzottius varieornatus],hypothetical protein RvY_07093-2,TRUE,exact_gene,NA,NA,NA
RvY_12836-1,Instability-only,RvY_12836,"lcl|BDGG01000008.1_cds_GAV02245.1_15142 [gene=RvY_12836-1] [locus_tag=RvY_12836] [protein=hypothetical protein] [protein_id=GAV02245.1] [location=join(427869..428072,428190..428465,428547..428636,428705..428811,428874..428962,429043..429351,429634..429962)] [gbkey=CDS]",lcl|BDGG01000008.1_cds_GAV02245.1_15142,RvY_12836,hypothetical protein,GAV02245.1,RvY_12836,RvY_12836,GAV02245.1 hypothetical protein RvY_12836 [Ramazzottius varieornatus],hypothetical protein RvY_12836,TRUE,exact_gene,NA,NA,NA
RvY_12517-1,Instability-only,RvY_12517,lcl|BDGG01000007.1_cds_GAV01878.1_14775 [gene=RvY_12517-1] [locus_tag=RvY_12517] [protein=hypothetical protein] [protein_id=GAV01878.1] [location=1883196..1883645] [gbkey=CDS],lcl|BDGG01000007.1_cds_GAV01878.1_14775,RvY_12517,hypothetical protein,GAV01878.1,RvY_12517,RvY_12517,GAV01878.1 hypothetical protein RvY_12517 [Ramazzottius varieornatus],hypothetical protein RvY_12517,TRUE,exact_gene,NA,NA,NA
RvY_17673-1,Instability-only,RvY_17673,"lcl|BDGG01000016.1_cds_GAV07893.1_20790 [gene=RvY_17673-1] [locus_tag=RvY_17673] [protein=hypothetical protein] [protein_id=GAV07893.1] [location=complement(join(397726..397769,397838..398106,398349..398721,398967..399149,399390..399511,399594..399678,399821..399925,399995..400295))] [gbkey=CDS]",lcl|BDGG01000016.1_cds_GAV07893.1_20790,RvY_17673,hypothetical protein,GAV07893.1,RvY_17673,RvY_17673,GAV07893.1 hypothetical protein RvY_17673 [Ramazzottius varieornatus],hypothetical protein RvY_17673,TRUE,exact_gene,NA,NA,NA
RvY_03476-1,Instability-only,RvY_03476,"lcl|BDGG01000002.1_cds_GAU91167.1_4065 [gene=RvY_03476-1] [locus_tag=RvY_03476] [protein=hypothetical protein] [protein_id=GAU91167.1] [location=complement(join(235697..236250,236461..236674))] [gbkey=CDS]",lcl|BDGG01000002.1_cds_GAU91167.1_4065,RvY_03476,hypothetical protein,GAU91167.1,RvY_03476,RvY_03476,GAU91167.1 hypothetical protein RvY_03476 [Ramazzottius varieornatus],hypothetical protein RvY_03476,TRUE,exact_gene,NA,NA,NA
RvY_01840,Instability-only,RvY_01840,"lcl|BDGG01000001.1_cds_GAU89271.1_2169 [gene=RvY_01840] [locus_tag=RvY_01840-4] [protein=hypothetical protein] [protein_id=GAU89271.1] [location=complement(join(5278791..5279048,5279191..5279253,5279323..5279340))] [gbkey=CDS]",lcl|BDGG01000001.1_cds_GAU89271.1_2169,RvY_01840-4,hypothetical protein,GAU89271.1,RvY_01840,RvY_01840,GAU89271.1 hypothetical protein RvY_01840-4 [Ramazzottius varieornatus],hypothetical protein RvY_01840-4,TRUE,exact_gene,NA,NA,NA
RvY_03547,Instability-only,RvY_03547,"lcl|BDGG01000002.1_cds_GAU91254.1_4152 [gene=RvY_03547] [locus_tag=RvY_03547-1] [protein=hypothetical protein] [protein_id=GAU91254.1] [location=complement(join(447042..447334,447428..447532,447601..447893,448533..448601,448753..448829,449153..449185))] [gbkey=CDS]",lcl|BDGG01000002.1_cds_GAU91254.1_4152,RvY_03547-1,hypothetical protein,GAU91254.1,RvY_03547,RvY_03547,GAU91254.1 hypothetical protein RvY_03547-1 [Ramazzottius varieornatus],hypothetical protein RvY_03547-1,TRUE,exact_gene,NA,NA,NA
RvY_17919,Instability-only,RvY_17919,"lcl|BDGG01000017.1_cds_GAV08188.1_21085 [gene=RvY_17919] [locus_tag=RvY_17919-1] [protein=hypothetical protein] [protein_id=GAV08188.1] [location=complement(join(94848..95030,95107..95180,95247..95264,95556..95575,95648..95761,95856..96034))] [gbkey=CDS]",lcl|BDGG01000017.1_cds_GAV08188.1_21085,RvY_17919-1,hypothetical protein,GAV08188.1,RvY_17919,RvY_17919,GAV08188.1 hypothetical protein RvY_17919-1 [Ramazzottius varieornatus],hypothetical protein RvY_17919-1,TRUE,exact_gene,NA,NA,NA
RvY_04400,Instability-only,RvY_04400,"lcl|BDGG01000002.1_cds_GAU92302.1_5200 [gene=RvY_04400] [locus_tag=RvY_04400-1] [protein=hypothetical protein] [protein_id=GAU92302.1] [location=complement(join(2907981..2908317,2908376..2908507,2908587..2908635,2908693..2908779,2908927..2909009,2909076..2909152,2909237..2909275))] [gbkey=CDS]",lcl|BDGG01000002.1_cds_GAU92302.1_5200,RvY_04400-1,hypothetical protein,GAU92302.1,RvY_04400,RvY_04400,GAU92302.1 hypothetical protein RvY_04400-1 [Ramazzottius varieornatus],hypothetical protein RvY_04400-1,TRUE,exact_gene,NA,NA,NA
RvY_00941-1,Instability-only,RvY_00941,"lcl|BDGG01000001.1_cds_GAU88198.1_1096 [gene=RvY_00941-1] [locus_tag=RvY_00941] [protein=hypothetical protein] [protein_id=GAU88198.1] [location=join(2607192..2607578,2607635..2608189)] [gbkey=CDS]",lcl|BDGG01000001.1_cds_GAU88198.1_1096,RvY_00941,hypothetical protein,GAU88198.1,RvY_00941,RvY_00941,GAU88198.1 hypothetical protein RvY_00941 [Ramazzottius varieornatus],hypothetical protein RvY_00941,TRUE,exact_gene,NA,NA,NA
RvY_09765-1,Instability-only,RvY_09765,"lcl|BDGG01000004.1_cds_GAU98646.1_11544 [gene=RvY_09765-1] [locus_tag=RvY_09765] [protein=hypothetical protein] [protein_id=GAU98646.1] [location=join(4501854..4501926,4502004..4502291,4502421..4502690,4502753..4503022,4503295..4503631,4503701..4503897,4504274..4504482,4504648..4504702,4504811..4505132,4505330..4505578,4505687..4506024,4506089..4506357)] [gbkey=CDS]",lcl|BDGG01000004.1_cds_GAU98646.1_11544,RvY_09765,hypothetical protein,GAU98646.1,RvY_09765,RvY_09765,GAU98646.1 hypothetical protein RvY_09765 [Ramazzottius varieornatus],hypothetical protein RvY_09765,TRUE,exact_gene,NA,NA,NA
RvY_15640-1,Instability-only,RvY_15640,"lcl|BDGG01000012.1_cds_GAV05520.1_18417 [gene=RvY_15640-1] [locus_tag=RvY_15640] [protein=hypothetical protein] [protein_id=GAV05520.1] [location=join(757124..757275,757575..757709,757790..758103,758192..758283,758378..758473,758545..758723,758801..759314,759383..759551,759774..759919,759990..760213,760285..760531)] [gbkey=CDS]",lcl|BDGG01000012.1_cds_GAV05520.1_18417,RvY_15640,hypothetical protein,GAV05520.1,RvY_15640,RvY_15640,GAV05520.1 hypothetical protein RvY_15640 [Ramazzottius varieornatus],hypothetical protein RvY_15640,TRUE,exact_gene,NA,NA,NA
RvY_12270-1,Instability-only,RvY_12270,"lcl|BDGG01000007.1_cds_GAV01581.1_14478 [gene=RvY_12270-1] [locus_tag=RvY_12270] [protein=hypothetical protein] [protein_id=GAV01581.1] [location=complement(join(1218752..1219003,1219069..1219221,1219469..1219837,1219918..1220049,1220173..1220356,1220669..1220766,1220944..1221042))] [gbkey=CDS]",lcl|BDGG01000007.1_cds_GAV01581.1_14478,RvY_12270,hypothetical protein,GAV01581.1,RvY_12270,RvY_12270,GAV01581.1 hypothetical protein RvY_12270 [Ramazzottius varieornatus],hypothetical protein RvY_12270,TRUE,exact_gene,NA,NA,NA
RvY_19358-1,Instability-only,RvY_19358,"lcl|BDGG01000042.1_cds_GAV09891.1_22788 [gene=RvY_19358-1] [locus_tag=RvY_19358] [protein=hypothetical protein] [protein_id=GAV09891.1] [location=complement(join(1651..1737,2032..2343))] [gbkey=CDS]",lcl|BDGG01000042.1_cds_GAV09891.1_22788,RvY_19358,hypothetical protein,GAV09891.1,RvY_19358,RvY_19358,GAV09891.1 hypothetical protein RvY_19358 [Ramazzottius varieornatus],hypothetical protein RvY_19358,TRUE,exact_gene,NA,NA,NA
RvY_04048,Instability-only,RvY_04048,"lcl|BDGG01000002.1_cds_GAU91871.1_4769 [gene=RvY_04048] [locus_tag=RvY_04048-1] [protein=hypothetical protein] [protein_id=GAU91871.1] [location=join(1881644..1881713,1881790..1881860,1881969..1882272,1882333..1882514)] [gbkey=CDS]",lcl|BDGG01000002.1_cds_GAU91871.1_4769,RvY_04048-1,hypothetical protein,GAU91871.1,RvY_04048,RvY_04048,GAU91871.1 hypothetical protein RvY_04048-1 [Ramazzottius varieornatus],hypothetical protein RvY_04048-1,TRUE,exact_gene,NA,NA,NA
RvY_09162-1,Instability-only,RvY_09162,"lcl|BDGG01000004.1_cds_GAU97944.1_10842 [gene=RvY_09162-1] [locus_tag=RvY_09162] [protein=hypothetical protein] [protein_id=GAU97944.1] [location=complement(join(2477074..2477096,2477172..2477217,2477288..2477358,2477430..2477493,2477590..2477651,2477731..2477823,2477908..2478073,2478135..2478341,2478417..2478553,2481667..2481717,2482116..2482173))] [gbkey=CDS]",lcl|BDGG01000004.1_cds_GAU97944.1_10842,RvY_09162,hypothetical protein,GAU97944.1,RvY_09162,RvY_09162,GAU97944.1 hypothetical protein RvY_09162 [Ramazzottius varieornatus],hypothetical protein RvY_09162,TRUE,exact_gene,NA,NA,NA
RvY_00844-1,Instability-only,RvY_00844,"lcl|BDGG01000001.1_cds_GAU88083.1_981 [gene=RvY_00844-1] [locus_tag=RvY_00844] [protein=hypothetical protein] [protein_id=GAU88083.1] [location=complement(join(2370122..2370456,2370661..2370838))] [gbkey=CDS]",lcl|BDGG01000001.1_cds_GAU88083.1_981,RvY_00844,hypothetical protein,GAU88083.1,RvY_00844,RvY_00844,GAU88083.1 hypothetical protein RvY_00844 [Ramazzottius varieornatus],hypothetical protein RvY_00844,TRUE,exact_gene,NA,NA,NA
RvY_08684-1,Instability-only,RvY_08684,"lcl|BDGG01000004.1_cds_GAU97372.1_10270 [gene=RvY_08684-1] [locus_tag=RvY_08684] [protein=hypothetical protein] [protein_id=GAU97372.1] [location=complement(join(1022132..1022188,1022286..1022417))] [gbkey=CDS]",lcl|BDGG01000004.1_cds_GAU97372.1_10270,RvY_08684,hypothetical protein,GAU97372.1,RvY_08684,RvY_08684,GAU97372.1 hypothetical protein RvY_08684 [Ramazzottius varieornatus],hypothetical protein RvY_08684,TRUE,exact_gene,NA,NA,NA
RvY_09669-1,Instability-only,RvY_09669,lcl|BDGG01000004.1_cds_GAU98537.1_11435 [gene=RvY_09669-1] [locus_tag=RvY_09669] [protein=hypothetical protein] [protein_id=GAU98537.1] [location=4135580..4135816] [gbkey=CDS],lcl|BDGG01000004.1_cds_GAU98537.1_11435,RvY_09669,hypothetical protein,GAU98537.1,RvY_09669,RvY_09669,GAU98537.1 hypothetical protein RvY_09669 [Ramazzottius varieornatus],hypothetical protein RvY_09669,TRUE,exact_gene,NA,NA,NA
RvY_04191,Instability-only,RvY_04191,"lcl|BDGG01000002.1_cds_GAU92045.1_4943 [gene=RvY_04191] [locus_tag=RvY_04191-1] [protein=hypothetical protein] [protein_id=GAU92045.1] [location=complement(join(2296656..2296730,2296823..2297001,2297060..2297156,2297219..2297383,2297470..2297808,2298171..2298345,2298425..2298572,2298636..2298921))] [gbkey=CDS]",lcl|BDGG01000002.1_cds_GAU92045.1_4943,RvY_04191-1,hypothetical protein,GAU92045.1,RvY_04191,RvY_04191,GAU92045.1 hypothetical protein RvY_04191-1 [Ramazzottius varieornatus],hypothetical protein RvY_04191-1,TRUE,exact_gene,NA,NA,NA
RvY_07189-1,Instability-only,RvY_07189,lcl|BDGG01000003.1_cds_GAU95593.1_8491 [gene=RvY_07189-1] [locus_tag=RvY_07189] [protein=hypothetical protein] [protein_id=GAU95593.1] [location=complement(2203171..2203902)] [gbkey=CDS],lcl|BDGG01000003.1_cds_GAU95593.1_8491,RvY_07189,hypothetical protein,GAU95593.1,RvY_07189,RvY_07189,GAU95593.1 hypothetical protein RvY_07189 [Ramazzottius varieornatus],hypothetical protein RvY_07189,TRUE,exact_gene,NA,NA,NA
RvY_13800,Instability-only,RvY_13800,"lcl|BDGG01000009.1_cds_GAV03366.1_16263 [gene=RvY_13800] [locus_tag=RvY_13800-1] [protein=hypothetical protein] [protein_id=GAV03366.1] [location=complement(join(1154374..1154668,1154744..1154824,1154886..1155004,1155077..1155215,1155298..1155494,1155611..1155770,1155856..1155975,1156050..1156195))] [gbkey=CDS]",lcl|BDGG01000009.1_cds_GAV03366.1_16263,RvY_13800-1,hypothetical protein,GAV03366.1,RvY_13800,RvY_13800,GAV03366.1 hypothetical protein RvY_13800-1 [Ramazzottius varieornatus],hypothetical protein RvY_13800-1,TRUE,exact_gene,NA,NA,NA
RvY_13181-1,Instability-only,RvY_13181,"lcl|BDGG01000008.1_cds_GAV02642.1_15539 [gene=RvY_13181-1] [locus_tag=RvY_13181] [protein=hypothetical protein] [protein_id=GAV02642.1] [location=join(1370156..1370272,1370336..1370470)] [gbkey=CDS]",lcl|BDGG01000008.1_cds_GAV02642.1_15539,RvY_13181,hypothetical protein,GAV02642.1,RvY_13181,RvY_13181,GAV02642.1 hypothetical protein RvY_13181 [Ramazzottius varieornatus],hypothetical protein RvY_13181,TRUE,exact_gene,NA,NA,NA
RvY_09004-1,Instability-only,RvY_09004,"lcl|BDGG01000004.1_cds_GAU97766.1_10664 [gene=RvY_09004-1] [locus_tag=RvY_09004] [protein=hypothetical protein] [protein_id=GAU97766.1] [location=complement(join(1995600..1995771,1995858..1996237))] [gbkey=CDS]",lcl|BDGG01000004.1_cds_GAU97766.1_10664,RvY_09004,hypothetical protein,GAU97766.1,RvY_09004,RvY_09004,GAU97766.1 hypothetical protein RvY_09004 [Ramazzottius varieornatus],hypothetical protein RvY_09004,TRUE,exact_gene,NA,NA,NA
RvY_18462-1,Pooled-only,RvY_18462,"lcl|BDGG01000019.1_cds_GAV08826.1_21723 [gene=RvY_18462-1] [locus_tag=RvY_18462] [protein=hypothetical protein] [protein_id=GAV08826.1] [location=complement(join(129359..129486,129565..129835,129986..130258))] [gbkey=CDS]",lcl|BDGG01000019.1_cds_GAV08826.1_21723,RvY_18462,hypothetical protein,GAV08826.1,RvY_18462,RvY_18462,GAV08826.1 hypothetical protein RvY_18462 [Ramazzottius varieornatus],hypothetical protein RvY_18462,TRUE,exact_gene,NA,NA,NA
RvY_18231,Pooled-only,RvY_18231,lcl|BDGG01000018.1_cds_GAV08560.1_21457 [gene=RvY_18231] [locus_tag=RvY_18231-1] [protein=hypothetical protein] [protein_id=GAV08560.1] [location=167924..168340] [gbkey=CDS],lcl|BDGG01000018.1_cds_GAV08560.1_21457,RvY_18231-1,hypothetical protein,GAV08560.1,RvY_18231,RvY_18231,GAV08560.1 hypothetical protein RvY_18231-1 [Ramazzottius varieornatus],hypothetical protein RvY_18231-1,TRUE,exact_gene,NA,NA,NA
RvY_06255-3,Pooled-only,RvY_06255,lcl|BDGG01000002.1_cds_GAU94486.1_7384 [gene=RvY_06255-3] [locus_tag=RvY_06255] [protein=hypothetical protein] [protein_id=GAU94486.1] [location=complement(8542264..8542554)] [gbkey=CDS],lcl|BDGG01000002.1_cds_GAU94486.1_7384,RvY_06255,hypothetical protein,GAU94486.1,RvY_06255,RvY_06255,GAU94486.1 hypothetical protein RvY_06255 [Ramazzottius varieornatus],hypothetical protein RvY_06255,TRUE,exact_gene,NA,NA,NA
RvY_03228-1,Pooled-only,RvY_03228,"lcl|BDGG01000001.1_cds_GAU90869.1_3767 [gene=RvY_03228-1] [locus_tag=RvY_03228] [protein=hypothetical protein] [protein_id=GAU90869.1] [location=join(8900880..8901029,8901091..8901409,8901494..8901588)] [gbkey=CDS]",lcl|BDGG01000001.1_cds_GAU90869.1_3767,RvY_03228,hypothetical protein,GAU90869.1,RvY_03228,RvY_03228,GAU90869.1 hypothetical protein RvY_03228 [Ramazzottius varieornatus],hypothetical protein RvY_03228,TRUE,exact_gene,NA,NA,NA
RvY_06342,Pooled-only,RvY_06342,"lcl|BDGG01000002.1_cds_GAU94600.1_7498 [gene=RvY_06342] [locus_tag=RvY_06342-2] [protein=hypothetical protein] [protein_id=GAU94600.1] [location=complement(join(8746047..8746099,8746186..8747688,8748680..8748743))] [gbkey=CDS]",lcl|BDGG01000002.1_cds_GAU94600.1_7498,RvY_06342-2,hypothetical protein,GAU94600.1,RvY_06342,RvY_06342,GAU94600.1 hypothetical protein RvY_06342-2 [Ramazzottius varieornatus],hypothetical protein RvY_06342-2,TRUE,exact_gene,NA,NA,NA
RvY_16845-1,Pooled-only,RvY_16845,"lcl|BDGG01000014.1_cds_GAV06937.1_19834 [gene=RvY_16845-1] [locus_tag=RvY_16845] [protein=hypothetical protein] [protein_id=GAV06937.1] [location=join(739274..739807,739881..740172,740249..740401,740571..740747,740823..741010)] [gbkey=CDS]",lcl|BDGG01000014.1_cds_GAV06937.1_19834,RvY_16845,hypothetical protein,GAV06937.1,RvY_16845,RvY_16845,GAV06937.1 hypothetical protein RvY_16845 [Ramazzottius varieornatus],hypothetical protein RvY_16845,TRUE,exact_gene,NA,NA,NA
RvY_05884-1,Pooled-only,RvY_05884,lcl|BDGG01000002.1_cds_GAU94039.1_6937 [gene=RvY_05884-1] [locus_tag=RvY_05884] [protein=hypothetical protein] [protein_id=GAU94039.1] [location=complement(7427213..7428085)] [gbkey=CDS],lcl|BDGG01000002.1_cds_GAU94039.1_6937,RvY_05884,hypothetical protein,GAU94039.1,RvY_05884,RvY_05884,GAU94039.1 hypothetical protein RvY_05884 [Ramazzottius varieornatus],hypothetical protein RvY_05884,TRUE,exact_gene,NA,NA,NA
RvY_03227-1,Pooled-only,RvY_03227,"lcl|BDGG01000001.1_cds_GAU90868.1_3766 [gene=RvY_03227-1] [locus_tag=RvY_03227] [protein=hypothetical protein] [protein_id=GAU90868.1] [location=complement(join(8897948..8898426,8898487..8898540,8898795..8899267,8899421..8899905))] [gbkey=CDS]",lcl|BDGG01000001.1_cds_GAU90868.1_3766,RvY_03227,hypothetical protein,GAU90868.1,RvY_03227,RvY_03227,GAU90868.1 hypothetical protein RvY_03227 [Ramazzottius varieornatus],hypothetical protein RvY_03227,TRUE,exact_gene,NA,NA,NA
RvY_06734-1,Pooled-only,RvY_06734,"lcl|BDGG01000003.1_cds_GAU95053.1_7951 [gene=RvY_06734-1] [locus_tag=RvY_06734] [protein=hypothetical protein] [protein_id=GAU95053.1] [location=join(901364..901681,901879..902169)] [gbkey=CDS]",lcl|BDGG01000003.1_cds_GAU95053.1_7951,RvY_06734,hypothetical protein,GAU95053.1,RvY_06734,RvY_06734,GAU95053.1 hypothetical protein RvY_06734 [Ramazzottius varieornatus],hypothetical protein RvY_06734,TRUE,exact_gene,NA,NA,NA
RvY_05779-1,Pooled-only,RvY_05779,"lcl|BDGG01000002.1_cds_GAU93916.1_6814 [gene=RvY_05779-1] [locus_tag=RvY_05779] [protein=hypothetical protein] [protein_id=GAU93916.1] [location=join(7161114..7161159,7161227..7161397,7161467..7161538,7161600..7161697)] [gbkey=CDS]",lcl|BDGG01000002.1_cds_GAU93916.1_6814,RvY_05779,hypothetical protein,GAU93916.1,RvY_05779,RvY_05779,GAU93916.1 hypothetical protein RvY_05779 [Ramazzottius varieornatus],hypothetical protein RvY_05779,TRUE,exact_gene,NA,NA,NA
RvY_17300-1,Pooled-only,RvY_17300,"lcl|BDGG01000015.1_cds_GAV07471.1_20368 [gene=RvY_17300-1] [locus_tag=RvY_17300] [protein=hypothetical protein] [protein_id=GAV07471.1] [location=join(527677..527974,529516..530034,530304..531145)] [gbkey=CDS]",lcl|BDGG01000015.1_cds_GAV07471.1_20368,RvY_17300,hypothetical protein,GAV07471.1,RvY_17300,RvY_17300,GAV07471.1 hypothetical protein RvY_17300 [Ramazzottius varieornatus],hypothetical protein RvY_17300,TRUE,exact_gene,NA,NA,NA
RvY_01565-1,Pooled-only,RvY_01565,"lcl|BDGG01000001.1_cds_GAU88959.1_1857 [gene=RvY_01565-1] [locus_tag=RvY_01565] [protein=hypothetical protein] [protein_id=GAU88959.1] [location=complement(join(4472631..4472829,4472913..4472947,4473018..4473365))] [gbkey=CDS]",lcl|BDGG01000001.1_cds_GAU88959.1_1857,RvY_01565,hypothetical protein,GAU88959.1,RvY_01565,RvY_01565,GAU88959.1 hypothetical protein RvY_01565 [Ramazzottius varieornatus],hypothetical protein RvY_01565,TRUE,exact_gene,NA,NA,NA
RvY_04051-1,Pooled-only,RvY_04051,"lcl|BDGG01000002.1_cds_GAU91876.1_4774 [gene=RvY_04051-1] [locus_tag=RvY_04051] [protein=hypothetical protein] [protein_id=GAU91876.1] [location=complement(join(1888903..1888990,1889051..1889172,1889230..1889401,1889465..1889609,1889670..1889709,1889766..1890460,1890528..1890638,1890697..1890835,1890895..1890957,1891032..1891718))] [gbkey=CDS]",lcl|BDGG01000002.1_cds_GAU91876.1_4774,RvY_04051,hypothetical protein,GAU91876.1,RvY_04051,RvY_04051,GAU91876.1 hypothetical protein RvY_04051 [Ramazzottius varieornatus],hypothetical protein RvY_04051,TRUE,exact_gene,NA,NA,NA
RvY_03664-1,Pooled-only,RvY_03664,"lcl|BDGG01000002.1_cds_GAU91406.1_4304 [gene=RvY_03664-1] [locus_tag=RvY_03664] [protein=hypothetical protein] [protein_id=GAU91406.1] [location=complement(join(800538..800719,800807..801520,803277..803568))] [gbkey=CDS]",lcl|BDGG01000002.1_cds_GAU91406.1_4304,RvY_03664,hypothetical protein,GAU91406.1,RvY_03664,RvY_03664,GAU91406.1 hypothetical protein RvY_03664 [Ramazzottius varieornatus],hypothetical protein RvY_03664,TRUE,exact_gene,NA,NA,NA
RvY_13211-1,Pooled-only,RvY_13211,lcl|BDGG01000008.1_cds_GAV02675.1_15572 [gene=RvY_13211-1] [locus_tag=RvY_13211] [protein=hypothetical protein] [protein_id=GAV02675.1] [location=1435686..1436000] [gbkey=CDS],lcl|BDGG01000008.1_cds_GAV02675.1_15572,RvY_13211,hypothetical protein,GAV02675.1,RvY_13211,RvY_13211,GAV02675.1 hypothetical protein RvY_13211 [Ramazzottius varieornatus],hypothetical protein RvY_13211,TRUE,exact_gene,NA,NA,NA
RvY_12829,Pooled-only,RvY_12829,"lcl|BDGG01000008.1_cds_GAV02237.1_15134 [gene=RvY_12829] [locus_tag=RvY_12829-1] [protein=hypothetical protein] [protein_id=GAV02237.1] [location=join(406925..407008,407099..407420,407544..408062,408146..409119)] [gbkey=CDS]",lcl|BDGG01000008.1_cds_GAV02237.1_15134,RvY_12829-1,hypothetical protein,GAV02237.1,RvY_12829,RvY_12829,GAV02237.1 hypothetical protein RvY_12829-1 [Ramazzottius varieornatus],hypothetical protein RvY_12829-1,TRUE,exact_gene,NA,NA,NA
RvY_16639-1,Pooled-only,RvY_16639,"lcl|BDGG01000014.1_cds_GAV06693.1_19590 [gene=RvY_16639-1] [locus_tag=RvY_16639] [protein=hypothetical protein] [protein_id=GAV06693.1] [location=complement(join(145293..145401,145505..146157,146261..146382,146654..146762,146836..146905,147000..147397))] [gbkey=CDS]",lcl|BDGG01000014.1_cds_GAV06693.1_19590,RvY_16639,hypothetical protein,GAV06693.1,RvY_16639,RvY_16639,GAV06693.1 hypothetical protein RvY_16639 [Ramazzottius varieornatus],hypothetical protein RvY_16639,TRUE,exact_gene,NA,NA,NA
RvY_03100-1,Pooled-only,RvY_03100,lcl|BDGG01000001.1_cds_GAU90722.1_3620 [gene=RvY_03100-1] [locus_tag=RvY_03100] [protein=hypothetical protein] [protein_id=GAU90722.1] [location=complement(8581131..8581436)] [gbkey=CDS],lcl|BDGG01000001.1_cds_GAU90722.1_3620,RvY_03100,hypothetical protein,GAU90722.1,RvY_03100,RvY_03100,GAU90722.1 hypothetical protein RvY_03100 [Ramazzottius varieornatus],hypothetical protein RvY_03100,TRUE,exact_gene,NA,NA,NA
RvY_12499-1,Pooled-only,RvY_12499,"lcl|BDGG01000007.1_cds_GAV01857.1_14754 [gene=RvY_12499-1] [locus_tag=RvY_12499] [protein=hypothetical protein] [protein_id=GAV01857.1] [location=join(1849052..1849251,1849313..1849526)] [gbkey=CDS]",lcl|BDGG01000007.1_cds_GAV01857.1_14754,RvY_12499,hypothetical protein,GAV01857.1,RvY_12499,RvY_12499,GAV01857.1 hypothetical protein RvY_12499 [Ramazzottius varieornatus],hypothetical protein RvY_12499,TRUE,exact_gene,NA,NA,NA
RvY_16235,Pooled-only,RvY_16235,lcl|BDGG01000013.1_cds_GAV06211.1_19108 [gene=RvY_16235] [locus_tag=RvY_16235-1] [protein=hypothetical protein] [protein_id=GAV06211.1] [location=658499..658909] [gbkey=CDS],lcl|BDGG01000013.1_cds_GAV06211.1_19108,RvY_16235-1,hypothetical protein,GAV06211.1,RvY_16235,RvY_16235,GAV06211.1 hypothetical protein RvY_16235-1 [Ramazzottius varieornatus],hypothetical protein RvY_16235-1,TRUE,exact_gene,NA,NA,NA
RvY_03082-1,Pooled-only,RvY_03082,"lcl|BDGG01000001.1_cds_GAU90703.1_3601 [gene=RvY_03082-1] [locus_tag=RvY_03082] [protein=hypothetical protein] [protein_id=GAU90703.1] [location=join(8541668..8542006,8542060..8542296,8542353..8542484,8542629..8542892,8542950..8542997)] [gbkey=CDS]",lcl|BDGG01000001.1_cds_GAU90703.1_3601,RvY_03082,hypothetical protein,GAU90703.1,RvY_03082,RvY_03082,GAU90703.1 hypothetical protein RvY_03082 [Ramazzottius varieornatus],hypothetical protein RvY_03082,TRUE,exact_gene,NA,NA,NA
RvY_08196-1,Pooled-only,RvY_08196,"lcl|BDGG01000003.1_cds_GAU96809.1_9707 [gene=RvY_08196-1] [locus_tag=RvY_08196] [protein=hypothetical protein] [protein_id=GAU96809.1] [location=join(4902611..4902667,4902940..4903218,4903311..4903850)] [gbkey=CDS]",lcl|BDGG01000003.1_cds_GAU96809.1_9707,RvY_08196,hypothetical protein,GAU96809.1,RvY_08196,RvY_08196,GAU96809.1 hypothetical protein RvY_08196 [Ramazzottius varieornatus],hypothetical protein RvY_08196,TRUE,exact_gene,NA,NA,NA
RvY_07274-1,Pooled-only,RvY_07274,lcl|BDGG01000003.1_cds_GAU95696.1_8594 [gene=RvY_07274-1] [locus_tag=RvY_07274] [protein=hypothetical protein] [protein_id=GAU95696.1] [location=2442433..2443038] [gbkey=CDS],lcl|BDGG01000003.1_cds_GAU95696.1_8594,RvY_07274,hypothetical protein,GAU95696.1,RvY_07274,RvY_07274,GAU95696.1 hypothetical protein RvY_07274 [Ramazzottius varieornatus],hypothetical protein RvY_07274,TRUE,exact_gene,NA,NA,NA
RvY_06615-1,Pooled-only,RvY_06615,"lcl|BDGG01000003.1_cds_GAU94916.1_7814 [gene=RvY_06615-1] [locus_tag=RvY_06615] [protein=hypothetical protein] [protein_id=GAU94916.1] [location=complement(join(529264..529656,529847..530188))] [gbkey=CDS]",lcl|BDGG01000003.1_cds_GAU94916.1_7814,RvY_06615,hypothetical protein,GAU94916.1,RvY_06615,RvY_06615,GAU94916.1 hypothetical protein RvY_06615 [Ramazzottius varieornatus],hypothetical protein RvY_06615,TRUE,exact_gene,NA,NA,NA
RvY_00468-1,Pooled-only,RvY_00468,"lcl|BDGG01000001.1_cds_GAU87652.1_550 [gene=RvY_00468-1] [locus_tag=RvY_00468] [protein=hypothetical protein] [protein_id=GAU87652.1] [location=join(1352100..1352322,1352395..1352849,1352920..1353228,1353321..1353899)] [gbkey=CDS]",lcl|BDGG01000001.1_cds_GAU87652.1_550,RvY_00468,hypothetical protein,GAU87652.1,RvY_00468,RvY_00468,GAU87652.1 hypothetical protein RvY_00468 [Ramazzottius varieornatus],hypothetical protein RvY_00468,TRUE,exact_gene,NA,NA,NA
RvY_17106-1,Pooled-only,RvY_17106,"lcl|BDGG01000014.1_cds_GAV07244.1_20141 [gene=RvY_17106-1] [locus_tag=RvY_17106] [protein=hypothetical protein] [protein_id=GAV07244.1] [location=join(1473317..1473380,1473454..1473585,1473665..1474581)] [gbkey=CDS]",lcl|BDGG01000014.1_cds_GAV07244.1_20141,RvY_17106,hypothetical protein,GAV07244.1,RvY_17106,RvY_17106,GAV07244.1 hypothetical protein RvY_17106 [Ramazzottius varieornatus],hypothetical protein RvY_17106,TRUE,exact_gene,NA,NA,NA
RvY_13782-1,Pooled-only,RvY_13782,"lcl|BDGG01000009.1_cds_GAV03342.1_16239 [gene=RvY_13782-1] [locus_tag=RvY_13782] [protein=hypothetical protein] [protein_id=GAV03342.1] [location=complement(join(1091103..1091278,1091553..1091944,1092852..1093734,1093957..1094044))] [gbkey=CDS]",lcl|BDGG01000009.1_cds_GAV03342.1_16239,RvY_13782,hypothetical protein,GAV03342.1,RvY_13782,RvY_13782,GAV03342.1 hypothetical protein RvY_13782 [Ramazzottius varieornatus],hypothetical protein RvY_13782,TRUE,exact_gene,NA,NA,NA
RvY_07119,Pooled-only,RvY_07119,"lcl|BDGG01000003.1_cds_GAU95515.1_8413 [gene=RvY_07119] [locus_tag=RvY_07119-2] [protein=hypothetical protein] [protein_id=GAU95515.1] [location=complement(join(2000489..2000537,2000600..2000961,2001059..2001175,2001245..2001460,2001528..2001704,2001773..2001850))] [gbkey=CDS]",lcl|BDGG01000003.1_cds_GAU95515.1_8413,RvY_07119-2,hypothetical protein,GAU95515.1,RvY_07119,RvY_07119,GAU95515.1 hypothetical protein RvY_07119-2 [Ramazzottius varieornatus],hypothetical protein RvY_07119-2,TRUE,exact_gene,NA,NA,NA
RvY_00467-1,Pooled-only,RvY_00467,"lcl|BDGG01000001.1_cds_GAU87651.1_549 [gene=RvY_00467-1] [locus_tag=RvY_00467] [protein=hypothetical protein] [protein_id=GAU87651.1] [location=join(1348926..1349148,1349239..1349495,1349595..1349876,1349973..1350533)] [gbkey=CDS]",lcl|BDGG01000001.1_cds_GAU87651.1_549,RvY_00467,hypothetical protein,GAU87651.1,RvY_00467,RvY_00467,GAU87651.1 hypothetical protein RvY_00467 [Ramazzottius varieornatus],hypothetical protein RvY_00467,TRUE,exact_gene,NA,NA,NA
RvY_17051-1,Pooled-only,RvY_17051,"lcl|BDGG01000014.1_cds_GAV07178.1_20075 [gene=RvY_17051-1] [locus_tag=RvY_17051] [protein=hypothetical protein] [protein_id=GAV07178.1] [location=complement(join(1289802..1289854,1289921..1290022,1290082..1290969,1291040..1291118))] [gbkey=CDS]",lcl|BDGG01000014.1_cds_GAV07178.1_20075,RvY_17051,hypothetical protein,GAV07178.1,RvY_17051,RvY_17051,GAV07178.1 hypothetical protein RvY_17051 [Ramazzottius varieornatus],hypothetical protein RvY_17051,TRUE,exact_gene,NA,NA,NA
RvY_17050-1,Pooled-only,RvY_17050,"lcl|BDGG01000014.1_cds_GAV07177.1_20074 [gene=RvY_17050-1] [locus_tag=RvY_17050] [protein=hypothetical protein] [protein_id=GAV07177.1] [location=complement(join(1288216..1288310,1288381..1288455,1288560..1288700,1288764..1288836))] [gbkey=CDS]",lcl|BDGG01000014.1_cds_GAV07177.1_20074,RvY_17050,hypothetical protein,GAV07177.1,RvY_17050,RvY_17050,GAV07177.1 hypothetical protein RvY_17050 [Ramazzottius varieornatus],hypothetical protein RvY_17050,TRUE,exact_gene,NA,NA,NA
RvY_03819-1,Pooled-only,RvY_03819,"lcl|BDGG01000002.1_cds_GAU91592.1_4490 [gene=RvY_03819-1] [locus_tag=RvY_03819] [protein=hypothetical protein] [protein_id=GAU91592.1] [location=complement(join(1238106..1238475,1238627..1238905,1239080..1239492))] [gbkey=CDS]",lcl|BDGG01000002.1_cds_GAU91592.1_4490,RvY_03819,hypothetical protein,GAU91592.1,RvY_03819,RvY_03819,GAU91592.1 hypothetical protein RvY_03819 [Ramazzottius varieornatus],hypothetical protein RvY_03819,TRUE,exact_gene,NA,NA,NA
RvY_13511-1,Pooled-only,RvY_13511,"lcl|BDGG01000009.1_cds_GAV03022.1_15919 [gene=RvY_13511-1] [locus_tag=RvY_13511] [protein=hypothetical protein] [protein_id=GAV03022.1] [location=complement(join(317233..317870,318135..318177,318286..318585))] [gbkey=CDS]",lcl|BDGG01000009.1_cds_GAV03022.1_15919,RvY_13511,hypothetical protein,GAV03022.1,RvY_13511,RvY_13511,GAV03022.1 hypothetical protein RvY_13511 [Ramazzottius varieornatus],hypothetical protein RvY_13511,TRUE,exact_gene,NA,NA,NA
RvY_16958-1,Pooled-only,RvY_16958,"lcl|BDGG01000014.1_cds_GAV07076.1_19973 [gene=RvY_16958-1] [locus_tag=RvY_16958] [protein=hypothetical protein] [protein_id=GAV07076.1] [location=join(1036498..1036717,1036806..1036929,1036999..1037150,1037215..1037273,1037371..1037395,1037463..1037855,1037923..1038122)] [gbkey=CDS]",lcl|BDGG01000014.1_cds_GAV07076.1_19973,RvY_16958,hypothetical protein,GAV07076.1,RvY_16958,RvY_16958,GAV07076.1 hypothetical protein RvY_16958 [Ramazzottius varieornatus],hypothetical protein RvY_16958,TRUE,exact_gene,NA,NA,NA
RvY_03744-1,Pooled-only,RvY_03744,"lcl|BDGG01000002.1_cds_GAU91505.1_4403 [gene=RvY_03744-1] [locus_tag=RvY_03744] [protein=hypothetical protein] [protein_id=GAU91505.1] [location=join(1014387..1014501,1014567..1014734,1014790..1014846,1014930..1015597)] [gbkey=CDS]",lcl|BDGG01000002.1_cds_GAU91505.1_4403,RvY_03744,hypothetical protein,GAU91505.1,RvY_03744,RvY_03744,GAU91505.1 hypothetical protein RvY_03744 [Ramazzottius varieornatus],hypothetical protein RvY_03744,TRUE,exact_gene,NA,NA,NA
RvY_02649-1,Pooled-only,RvY_02649,"lcl|BDGG01000001.1_cds_GAU90198.1_3096 [gene=RvY_02649-1] [locus_tag=RvY_02649] [protein=hypothetical protein] [protein_id=GAU90198.1] [location=complement(join(7422096..7422192,7422462..7422511,7422587..7422858,7423003..7423123,7423194..7423238))] [gbkey=CDS]",lcl|BDGG01000001.1_cds_GAU90198.1_3096,RvY_02649,hypothetical protein,GAU90198.1,RvY_02649,RvY_02649,GAU90198.1 hypothetical protein RvY_02649 [Ramazzottius varieornatus],hypothetical protein RvY_02649,TRUE,exact_gene,NA,NA,NA
RvY_03998-1,Pooled-only,RvY_03998,"lcl|BDGG01000002.1_cds_GAU91809.1_4707 [gene=RvY_03998-1] [locus_tag=RvY_03998] [protein=hypothetical protein] [protein_id=GAU91809.1] [location=join(1734226..1734645,1734745..1734802,1735534..1735621,1735702..1736539)] [gbkey=CDS]",lcl|BDGG01000002.1_cds_GAU91809.1_4707,RvY_03998,hypothetical protein,GAU91809.1,RvY_03998,RvY_03998,GAU91809.1 hypothetical protein RvY_03998 [Ramazzottius varieornatus],hypothetical protein RvY_03998,TRUE,exact_gene,NA,NA,NA
RvY_03101-1,Pooled-only,RvY_03101,lcl|BDGG01000001.1_cds_GAU90723.1_3621 [gene=RvY_03101-1] [locus_tag=RvY_03101] [protein=hypothetical protein] [protein_id=GAU90723.1] [location=complement(8581599..8581844)] [gbkey=CDS],lcl|BDGG01000001.1_cds_GAU90723.1_3621,RvY_03101,hypothetical protein,GAU90723.1,RvY_03101,RvY_03101,GAU90723.1 hypothetical protein RvY_03101 [Ramazzottius varieornatus],hypothetical protein RvY_03101,TRUE,exact_gene,NA,NA,NA
RvY_15001-1,Pooled-only,RvY_15001,"lcl|BDGG01000011.1_cds_GAV04775.1_17672 [gene=RvY_15001-1] [locus_tag=RvY_15001] [protein=hypothetical protein] [protein_id=GAV04775.1] [location=join(770138..770455,770781..771065)] [gbkey=CDS]",lcl|BDGG01000011.1_cds_GAV04775.1_17672,RvY_15001,hypothetical protein,GAV04775.1,RvY_15001,RvY_15001,GAV04775.1 hypothetical protein RvY_15001 [Ramazzottius varieornatus],hypothetical protein RvY_15001,TRUE,exact_gene,NA,NA,NA
RvY_06764-1,Pooled-only,RvY_06764,"lcl|BDGG01000003.1_cds_GAU95087.1_7985 [gene=RvY_06764-1] [locus_tag=RvY_06764] [protein=hypothetical protein] [protein_id=GAU95087.1] [location=join(983884..984201,984287..984547)] [gbkey=CDS]",lcl|BDGG01000003.1_cds_GAU95087.1_7985,RvY_06764,hypothetical protein,GAU95087.1,RvY_06764,RvY_06764,GAU95087.1 hypothetical protein RvY_06764 [Ramazzottius varieornatus],hypothetical protein RvY_06764,TRUE,exact_gene,NA,NA,NA
RvY_06351-1,Pooled-only,RvY_06351,"lcl|BDGG01000002.1_cds_GAU94613.1_7511 [gene=RvY_06351-1] [locus_tag=RvY_06351] [protein=hypothetical protein] [protein_id=GAU94613.1] [location=complement(join(8788042..8788451,8788522..8788796,8788922..8789001,8789070..8789680,8789746..8790157))] [gbkey=CDS]",lcl|BDGG01000002.1_cds_GAU94613.1_7511,RvY_06351,hypothetical protein,GAU94613.1,RvY_06351,RvY_06351,GAU94613.1 hypothetical protein RvY_06351 [Ramazzottius varieornatus],hypothetical protein RvY_06351,TRUE,exact_gene,NA,NA,NA
RvY_18544-1,Pooled-only,RvY_18544,lcl|BDGG01000019.1_cds_GAV08925.1_21822 [gene=RvY_18544-1] [locus_tag=RvY_18544] [protein=hypothetical protein] [protein_id=GAV08925.1] [location=complement(323769..324074)] [gbkey=CDS],lcl|BDGG01000019.1_cds_GAV08925.1_21822,RvY_18544,hypothetical protein,GAV08925.1,RvY_18544,RvY_18544,GAV08925.1 hypothetical protein RvY_18544 [Ramazzottius varieornatus],hypothetical protein RvY_18544,TRUE,exact_gene,NA,NA,NA
RvY_11867-1,Pooled-only,RvY_11867,"lcl|BDGG01000007.1_cds_GAV01105.1_14002 [gene=RvY_11867-1] [locus_tag=RvY_11867] [protein=hypothetical protein] [protein_id=GAV01105.1] [location=join(26428..26682,26942..27673)] [gbkey=CDS]",lcl|BDGG01000007.1_cds_GAV01105.1_14002,RvY_11867,hypothetical protein,GAV01105.1,RvY_11867,RvY_11867,GAV01105.1 hypothetical protein RvY_11867 [Ramazzottius varieornatus],hypothetical protein RvY_11867,TRUE,exact_gene,NA,NA,NA
RvY_15057,Pooled-only,RvY_15057,"lcl|BDGG01000011.1_cds_GAV04838.1_17735 [gene=RvY_15057] [locus_tag=RvY_15057-1] [protein=hypothetical protein] [protein_id=GAV04838.1] [location=join(968188..968248,968326..968847,969237..969757,969875..969991)] [gbkey=CDS]",lcl|BDGG01000011.1_cds_GAV04838.1_17735,RvY_15057-1,hypothetical protein,GAV04838.1,RvY_15057,RvY_15057,GAV04838.1 hypothetical protein RvY_15057-1 [Ramazzottius varieornatus],hypothetical protein RvY_15057-1,TRUE,exact_gene,NA,NA,NA
RvY_01716-1,Pooled-only,RvY_01716,"lcl|BDGG01000001.1_cds_GAU89128.1_2026 [gene=RvY_01716-1] [locus_tag=RvY_01716] [protein=hypothetical protein] [protein_id=GAU89128.1] [location=join(4952856..4953037,4953529..4953902,4953982..4954688)] [gbkey=CDS]",lcl|BDGG01000001.1_cds_GAU89128.1_2026,RvY_01716,hypothetical protein,GAU89128.1,RvY_01716,RvY_01716,GAU89128.1 hypothetical protein RvY_01716 [Ramazzottius varieornatus],hypothetical protein RvY_01716,TRUE,exact_gene,NA,NA,NA
RvY_01433-1,Pooled-only,RvY_01433,"lcl|BDGG01000001.1_cds_GAU88799.1_1697 [gene=RvY_01433-1] [locus_tag=RvY_01433] [protein=hypothetical protein] [protein_id=GAU88799.1] [location=join(4121848..4122278,4122737)] [gbkey=CDS]",lcl|BDGG01000001.1_cds_GAU88799.1_1697,RvY_01433,hypothetical protein,GAU88799.1,RvY_01433,RvY_01433,GAU88799.1 hypothetical protein RvY_01433 [Ramazzottius varieornatus],hypothetical protein RvY_01433,TRUE,exact_gene,NA,NA,NA
RvY_00482-1,Pooled-only,RvY_00482,lcl|BDGG01000001.1_cds_GAU87668.1_566 [gene=RvY_00482-1] [locus_tag=RvY_00482] [protein=hypothetical protein] [protein_id=GAU87668.1] [location=1393297..1393728] [gbkey=CDS],lcl|BDGG01000001.1_cds_GAU87668.1_566,RvY_00482,hypothetical protein,GAU87668.1,RvY_00482,RvY_00482,GAU87668.1 hypothetical protein RvY_00482 [Ramazzottius varieornatus],hypothetical protein RvY_00482,TRUE,exact_gene,NA,NA,NA
RvY_19214,Pooled-only,RvY_19214,lcl|BDGG01000026.1_cds_GAV09724.1_22621 [gene=RvY_19214] [locus_tag=RvY_19214-1] [protein=hypothetical protein] [protein_id=GAV09724.1] [location=complement(21042..21413)] [gbkey=CDS],lcl|BDGG01000026.1_cds_GAV09724.1_22621,RvY_19214-1,hypothetical protein,GAV09724.1,RvY_19214,RvY_19214,GAV09724.1 hypothetical protein RvY_19214-1 [Ramazzottius varieornatus],hypothetical protein RvY_19214-1,TRUE,exact_gene,NA,NA,NA
RvY_15678,Pooled-only,RvY_15678,"lcl|BDGG01000012.1_cds_GAV05572.1_18469 [gene=RvY_15678] [locus_tag=RvY_15678-1] [protein=hypothetical protein] [protein_id=GAV05572.1] [location=complement(join(868335..868980,869256..870025,870093..870428))] [gbkey=CDS]",lcl|BDGG01000012.1_cds_GAV05572.1_18469,RvY_15678-1,hypothetical protein,GAV05572.1,RvY_15678,RvY_15678,GAV05572.1 hypothetical protein RvY_15678-1 [Ramazzottius varieornatus],hypothetical protein RvY_15678-1,TRUE,exact_gene,NA,NA,NA
RvY_10445-1,Pooled-only,RvY_10445,"lcl|BDGG01000005.1_cds_GAU99440.1_12338 [gene=RvY_10445-1] [locus_tag=RvY_10445] [protein=hypothetical protein] [protein_id=GAU99440.1] [location=join(1755588..1756194,1756491..1756816)] [gbkey=CDS]",lcl|BDGG01000005.1_cds_GAU99440.1_12338,RvY_10445,hypothetical protein,GAU99440.1,RvY_10445,RvY_10445,GAU99440.1 hypothetical protein RvY_10445 [Ramazzottius varieornatus],hypothetical protein RvY_10445,TRUE,exact_gene,NA,NA,NA
RvY_11604,Pooled-only,RvY_11604,"lcl|BDGG01000006.1_cds_GAV00807.1_13704 [gene=RvY_11604] [locus_tag=RvY_11604-1] [protein=hypothetical protein] [protein_id=GAV00807.1] [location=join(1734020..1734269,1734391..1734549,1734602..1734697,1734778..1735181,1735433..1735930,1736006..1736194)] [gbkey=CDS]",lcl|BDGG01000006.1_cds_GAV00807.1_13704,RvY_11604-1,hypothetical protein,GAV00807.1,RvY_11604,RvY_11604,GAV00807.1 hypothetical protein RvY_11604-1 [Ramazzottius varieornatus],hypothetical protein RvY_11604-1,TRUE,exact_gene,NA,NA,NA
RvY_18007-1,Pooled-only,RvY_18007,"lcl|BDGG01000017.1_cds_GAV08291.1_21188 [gene=RvY_18007-1] [locus_tag=RvY_18007] [protein=hypothetical protein] [protein_id=GAV08291.1] [location=complement(join(372099..372314,372662..372979))] [gbkey=CDS]",lcl|BDGG01000017.1_cds_GAV08291.1_21188,RvY_18007,hypothetical protein,GAV08291.1,RvY_18007,RvY_18007,GAV08291.1 hypothetical protein RvY_18007 [Ramazzottius varieornatus],hypothetical protein RvY_18007,TRUE,exact_gene,NA,NA,NA
RvY_01197-1,Pooled-only,RvY_01197,"lcl|BDGG01000001.1_cds_GAU88510.1_1408 [gene=RvY_01197-1] [locus_tag=RvY_01197] [protein=hypothetical protein] [protein_id=GAU88510.1] [location=join(3463299..3463359,3463421..3463522,3463599..3464152)] [gbkey=CDS]",lcl|BDGG01000001.1_cds_GAU88510.1_1408,RvY_01197,hypothetical protein,GAU88510.1,RvY_01197,RvY_01197,GAU88510.1 hypothetical protein RvY_01197 [Ramazzottius varieornatus],hypothetical protein RvY_01197,TRUE,exact_gene,NA,NA,NA
RvY_04686,Pooled-only,RvY_04686,"lcl|BDGG01000002.1_cds_GAU92632.1_5529 [gene=RvY_04686] [locus_tag=RvY_04686-1] [protein=hypothetical protein] [protein_id=GAU92632.1] [location=join(3745344..3745816,3745873..3745936,3746026..3746311,3746547..3746855,3747037..3747248,3747309..3747457,3747518..3747607,3747691..3747865)] [gbkey=CDS]",lcl|BDGG01000002.1_cds_GAU92632.1_5529,RvY_04686-1,hypothetical protein,GAU92632.1,RvY_04686,RvY_04686,GAU92632.1 hypothetical protein RvY_04686-1 [Ramazzottius varieornatus],hypothetical protein RvY_04686-1,TRUE,exact_gene,NA,NA,NA
RvY_19025-1,Pooled-only,RvY_19025,"lcl|BDGG01000023.1_cds_GAV09488.1_22385 [gene=RvY_19025-1] [locus_tag=RvY_19025] [protein=hypothetical protein] [protein_id=GAV09488.1] [location=join(62734..62794,62857..62908,63003..63580,63680..65046)] [gbkey=CDS]",lcl|BDGG01000023.1_cds_GAV09488.1_22385,RvY_19025,hypothetical protein,GAV09488.1,RvY_19025,RvY_19025,GAV09488.1 hypothetical protein RvY_19025 [Ramazzottius varieornatus],hypothetical protein RvY_19025,TRUE,exact_gene,NA,NA,NA
RvY_08293-1,Pooled-only,RvY_08293,"lcl|BDGG01000003.1_cds_GAU96926.1_9824 [gene=RvY_08293-1] [locus_tag=RvY_08293] [protein=hypothetical protein] [protein_id=GAU96926.1] [location=complement(join(5214909..5215337,5215555..5215848,5216205..5216709,5217115..5217404,5217766..5217837))] [gbkey=CDS]",lcl|BDGG01000003.1_cds_GAU96926.1_9824,RvY_08293,hypothetical protein,GAU96926.1,RvY_08293,RvY_08293,GAU96926.1 hypothetical protein RvY_08293 [Ramazzottius varieornatus],hypothetical protein RvY_08293,TRUE,exact_gene,NA,NA,NA
RvY_07667-1,Pooled-only,RvY_07667,"lcl|BDGG01000003.1_cds_GAU96184.1_9082 [gene=RvY_07667-1] [locus_tag=RvY_07667] [protein=hypothetical protein] [protein_id=GAU96184.1] [location=complement(join(3465355..3465632,3465998..3466802,3466877..3467173,3467254..3467736,3467810..3468609,3468685..3469033,3469117..3470622,3470932..3471243,3471317..3472230,3472310..3472545,3472605..3472773,3473601..3474027,3474086..3474940,3475027..3475569,3480235..3480332,3480621..3481532,3481849..3482547,3482697..3483278,3483581..3484060,3484375..3485211,3485410..3485656,3485743..3485919,3486062..3486533,3486687..3487363))] [gbkey=CDS]",lcl|BDGG01000003.1_cds_GAU96184.1_9082,RvY_07667,hypothetical protein,GAU96184.1,RvY_07667,RvY_07667,GAU96184.1 hypothetical protein RvY_07667 [Ramazzottius varieornatus],hypothetical protein RvY_07667,TRUE,exact_gene,NA,NA,NA
RvY_14711-1,Pooled-only,RvY_14711,"lcl|BDGG01000010.1_cds_GAV04436.1_17333 [gene=RvY_14711-1] [locus_tag=RvY_14711] [protein=hypothetical protein] [protein_id=GAV04436.1] [location=complement(join(1825178..1825233,1825320..1825442,1825513..1825603))] [gbkey=CDS]",lcl|BDGG01000010.1_cds_GAV04436.1_17333,RvY_14711,hypothetical protein,GAV04436.1,RvY_14711,RvY_14711,GAV04436.1 hypothetical protein RvY_14711 [Ramazzottius varieornatus],hypothetical protein RvY_14711,TRUE,exact_gene,NA,NA,NA
RvY_18543-1,Pooled-only,RvY_18543,"lcl|BDGG01000019.1_cds_GAV08924.1_21821 [gene=RvY_18543-1] [locus_tag=RvY_18543] [protein=hypothetical protein] [protein_id=GAV08924.1] [location=join(318770..319120,319259..319323,319452..319533,319726..320052,320319..320737,320916..321351,321569..321907)] [gbkey=CDS]",lcl|BDGG01000019.1_cds_GAV08924.1_21821,RvY_18543,hypothetical protein,GAV08924.1,RvY_18543,RvY_18543,GAV08924.1 hypothetical protein RvY_18543 [Ramazzottius varieornatus],hypothetical protein RvY_18543,TRUE,exact_gene,NA,NA,NA
RvY_06939-1,Pooled-only,RvY_06939,"lcl|BDGG01000003.1_cds_GAU95295.1_8193 [gene=RvY_06939-1] [locus_tag=RvY_06939] [protein=hypothetical protein] [protein_id=GAU95295.1] [location=join(1489614..1490016,1490105..1490649)] [gbkey=CDS]",lcl|BDGG01000003.1_cds_GAU95295.1_8193,RvY_06939,hypothetical protein,GAU95295.1,RvY_06939,RvY_06939,GAU95295.1 hypothetical protein RvY_06939 [Ramazzottius varieornatus],hypothetical protein RvY_06939,TRUE,exact_gene,NA,NA,NA
RvY_03835-1,Pooled-only,RvY_03835,"lcl|BDGG01000002.1_cds_GAU91610.1_4508 [gene=RvY_03835-1] [locus_tag=RvY_03835] [protein=hypothetical protein] [protein_id=GAU91610.1] [location=join(1283217..1283346,1283415..1283559,1283835..1284283,1284352..1284800)] [gbkey=CDS]",lcl|BDGG01000002.1_cds_GAU91610.1_4508,RvY_03835,hypothetical protein,GAU91610.1,RvY_03835,RvY_03835,GAU91610.1 hypothetical protein RvY_03835 [Ramazzottius varieornatus],hypothetical protein RvY_03835,TRUE,exact_gene,NA,NA,NA
RvY_11464-1,Pooled-only,RvY_11464,lcl|BDGG01000006.1_cds_GAV00643.1_13540 [gene=RvY_11464-1] [locus_tag=RvY_11464] [protein=hypothetical protein] [protein_id=GAV00643.1] [location=complement(1304197..1304466)] [gbkey=CDS],lcl|BDGG01000006.1_cds_GAV00643.1_13540,RvY_11464,hypothetical protein,GAV00643.1,RvY_11464,RvY_11464,GAV00643.1 hypothetical protein RvY_11464 [Ramazzottius varieornatus],hypothetical protein RvY_11464,TRUE,exact_gene,NA,NA,NA
RvY_18641,Pooled-only,RvY_18641,"lcl|BDGG01000020.1_cds_GAV09037.1_21934 [gene=RvY_18641] [locus_tag=RvY_18641-1] [protein=hypothetical protein] [protein_id=GAV09037.1] [location=complement(join(122586..122623,123291..123425,123529..123672,123741..124011,124068..124347,124418..124509,124849..124947,125053..125274,125361..125489,125556..125797,126015..126192))] [gbkey=CDS]",lcl|BDGG01000020.1_cds_GAV09037.1_21934,RvY_18641-1,hypothetical protein,GAV09037.1,RvY_18641,RvY_18641,GAV09037.1 hypothetical protein RvY_18641-1 [Ramazzottius varieornatus],hypothetical protein RvY_18641-1,TRUE,exact_gene,NA,NA,NA
RvY_03764-1,Pooled-only,RvY_03764,"lcl|BDGG01000002.1_cds_GAU91528.1_4426 [gene=RvY_03764-1] [locus_tag=RvY_03764] [protein=hypothetical protein] [protein_id=GAU91528.1] [location=complement(join(1060836..1060856,1061137..1061303,1061363..1061529,1061593..1061710,1061775..1062040,1062108..1062298,1062614..1062694,1062757..1063190,1063705..1063734,1063819..1063992,1064336..1064562,1065043..1065187,1065247..1065511))] [gbkey=CDS]",lcl|BDGG01000002.1_cds_GAU91528.1_4426,RvY_03764,hypothetical protein,GAU91528.1,RvY_03764,RvY_03764,GAU91528.1 hypothetical protein RvY_03764 [Ramazzottius varieornatus],hypothetical protein RvY_03764,TRUE,exact_gene,NA,NA,NA
RvY_07956-1,Pooled-only,RvY_07956,"lcl|BDGG01000003.1_cds_GAU96525.1_9423 [gene=RvY_07956-1] [locus_tag=RvY_07956] [protein=hypothetical protein] [protein_id=GAU96525.1] [location=complement(join(4190540..4190860,4190922..4191001,4191062..4191105,4191161..4191302,4191374..4191470))] [gbkey=CDS]",lcl|BDGG01000003.1_cds_GAU96525.1_9423,RvY_07956,hypothetical protein,GAU96525.1,RvY_07956,RvY_07956,GAU96525.1 hypothetical protein RvY_07956 [Ramazzottius varieornatus],hypothetical protein RvY_07956,TRUE,exact_gene,NA,NA,NA
RvY_03616,Pooled-only,RvY_03616,"lcl|BDGG01000002.1_cds_GAU91345.1_4243 [gene=RvY_03616] [locus_tag=RvY_03616-1] [protein=hypothetical protein] [protein_id=GAU91345.1] [location=join(675559..676093,676322..676557,676635..676747,676822..677135,677480..677808)] [gbkey=CDS]",lcl|BDGG01000002.1_cds_GAU91345.1_4243,RvY_03616-1,hypothetical protein,GAU91345.1,RvY_03616,RvY_03616,GAU91345.1 hypothetical protein RvY_03616-1 [Ramazzottius varieornatus],hypothetical protein RvY_03616-1,TRUE,exact_gene,NA,NA,NA
RvY_03666-1,Pooled-only,RvY_03666,"lcl|BDGG01000002.1_cds_GAU91408.1_4306 [gene=RvY_03666-1] [locus_tag=RvY_03666] [protein=hypothetical protein] [protein_id=GAU91408.1] [location=complement(join(805040..805057,805135..805304,805575..806582,806751..807087))] [gbkey=CDS]",lcl|BDGG01000002.1_cds_GAU91408.1_4306,RvY_03666,hypothetical protein,GAU91408.1,RvY_03666,RvY_03666,GAU91408.1 hypothetical protein RvY_03666 [Ramazzottius varieornatus],hypothetical protein RvY_03666,TRUE,exact_gene,NA,NA,NA
RvY_12252,Pooled-only,RvY_12252,"lcl|BDGG01000007.1_cds_GAV01557.1_14454 [gene=RvY_12252] [locus_tag=RvY_12252-1] [protein=hypothetical protein] [protein_id=GAV01557.1] [location=complement(join(1163826..1164031,1164310..1164573,1164648..1164827,1164996..1165778,1165880..1166090))] [gbkey=CDS]",lcl|BDGG01000007.1_cds_GAV01557.1_14454,RvY_12252-1,hypothetical protein,GAV01557.1,RvY_12252,RvY_12252,GAV01557.1 hypothetical protein RvY_12252-1 [Ramazzottius varieornatus],hypothetical protein RvY_12252-1,TRUE,exact_gene,NA,NA,NA
RvY_02000-1,Pooled-only,RvY_02000,"lcl|BDGG01000001.1_cds_GAU89451.1_2349 [gene=RvY_02000-1] [locus_tag=RvY_02000] [protein=hypothetical protein] [protein_id=GAU89451.1] [location=join(5612466..5613005,5613181..5613783)] [gbkey=CDS]",lcl|BDGG01000001.1_cds_GAU89451.1_2349,RvY_02000,hypothetical protein,GAU89451.1,RvY_02000,RvY_02000,GAU89451.1 hypothetical protein RvY_02000 [Ramazzottius varieornatus],hypothetical protein RvY_02000,TRUE,exact_gene,NA,NA,NA
RvY_00970-1,Pooled-only,RvY_00970,"lcl|BDGG01000001.1_cds_GAU88230.1_1128 [gene=RvY_00970-1] [locus_tag=RvY_00970] [protein=hypothetical protein] [protein_id=GAU88230.1] [location=complement(join(2685822..2686112,2686378..2686687,2686759..2686872,2686936..2687015,2687094..2687198,2687257..2687332,2687427..2687613,2687680..2688513,2688927..2689257))] [gbkey=CDS]",lcl|BDGG01000001.1_cds_GAU88230.1_1128,RvY_00970,hypothetical protein,GAU88230.1,RvY_00970,RvY_00970,GAU88230.1 hypothetical protein RvY_00970 [Ramazzottius varieornatus],hypothetical protein RvY_00970,TRUE,exact_gene,NA,NA,NA
RvY_17052-1,Pooled-only,RvY_17052,"lcl|BDGG01000014.1_cds_GAV07179.1_20076 [gene=RvY_17052-1] [locus_tag=RvY_17052] [protein=hypothetical protein] [protein_id=GAV07179.1] [location=complement(join(1292124..1292283,1292347..1292413,1292477..1292914,1292986..1293175))] [gbkey=CDS]",lcl|BDGG01000014.1_cds_GAV07179.1_20076,RvY_17052,hypothetical protein,GAV07179.1,RvY_17052,RvY_17052,GAV07179.1 hypothetical protein RvY_17052 [Ramazzottius varieornatus],hypothetical protein RvY_17052,TRUE,exact_gene,NA,NA,NA
RvY_11038-1,Pooled-only,RvY_11038,"lcl|BDGG01000006.1_cds_GAV00150.1_13047 [gene=RvY_11038-1] [locus_tag=RvY_11038] [protein=hypothetical protein] [protein_id=GAV00150.1] [location=join(71673..71741,71873..72290,72412..72860)] [gbkey=CDS]",lcl|BDGG01000006.1_cds_GAV00150.1_13047,RvY_11038,hypothetical protein,GAV00150.1,RvY_11038,RvY_11038,GAV00150.1 hypothetical protein RvY_11038 [Ramazzottius varieornatus],hypothetical protein RvY_11038,TRUE,exact_gene,NA,NA,NA
RvY_06258-1,Pooled-only,RvY_06258,"lcl|BDGG01000002.1_cds_GAU94489.1_7387 [gene=RvY_06258-1] [locus_tag=RvY_06258] [protein=hypothetical protein] [protein_id=GAU94489.1] [location=join(8546340..8546756,8547025..8547666)] [gbkey=CDS]",lcl|BDGG01000002.1_cds_GAU94489.1_7387,RvY_06258,hypothetical protein,GAU94489.1,RvY_06258,RvY_06258,GAU94489.1 hypothetical protein RvY_06258 [Ramazzottius varieornatus],hypothetical protein RvY_06258,TRUE,exact_gene,NA,NA,NA
RvY_16564-1,Pooled-only,RvY_16564,"lcl|BDGG01000013.1_cds_GAV06602.1_19499 [gene=RvY_16564-1] [locus_tag=RvY_16564] [protein=hypothetical protein] [protein_id=GAV06602.1] [location=complement(join(1574702..1574811,1574879..1574977,1575069..1575255))] [gbkey=CDS]",lcl|BDGG01000013.1_cds_GAV06602.1_19499,RvY_16564,hypothetical protein,GAV06602.1,RvY_16564,RvY_16564,GAV06602.1 hypothetical protein RvY_16564 [Ramazzottius varieornatus],hypothetical protein RvY_16564,TRUE,exact_gene,NA,NA,NA
RvY_12219-1,Pooled-only,RvY_12219,lcl|BDGG01000007.1_cds_GAV01520.1_14417 [gene=RvY_12219-1] [locus_tag=RvY_12219] [protein=hypothetical protein] [protein_id=GAV01520.1] [location=complement(1079215..1079523)] [gbkey=CDS],lcl|BDGG01000007.1_cds_GAV01520.1_14417,RvY_12219,hypothetical protein,GAV01520.1,RvY_12219,RvY_12219,GAV01520.1 hypothetical protein RvY_12219 [Ramazzottius varieornatus],hypothetical protein RvY_12219,TRUE,exact_gene,NA,NA,NA
RvY_08284-1,Pooled-only,RvY_08284,"lcl|BDGG01000003.1_cds_GAU96915.1_9813 [gene=RvY_08284-1] [locus_tag=RvY_08284] [protein=hypothetical protein] [protein_id=GAU96915.1] [location=complement(join(5198680..5198786,5198868..5198985,5199073..5199237,5199321..5199363,5199432..5199589,5199666..5199775,5199839..5199947))] [gbkey=CDS]",lcl|BDGG01000003.1_cds_GAU96915.1_9813,RvY_08284,hypothetical protein,GAU96915.1,RvY_08284,RvY_08284,GAU96915.1 hypothetical protein RvY_08284 [Ramazzottius varieornatus],hypothetical protein RvY_08284,TRUE,exact_gene,NA,NA,NA
RvY_06831-1,Pooled-only,RvY_06831,"lcl|BDGG01000003.1_cds_GAU95159.1_8057 [gene=RvY_06831-1] [locus_tag=RvY_06831] [protein=hypothetical protein] [protein_id=GAU95159.1] [location=complement(join(1164848..1165023,1165442..1165523))] [gbkey=CDS]",lcl|BDGG01000003.1_cds_GAU95159.1_8057,RvY_06831,hypothetical protein,GAU95159.1,RvY_06831,RvY_06831,GAU95159.1 hypothetical protein RvY_06831 [Ramazzottius varieornatus],hypothetical protein RvY_06831,TRUE,exact_gene,NA,NA,NA
RvY_09023,Pooled-only,RvY_09023,"lcl|BDGG01000004.1_cds_GAU97787.1_10685 [gene=RvY_09023] [locus_tag=RvY_09023-2] [protein=hypothetical protein] [protein_id=GAU97787.1] [location=complement(join(2052297..2052423,2052517..2052787,2052890..2053305,2053534..2053907))] [gbkey=CDS]",lcl|BDGG01000004.1_cds_GAU97787.1_10685,RvY_09023-2,hypothetical protein,GAU97787.1,RvY_09023,RvY_09023,GAU97787.1 hypothetical protein RvY_09023-2 [Ramazzottius varieornatus],hypothetical protein RvY_09023-2,TRUE,exact_gene,NA,NA,NA
RvY_07331,Pooled-only,RvY_07331,"lcl|BDGG01000003.1_cds_GAU95769.1_8667 [gene=RvY_07331] [locus_tag=RvY_07331-2] [protein=hypothetical protein] [protein_id=GAU95769.1] [location=complement(join(2597861..2599110,2599450..2599878,2600605..2600930,2600998..2601038))] [gbkey=CDS]",lcl|BDGG01000003.1_cds_GAU95769.1_8667,RvY_07331-2,hypothetical protein,GAU95769.1,RvY_07331,RvY_07331,GAU95769.1 hypothetical protein RvY_07331-2 [Ramazzottius varieornatus],hypothetical protein RvY_07331-2,TRUE,exact_gene,NA,NA,NA
RvY_12301-1,Pooled-only,RvY_12301,lcl|BDGG01000007.1_cds_GAV01615.1_14512 [gene=RvY_12301-1] [locus_tag=RvY_12301] [protein=hypothetical protein] [protein_id=GAV01615.1] [location=complement(1315318..1316184)] [gbkey=CDS],lcl|BDGG01000007.1_cds_GAV01615.1_14512,RvY_12301,hypothetical protein,GAV01615.1,RvY_12301,RvY_12301,GAV01615.1 hypothetical protein RvY_12301 [Ramazzottius varieornatus],hypothetical protein RvY_12301,TRUE,exact_gene,NA,NA,NA
RvY_15280-2,Pooled-only,RvY_15280,"lcl|BDGG01000011.1_cds_GAV05101.1_17998 [gene=RvY_15280-2] [locus_tag=RvY_15280] [protein=hypothetical protein] [protein_id=GAV05101.1] [location=join(1617289..1618224,1618315..1618527)] [gbkey=CDS]",lcl|BDGG01000011.1_cds_GAV05101.1_17998,RvY_15280,hypothetical protein,GAV05101.1,RvY_15280,RvY_15280,GAV05101.1 hypothetical protein RvY_15280 [Ramazzottius varieornatus],hypothetical protein RvY_15280,TRUE,exact_gene,NA,NA,NA
RvY_10068-1,Pooled-only,RvY_10068,"lcl|BDGG01000005.1_cds_GAU99006.1_11904 [gene=RvY_10068-1] [locus_tag=RvY_10068] [protein=hypothetical protein] [protein_id=GAU99006.1] [location=complement(join(710724..711227,711379..711852))] [gbkey=CDS]",lcl|BDGG01000005.1_cds_GAU99006.1_11904,RvY_10068,hypothetical protein,GAU99006.1,RvY_10068,RvY_10068,GAU99006.1 hypothetical protein RvY_10068 [Ramazzottius varieornatus],hypothetical protein RvY_10068,TRUE,exact_gene,NA,NA,NA
RvY_15025-1,Pooled-only,RvY_15025,"lcl|BDGG01000011.1_cds_GAV04801.1_17698 [gene=RvY_15025-1] [locus_tag=RvY_15025] [protein=hypothetical protein] [protein_id=GAV04801.1] [location=join(830157..830202,830434..830540,830685..831251)] [gbkey=CDS]",lcl|BDGG01000011.1_cds_GAV04801.1_17698,RvY_15025,hypothetical protein,GAV04801.1,RvY_15025,RvY_15025,GAV04801.1 hypothetical protein RvY_15025 [Ramazzottius varieornatus],hypothetical protein RvY_15025,TRUE,exact_gene,NA,NA,NA
RvY_11696-1,Pooled-only,RvY_11696,lcl|BDGG01000006.1_cds_GAV00913.1_13810 [gene=RvY_11696-1] [locus_tag=RvY_11696] [protein=HSP70-9] [protein_id=GAV00913.1] [location=2022765..2023115] [gbkey=CDS],lcl|BDGG01000006.1_cds_GAV00913.1_13810,RvY_11696,HSP70-9,GAV00913.1,RvY_11696,RvY_11696,GAV00913.1 HSP70-9 [Ramazzottius varieornatus],HSP70-9,TRUE,exact_gene,NA,NA,NA
RvY_11995,Pooled-only,RvY_11995,"lcl|BDGG01000007.1_cds_GAV01255.1_14152 [gene=RvY_11995] [locus_tag=RvY_11995-1] [protein=hypothetical protein] [protein_id=GAV01255.1] [location=join(360230..360556,360667..360804,360879..361355)] [gbkey=CDS]",lcl|BDGG01000007.1_cds_GAV01255.1_14152,RvY_11995-1,hypothetical protein,GAV01255.1,RvY_11995,RvY_11995,GAV01255.1 hypothetical protein RvY_11995-1 [Ramazzottius varieornatus],hypothetical protein RvY_11995-1,TRUE,exact_gene,NA,NA,NA
RvY_01193-1,Pooled-only,RvY_01193,"lcl|BDGG01000001.1_cds_GAU88506.1_1404 [gene=RvY_01193-1] [locus_tag=RvY_01193] [protein=hypothetical protein] [protein_id=GAU88506.1] [location=join(3451379..3451465,3451620..3452601,3452681..3454264,3454383..3454647,3454724..3454867,3454944..3455346)] [gbkey=CDS]",lcl|BDGG01000001.1_cds_GAU88506.1_1404,RvY_01193,hypothetical protein,GAU88506.1,RvY_01193,RvY_01193,GAU88506.1 hypothetical protein RvY_01193 [Ramazzottius varieornatus],hypothetical protein RvY_01193,TRUE,exact_gene,NA,NA,NA
RvY_12015-1,Pooled-only,RvY_12015,"lcl|BDGG01000007.1_cds_GAV01278.1_14175 [gene=RvY_12015-1] [locus_tag=RvY_12015] [protein=hypothetical protein] [protein_id=GAV01278.1] [location=join(426920..427520,427582..428384)] [gbkey=CDS]",lcl|BDGG01000007.1_cds_GAV01278.1_14175,RvY_12015,hypothetical protein,GAV01278.1,RvY_12015,RvY_12015,GAV01278.1 hypothetical protein RvY_12015 [Ramazzottius varieornatus],hypothetical protein RvY_12015,TRUE,exact_gene,NA,NA,NA
RvY_06816-1,Pooled-only,RvY_06816,lcl|BDGG01000003.1_cds_GAU95141.1_8039 [gene=RvY_06816-1] [locus_tag=RvY_06816] [protein=hypothetical protein] [protein_id=GAU95141.1] [location=complement(1121825..1122367)] [gbkey=CDS],lcl|BDGG01000003.1_cds_GAU95141.1_8039,RvY_06816,hypothetical protein,GAU95141.1,RvY_06816,RvY_06816,GAU95141.1 hypothetical protein RvY_06816 [Ramazzottius varieornatus],hypothetical protein RvY_06816,TRUE,exact_gene,NA,NA,NA
RvY_14820-1,Pooled-only,RvY_14820,lcl|BDGG01000011.1_cds_GAV04553.1_17450 [gene=RvY_14820-1] [locus_tag=RvY_14820] [protein=hypothetical protein] [protein_id=GAV04553.1] [location=complement(246213..246899)] [gbkey=CDS],lcl|BDGG01000011.1_cds_GAV04553.1_17450,RvY_14820,hypothetical protein,GAV04553.1,RvY_14820,RvY_14820,GAV04553.1 hypothetical protein RvY_14820 [Ramazzottius varieornatus],hypothetical protein RvY_14820,TRUE,exact_gene,NA,NA,NA
RvY_13094-1,Pooled-only,RvY_13094,"lcl|BDGG01000008.1_cds_GAV02547.1_15444 [gene=RvY_13094-1] [locus_tag=RvY_13094] [protein=hypothetical protein] [protein_id=GAV02547.1] [location=join(1147996..1148088,1148189..1148300,1148400..1148563,1148643..1148895,1148955..1149079,1149156..1149446)] [gbkey=CDS]",lcl|BDGG01000008.1_cds_GAV02547.1_15444,RvY_13094,hypothetical protein,GAV02547.1,RvY_13094,RvY_13094,GAV02547.1 hypothetical protein RvY_13094 [Ramazzottius varieornatus],hypothetical protein RvY_13094,TRUE,exact_gene,NA,NA,NA
RvY_15289,Pooled-only,RvY_15289,"lcl|BDGG01000011.1_cds_GAV05112.1_18009 [gene=RvY_15289] [locus_tag=RvY_15289-2] [protein=hypothetical protein] [protein_id=GAV05112.1] [location=complement(join(1660316..1660369,1660449..1660706))] [gbkey=CDS]",lcl|BDGG01000011.1_cds_GAV05112.1_18009,RvY_15289-2,hypothetical protein,GAV05112.1,RvY_15289,RvY_15289,GAV05112.1 hypothetical protein RvY_15289-2 [Ramazzottius varieornatus],hypothetical protein RvY_15289-2,TRUE,exact_gene,NA,NA,NA
RvY_04381-1,Pooled-only,RvY_04381,"lcl|BDGG01000002.1_cds_GAU92281.1_5179 [gene=RvY_04381-1] [locus_tag=RvY_04381] [protein=hypothetical protein] [protein_id=GAU92281.1] [location=complement(join(2851659..2851880,2851961..2852088,2852156..2852270,2852350..2852565,2852630..2852817,2852890..2853168,2853233..2853357,2853564..2853799,2853870..2853968,2854040..2854057))] [gbkey=CDS]",lcl|BDGG01000002.1_cds_GAU92281.1_5179,RvY_04381,hypothetical protein,GAU92281.1,RvY_04381,RvY_04381,GAU92281.1 hypothetical protein RvY_04381 [Ramazzottius varieornatus],hypothetical protein RvY_04381,TRUE,exact_gene,NA,NA,NA
RvY_03742-1,Pooled-only,RvY_03742,"lcl|BDGG01000002.1_cds_GAU91503.1_4401 [gene=RvY_03742-1] [locus_tag=RvY_03742] [protein=hypothetical protein] [protein_id=GAU91503.1] [location=join(1007743..1007884,1007976..1008146,1008337..1008390,1008467..1009704)] [gbkey=CDS]",lcl|BDGG01000002.1_cds_GAU91503.1_4401,RvY_03742,hypothetical protein,GAU91503.1,RvY_03742,RvY_03742,GAU91503.1 hypothetical protein RvY_03742 [Ramazzottius varieornatus],hypothetical protein RvY_03742,TRUE,exact_gene,NA,NA,NA
RvY_13852,Pooled-only,RvY_13852,"lcl|BDGG01000009.1_cds_GAV03427.1_16324 [gene=RvY_13852] [locus_tag=RvY_13852-1] [protein=hypothetical protein] [protein_id=GAV03427.1] [location=join(1322907..1323273,1323819..1323851,1323925..1324467,1324704..1324964,1325048..1325233,1325301..1325485)] [gbkey=CDS]",lcl|BDGG01000009.1_cds_GAV03427.1_16324,RvY_13852-1,hypothetical protein,GAV03427.1,RvY_13852,RvY_13852,GAV03427.1 hypothetical protein RvY_13852-1 [Ramazzottius varieornatus],hypothetical protein RvY_13852-1,TRUE,exact_gene,NA,NA,NA
RvY_04920-1,Pooled-only,RvY_04920,"lcl|BDGG01000002.1_cds_GAU92901.1_5799 [gene=RvY_04920-1] [locus_tag=RvY_04920] [protein=hypothetical protein] [protein_id=GAU92901.1] [location=join(4451965..4452268,4452422..4452661,4452721..4452763,4452897..4453023)] [gbkey=CDS]",lcl|BDGG01000002.1_cds_GAU92901.1_5799,RvY_04920,hypothetical protein,GAU92901.1,RvY_04920,RvY_04920,GAU92901.1 hypothetical protein RvY_04920 [Ramazzottius varieornatus],hypothetical protein RvY_04920,TRUE,exact_gene,NA,NA,NA
RvY_12429,Pooled-only,RvY_12429,lcl|BDGG01000007.1_cds_GAV01771.1_14668 [gene=RvY_12429] [locus_tag=RvY_12429-2] [protein=hypothetical protein] [protein_id=GAV01771.1] [location=complement(1675878..1676201)] [gbkey=CDS],lcl|BDGG01000007.1_cds_GAV01771.1_14668,RvY_12429-2,hypothetical protein,GAV01771.1,RvY_12429,RvY_12429,GAV01771.1 hypothetical protein RvY_12429-2 [Ramazzottius varieornatus],hypothetical protein RvY_12429-2,TRUE,exact_gene,NA,NA,NA
RvY_15500-1,Pooled-only,RvY_15500,"lcl|BDGG01000012.1_cds_GAV05352.1_18249 [gene=RvY_15500-1] [locus_tag=RvY_15500] [protein=hypothetical protein] [protein_id=GAV05352.1] [location=complement(join(405989..406235,406714..406909,406974..407334))] [gbkey=CDS]",lcl|BDGG01000012.1_cds_GAV05352.1_18249,RvY_15500,hypothetical protein,GAV05352.1,RvY_15500,RvY_15500,GAV05352.1 hypothetical protein RvY_15500 [Ramazzottius varieornatus],hypothetical protein RvY_15500,TRUE,exact_gene,NA,NA,NA
RvY_02784-1,Pooled-only,RvY_02784,"lcl|BDGG01000001.1_cds_GAU90360.1_3258 [gene=RvY_02784-1] [locus_tag=RvY_02784] [protein=hypothetical protein] [protein_id=GAU90360.1] [location=complement(join(7791374..7791531,7791599..7791786,7792086..7792608,7792679..7792922))] [gbkey=CDS]",lcl|BDGG01000001.1_cds_GAU90360.1_3258,RvY_02784,hypothetical protein,GAU90360.1,RvY_02784,RvY_02784,GAU90360.1 hypothetical protein RvY_02784 [Ramazzottius varieornatus],hypothetical protein RvY_02784,TRUE,exact_gene,NA,NA,NA
RvY_13156-1,Pooled-only,RvY_13156,"lcl|BDGG01000008.1_cds_GAV02615.1_15512 [gene=RvY_13156-1] [locus_tag=RvY_13156] [protein=hypothetical protein] [protein_id=GAV02615.1] [location=join(1306191..1306401,1306516..1306659,1306765..1307511,1308549..1308739)] [gbkey=CDS]",lcl|BDGG01000008.1_cds_GAV02615.1_15512,RvY_13156,hypothetical protein,GAV02615.1,RvY_13156,RvY_13156,GAV02615.1 hypothetical protein RvY_13156 [Ramazzottius varieornatus],hypothetical protein RvY_13156,TRUE,exact_gene,NA,NA,NA
RvY_00438-1,Pooled-only,RvY_00438,lcl|BDGG01000001.1_cds_GAU87619.1_517 [gene=RvY_00438-1] [locus_tag=RvY_00438] [protein=hypothetical protein] [protein_id=GAU87619.1] [location=complement(1269578..1270027)] [gbkey=CDS],lcl|BDGG01000001.1_cds_GAU87619.1_517,RvY_00438,hypothetical protein,GAU87619.1,RvY_00438,RvY_00438,GAU87619.1 hypothetical protein RvY_00438 [Ramazzottius varieornatus],hypothetical protein RvY_00438,TRUE,exact_gene,NA,NA,NA
